Time,ROOM_1_D6D5A8F1:SHENZHEN ANN HTG 99.6% CONDNS DB:Des Heat Load [W],ROOM_1_D6D5A8F1:SHENZHEN ANN CLG .4% CONDNS DB=>MWB:Des Sens Cool Load [W],ROOM_1_D6D5A8F1:SHENZHEN ANN HTG 99.6% CONDNS DB:Des Heat Mass Flow [kg/s],ROOM_1_D6D5A8F1:SHENZHEN ANN CLG .4% CONDNS DB=>MWB:Des Cool Mass Flow [kg/s],ROOM_1_D6D5A8F1::Des Latent Heat Load [W],ROOM_1_D6D5A8F1::Des Latent Cool Load [W],ROOM_1_D6D5A8F1::Des Latent Heat Mass Flow [kg/s],ROOM_1_D6D5A8F1::Des Latent Cool Mass Flow [kg/s],ROOM_1_D6D5A8F1::Des Heat Load No DOAS [W],ROOM_1_D6D5A8F1::Des Sens Cool Load No DOAS [W],ROOM_1_D6D5A8F1::Des Latent Heat Load No DOAS [W],ROOM_1_D6D5A8F1::Des Latent Cool Load No DOAS [W],ROOM_1_D6D5A8F1:SHENZHEN ANN HTG 99.6% CONDNS DB:Heating Zone Temperature [C],ROOM_1_D6D5A8F1:SHENZHEN ANN HTG 99.6% CONDNS DB:Heating Zone Relative Humidity [%],ROOM_1_D6D5A8F1:SHENZHEN ANN CLG .4% CONDNS DB=>MWB:Cooling Zone Temperature [C],ROOM_1_D6D5A8F1:SHENZHEN ANN CLG .4% CONDNS DB=>MWB:Cooling Zone Relative Humidity [%]
00:10:00,2.107362E+02,5.599332E+02,8.469436E-03,4.322367E-02,0.000000E+00,0.000000E+00,0.000000E+00,0.000000E+00,0.000000E+00,0.000000E+00,0.000000E+00,0.000000E+00,1.559883E+01,6.066709E+01,2.669216E+01,5.567689E+01
00:20:00,2.230641E+02,5.631785E+02,8.964856E-03,4.347450E-02,0.000000E+00,0.000000E+00,0.000000E+00,0.000000E+00,0.000000E+00,0.000000E+00,0.000000E+00,0.000000E+00,1.559878E+01,6.062772E+01,2.669220E+01,5.561374E+01
00:30:00,2.343993E+02,5.650644E+02,9.420385E-03,4.362021E-02,0.000000E+00,0.000000E+00,0.000000E+00,0.000000E+00,0.000000E+00,0.000000E+00,0.000000E+00,0.000000E+00,1.559873E+01,6.062844E+01,2.669222E+01,5.555570E+01
00:40:00,2.456980E+02,5.658345E+02,9.874454E-03,4.367968E-02,0.000000E+00,0.000000E+00,0.000000E+00,0.000000E+00,0.000000E+00,0.000000E+00,0.000000E+00,0.000000E+00,1.559868E+01,6.065849E+01,2.669225E+01,5.551126E+01
00:50:00,2.558760E+02,5.656860E+02,1.028348E-02,4.366818E-02,0.000000E+00,0.000000E+00,0.000000E+00,0.000000E+00,0.000000E+00,0.000000E+00,0.000000E+00,0.000000E+00,1.559865E+01,6.070890E+01,2.669228E+01,5.548286E+01
01:00:00,2.649861E+02,5.647874E+02,1.064959E-02,4.359873E-02,0.000000E+00,0.000000E+00,0.000000E+00,0.000000E+00,0.000000E+00,0.000000E+00,0.000000E+00,0.000000E+00,1.559862E+01,6.077267E+01,2.669230E+01,5.546946E+01
01:10:00,2.742605E+02,5.644479E+02,1.102230E-02,4.357243E-02,0.000000E+00,0.000000E+00,0.000000E+00,0.000000E+00,0.000000E+00,0.000000E+00,0.000000E+00,0.000000E+00,1.559859E+01,6.084442E+01,2.669233E+01,5.546892E+01
01:20:00,2.825942E+02,5.636588E+02,1.135721E-02,4.351142E-02,0.000000E+00,0.000000E+00,0.000000E+00,0.000000E+00,0.000000E+00,0.000000E+00,0.000000E+00,0.000000E+00,1.559857E+01,6.092012E+01,2.669235E+01,5.547745E+01
01:30:00,2.900761E+02,5.625148E+02,1.165789E-02,4.342303E-02,0.000000E+00,0.000000E+00,0.000000E+00,0.000000E+00,0.000000E+00,0.000000E+00,0.000000E+00,0.000000E+00,1.559855E+01,6.099678E+01,2.669237E+01,5.549275E+01
01:40:00,2.968100E+02,5.610910E+02,1.192851E-02,4.331305E-02,0.000000E+00,0.000000E+00,0.000000E+00,0.000000E+00,0.000000E+00,0.000000E+00,0.000000E+00,0.000000E+00,1.559854E+01,6.107233E+01,2.669238E+01,5.551383E+01
01:50:00,3.028757E+02,5.594527E+02,1.217228E-02,4.318651E-02,0.000000E+00,0.000000E+00,0.000000E+00,0.000000E+00,0.000000E+00,0.000000E+00,0.000000E+00,0.000000E+00,1.559853E+01,6.114542E+01,2.669240E+01,5.554019E+01
02:00:00,3.083575E+02,5.576533E+02,1.239257E-02,4.304754E-02,0.000000E+00,0.000000E+00,0.000000E+00,0.000000E+00,0.000000E+00,0.000000E+00,0.000000E+00,0.000000E+00,1.559852E+01,6.121520E+01,2.669242E+01,5.557136E+01
02:10:00,3.133314E+02,5.556939E+02,1.259246E-02,4.289623E-02,0.000000E+00,0.000000E+00,0.000000E+00,0.000000E+00,0.000000E+00,0.000000E+00,0.000000E+00,0.000000E+00,1.559851E+01,6.128119E+01,2.669243E+01,5.560677E+01
02:20:00,3.178721E+02,5.536075E+02,1.277494E-02,4.273513E-02,0.000000E+00,0.000000E+00,0.000000E+00,0.000000E+00,0.000000E+00,0.000000E+00,0.000000E+00,0.000000E+00,1.559850E+01,6.134319E+01,2.669244E+01,5.564503E+01
02:30:00,3.220382E+02,5.514143E+02,1.294237E-02,4.256577E-02,0.000000E+00,0.000000E+00,0.000000E+00,0.000000E+00,0.000000E+00,0.000000E+00,0.000000E+00,0.000000E+00,1.559850E+01,6.140117E+01,2.669246E+01,5.568538E+01
02:40:00,3.258793E+02,5.491380E+02,1.309674E-02,4.239000E-02,0.000000E+00,0.000000E+00,0.000000E+00,0.000000E+00,0.000000E+00,0.000000E+00,0.000000E+00,0.000000E+00,1.559849E+01,6.145525E+01,2.669247E+01,5.572775E+01
02:50:00,3.294397E+02,5.468000E+02,1.323982E-02,4.220948E-02,0.000000E+00,0.000000E+00,0.000000E+00,0.000000E+00,0.000000E+00,0.000000E+00,0.000000E+00,0.000000E+00,1.559848E+01,6.150562E+01,2.669248E+01,5.577211E+01
03:00:00,3.327576E+02,5.444144E+02,1.337316E-02,4.202529E-02,0.000000E+00,0.000000E+00,0.000000E+00,0.000000E+00,0.000000E+00,0.000000E+00,0.000000E+00,0.000000E+00,1.559848E+01,6.155251E+01,2.669249E+01,5.581831E+01
03:10:00,3.358660E+02,5.419594E+02,1.349808E-02,4.183573E-02,0.000000E+00,0.000000E+00,0.000000E+00,0.000000E+00,0.000000E+00,0.000000E+00,0.000000E+00,0.000000E+00,1.559847E+01,6.159620E+01,2.669251E+01,5.586613E+01
03:20:00,3.387934E+02,5.394482E+02,1.361573E-02,4.164185E-02,0.000000E+00,0.000000E+00,0.000000E+00,0.000000E+00,0.000000E+00,0.000000E+00,0.000000E+00,0.000000E+00,1.559847E+01,6.163697E+01,2.669252E+01,5.591536E+01
03:30:00,3.415641E+02,5.368976E+02,1.372707E-02,4.144492E-02,0.000000E+00,0.000000E+00,0.000000E+00,0.000000E+00,0.000000E+00,0.000000E+00,0.000000E+00,0.000000E+00,1.559846E+01,6.167508E+01,2.669253E+01,5.596583E+01
03:40:00,3.441987E+02,5.343156E+02,1.383295E-02,4.124556E-02,0.000000E+00,0.000000E+00,0.000000E+00,0.000000E+00,0.000000E+00,0.000000E+00,0.000000E+00,0.000000E+00,1.559846E+01,6.171081E+01,2.669254E+01,5.601738E+01
03:50:00,3.467152E+02,5.317074E+02,1.393408E-02,4.104419E-02,0.000000E+00,0.000000E+00,0.000000E+00,0.000000E+00,0.000000E+00,0.000000E+00,0.000000E+00,0.000000E+00,1.559845E+01,6.174440E+01,2.669255E+01,5.606989E+01
04:00:00,3.491286E+02,5.290783E+02,1.403107E-02,4.084120E-02,0.000000E+00,0.000000E+00,0.000000E+00,0.000000E+00,0.000000E+00,0.000000E+00,0.000000E+00,0.000000E+00,1.559845E+01,6.177607E+01,2.669257E+01,5.612326E+01
04:10:00,3.514519E+02,5.264731E+02,1.412444E-02,4.064006E-02,0.000000E+00,0.000000E+00,0.000000E+00,0.000000E+00,0.000000E+00,0.000000E+00,0.000000E+00,0.000000E+00,1.559845E+01,6.180603E+01,2.669258E+01,5.617738E+01
04:20:00,3.536961E+02,5.238959E+02,1.421463E-02,4.044108E-02,0.000000E+00,0.000000E+00,0.000000E+00,0.000000E+00,0.000000E+00,0.000000E+00,0.000000E+00,0.000000E+00,1.559844E+01,6.183447E+01,2.669259E+01,5.623122E+01
04:30:00,3.558706E+02,5.213501E+02,1.430202E-02,4.024453E-02,0.000000E+00,0.000000E+00,0.000000E+00,0.000000E+00,0.000000E+00,0.000000E+00,0.000000E+00,0.000000E+00,1.559844E+01,6.186155E+01,2.669259E+01,5.628436E+01
04:40:00,3.579835E+02,5.188391E+02,1.438693E-02,4.005066E-02,0.000000E+00,0.000000E+00,0.000000E+00,0.000000E+00,0.000000E+00,0.000000E+00,0.000000E+00,0.000000E+00,1.559843E+01,6.188743E+01,2.669260E+01,5.633692E+01
04:50:00,3.600416E+02,5.163654E+02,1.446964E-02,3.985969E-02,0.000000E+00,0.000000E+00,0.000000E+00,0.000000E+00,0.000000E+00,0.000000E+00,0.000000E+00,0.000000E+00,1.559843E+01,6.191224E+01,2.669261E+01,5.638919E+01
05:00:00,3.620508E+02,5.139317E+02,1.455038E-02,3.967179E-02,0.000000E+00,0.000000E+00,0.000000E+00,0.000000E+00,0.000000E+00,0.000000E+00,0.000000E+00,0.000000E+00,1.559842E+01,6.193609E+01,2.669262E+01,5.644139E+01
05:10:00,4.959152E+02,5.749889E+02,2.019509E-02,4.476648E-02,0.000000E+00,0.000000E+00,0.000000E+00,0.000000E+00,0.000000E+00,0.000000E+00,0.000000E+00,0.000000E+00,1.736166E+01,5.632801E+01,2.606234E+01,5.748541E+01
05:20:00,5.028158E+02,5.855603E+02,2.071204E-02,4.621971E-02,0.000000E+00,0.000000E+00,0.000000E+00,0.000000E+00,0.000000E+00,0.000000E+00,0.000000E+00,0.000000E+00,1.759937E+01,5.596086E+01,2.569562E+01,5.753148E+01
05:30:00,5.965085E+02,6.286004E+02,2.502963E-02,5.039244E-02,0.000000E+00,0.000000E+00,0.000000E+00,0.000000E+00,0.000000E+00,0.000000E+00,0.000000E+00,0.000000E+00,1.759866E+01,5.630629E+01,2.569326E+01,5.687969E+01
05:40:00,6.621064E+02,6.621039E+02,2.811810E-02,5.376509E-02,0.000000E+00,0.000000E+00,0.000000E+00,0.000000E+00,0.000000E+00,0.000000E+00,0.000000E+00,0.000000E+00,1.759707E+01,5.678188E+01,2.569131E+01,5.611196E+01
05:50:00,7.247145E+02,6.936788E+02,3.107698E-02,5.697282E-02,0.000000E+00,0.000000E+00,0.000000E+00,0.000000E+00,0.000000E+00,0.000000E+00,0.000000E+00,0.000000E+00,1.759761E+01,5.705858E+01,2.569205E+01,5.573210E+01
06:00:00,7.843430E+02,7.240160E+02,3.390660E-02,6.007387E-02,0.000000E+00,0.000000E+00,0.000000E+00,0.000000E+00,0.000000E+00,0.000000E+00,0.000000E+00,0.000000E+00,1.759776E+01,5.719278E+01,2.569242E+01,5.563632E+01
06:10:00,8.051921E+02,7.322424E+02,3.562954E-02,6.160505E-02,0.000000E+00,0.000000E+00,0.000000E+00,0.000000E+00,0.000000E+00,0.000000E+00,0.000000E+00,0.000000E+00,1.931023E+01,5.223089E+01,2.538362E+01,5.586875E+01
06:20:00,8.326058E+02,7.597821E+02,3.723384E-02,6.456959E-02,0.000000E+00,0.000000E+00,0.000000E+00,0.000000E+00,0.000000E+00,0.000000E+00,0.000000E+00,0.000000E+00,1.959948E+01,5.190743E+01,2.500143E+01,5.471606E+01
06:30:00,8.491404E+02,7.754857E+02,3.868909E-02,6.665530E-02,0.000000E+00,0.000000E+00,0.000000E+00,0.000000E+00,0.000000E+00,0.000000E+00,0.000000E+00,0.000000E+00,1.959882E+01,5.235372E+01,2.499463E+01,5.296706E+01
06:40:00,8.656892E+02,7.952847E+02,4.002600E-02,6.905218E-02,0.000000E+00,0.000000E+00,0.000000E+00,0.000000E+00,0.000000E+00,0.000000E+00,0.000000E+00,0.000000E+00,1.959808E+01,5.302430E+01,2.499389E+01,5.102700E+01
06:50:00,8.797487E+02,8.161146E+02,4.123184E-02,7.152789E-02,0.000000E+00,0.000000E+00,0.000000E+00,0.000000E+00,0.000000E+00,0.000000E+00,0.000000E+00,0.000000E+00,1.959857E+01,5.347374E+01,2.499502E+01,4.988605E+01
07:00:00,8.921636E+02,8.379784E+02,4.234723E-02,7.408646E-02,0.000000E+00,0.000000E+00,0.000000E+00,0.000000E+00,0.000000E+00,0.000000E+00,0.000000E+00,0.000000E+00,1.959882E+01,5.375487E+01,2.499579E+01,4.931789E+01
07:10:00,9.027429E+02,8.862870E+02,4.381319E-02,7.978835E-02,0.000000E+00,0.000000E+00,0.000000E+00,0.000000E+00,0.000000E+00,0.000000E+00,0.000000E+00,0.000000E+00,2.069610E+01,5.060938E+01,2.437866E+01,5.036213E+01
07:20:00,9.530606E+02,9.148859E+02,4.674382E-02,8.370134E-02,0.000000E+00,0.000000E+00,0.000000E+00,0.000000E+00,0.000000E+00,0.000000E+00,0.000000E+00,0.000000E+00,2.099967E+01,4.985142E+01,2.399887E+01,5.088902E+01
07:30:00,9.715581E+02,9.538230E+02,4.830226E-02,8.880309E-02,0.000000E+00,0.000000E+00,0.000000E+00,0.000000E+00,0.000000E+00,0.000000E+00,0.000000E+00,0.000000E+00,2.099923E+01,4.994418E+01,2.399716E+01,5.055793E+01
07:40:00,9.997145E+02,9.896075E+02,5.026106E-02,9.354404E-02,0.000000E+00,0.000000E+00,0.000000E+00,0.000000E+00,0.000000E+00,0.000000E+00,0.000000E+00,0.000000E+00,2.099901E+01,5.009364E+01,2.399658E+01,5.017509E+01
07:50:00,1.027791E+03,1.024775E+03,5.219736E-02,9.821379E-02,0.000000E+00,0.000000E+00,0.000000E+00,0.000000E+00,0.000000E+00,0.000000E+00,0.000000E+00,0.000000E+00,2.099915E+01,5.018551E+01,2.399684E+01,4.999586E+01
08:00:00,1.056210E+03,1.059500E+03,5.413605E-02,1.028353E-01,0.000000E+00,0.000000E+00,0.000000E+00,0.000000E+00,0.000000E+00,0.000000E+00,0.000000E+00,0.000000E+00,2.099923E+01,5.023227E+01,2.399701E+01,4.994711E+01
08:10:00,9.898443E+02,1.026167E+03,5.108799E-02,1.005693E-01,0.000000E+00,0.000000E+00,0.000000E+00,0.000000E+00,0.000000E+00,0.000000E+00,0.000000E+00,0.000000E+00,2.099927E+01,5.025116E+01,2.399708E+01,4.995112E+01
08:20:00,1.001216E+03,1.043790E+03,5.167478E-02,1.022992E-01,0.000000E+00,0.000000E+00,0.000000E+00,0.000000E+00,0.000000E+00,0.000000E+00,0.000000E+00,0.000000E+00,2.099930E+01,5.025518E+01,2.399709E+01,4.996493E+01
08:30:00,9.660402E+02,1.030766E+03,4.985929E-02,1.010228E-01,0.000000E+00,0.000000E+00,0.000000E+00,0.000000E+00,0.000000E+00,0.000000E+00,0.000000E+00,0.000000E+00,2.099931E+01,5.025176E+01,2.399709E+01,4.997429E+01
08:40:00,9.472219E+02,1.026849E+03,4.888818E-02,1.006381E-01,0.000000E+00,0.000000E+00,0.000000E+00,0.000000E+00,0.000000E+00,0.000000E+00,0.000000E+00,0.000000E+00,2.099932E+01,5.024459E+01,2.399709E+01,4.997792E+01
08:50:00,9.322014E+02,1.025126E+03,4.811301E-02,1.004689E-01,0.000000E+00,0.000000E+00,0.000000E+00,0.000000E+00,0.000000E+00,0.000000E+00,0.000000E+00,0.000000E+00,2.099932E+01,5.023554E+01,2.399708E+01,4.997742E+01
09:00:00,9.199420E+02,1.024850E+03,4.748032E-02,1.004417E-01,0.000000E+00,0.000000E+00,0.000000E+00,0.000000E+00,0.000000E+00,0.000000E+00,0.000000E+00,0.000000E+00,2.099932E+01,5.022567E+01,2.399708E+01,4.997376E+01
09:10:00,9.098604E+02,1.025684E+03,4.696000E-02,1.005234E-01,0.000000E+00,0.000000E+00,0.000000E+00,0.000000E+00,0.000000E+00,0.000000E+00,0.000000E+00,0.000000E+00,2.099932E+01,5.021566E+01,2.399707E+01,4.996725E+01
09:20:00,9.014970E+02,1.027400E+03,4.652836E-02,1.006916E-01,0.000000E+00,0.000000E+00,0.000000E+00,0.000000E+00,0.000000E+00,0.000000E+00,0.000000E+00,0.000000E+00,2.099932E+01,5.020594E+01,2.399707E+01,4.995825E+01
09:30:00,8.945182E+02,1.029818E+03,4.616817E-02,1.009286E-01,0.000000E+00,0.000000E+00,0.000000E+00,0.000000E+00,0.000000E+00,0.000000E+00,0.000000E+00,0.000000E+00,2.099932E+01,5.019680E+01,2.399707E+01,4.994706E+01
09:40:00,8.886407E+02,1.032818E+03,4.586482E-02,1.012227E-01,0.000000E+00,0.000000E+00,0.000000E+00,0.000000E+00,0.000000E+00,0.000000E+00,0.000000E+00,0.000000E+00,2.099932E+01,5.018835E+01,2.399706E+01,4.993396E+01
09:50:00,8.836512E+02,1.036225E+03,4.560730E-02,1.015566E-01,0.000000E+00,0.000000E+00,0.000000E+00,0.000000E+00,0.000000E+00,0.000000E+00,0.000000E+00,0.000000E+00,2.099932E+01,5.018066E+01,2.399706E+01,4.991913E+01
10:00:00,8.793817E+02,1.039930E+03,4.538693E-02,1.019198E-01,0.000000E+00,0.000000E+00,0.000000E+00,0.000000E+00,0.000000E+00,0.000000E+00,0.000000E+00,0.000000E+00,2.099931E+01,5.017370E+01,2.399706E+01,4.990317E+01
10:10:00,8.756964E+02,1.043836E+03,4.519672E-02,1.023027E-01,0.000000E+00,0.000000E+00,0.000000E+00,0.000000E+00,0.000000E+00,0.000000E+00,0.000000E+00,0.000000E+00,2.099931E+01,5.016744E+01,2.399706E+01,4.988659E+01
10:20:00,8.724862E+02,1.047868E+03,4.503104E-02,1.026978E-01,0.000000E+00,0.000000E+00,0.000000E+00,0.000000E+00,0.000000E+00,0.000000E+00,0.000000E+00,0.000000E+00,2.099931E+01,5.016181E+01,2.399706E+01,4.986994E+01
10:30:00,8.696637E+02,1.051958E+03,4.488535E-02,1.030986E-01,0.000000E+00,0.000000E+00,0.000000E+00,0.000000E+00,0.000000E+00,0.000000E+00,0.000000E+00,0.000000E+00,2.099931E+01,5.015676E+01,2.399706E+01,4.985342E+01
10:40:00,8.671580E+02,1.056034E+03,4.475603E-02,1.034982E-01,0.000000E+00,0.000000E+00,0.000000E+00,0.000000E+00,0.000000E+00,0.000000E+00,0.000000E+00,0.000000E+00,2.099931E+01,5.015222E+01,2.399707E+01,4.983706E+01
10:50:00,8.649124E+02,1.060106E+03,4.464013E-02,1.038972E-01,0.000000E+00,0.000000E+00,0.000000E+00,0.000000E+00,0.000000E+00,0.000000E+00,0.000000E+00,0.000000E+00,2.099931E+01,5.014811E+01,2.399707E+01,4.982080E+01
11:00:00,8.628808E+02,1.064239E+03,4.453527E-02,1.043022E-01,0.000000E+00,0.000000E+00,0.000000E+00,0.000000E+00,0.000000E+00,0.000000E+00,0.000000E+00,0.000000E+00,2.099931E+01,5.014440E+01,2.399707E+01,4.980467E+01
11:10:00,8.610337E+02,1.068429E+03,4.443993E-02,1.047129E-01,0.000000E+00,0.000000E+00,0.000000E+00,0.000000E+00,0.000000E+00,0.000000E+00,0.000000E+00,0.000000E+00,2.099931E+01,5.014101E+01,2.399707E+01,4.978816E+01
11:20:00,8.593394E+02,1.072692E+03,4.435249E-02,1.051307E-01,0.000000E+00,0.000000E+00,0.000000E+00,0.000000E+00,0.000000E+00,0.000000E+00,0.000000E+00,0.000000E+00,2.099931E+01,5.013792E+01,2.399707E+01,4.977146E+01
11:30:00,8.577707E+02,1.077030E+03,4.427152E-02,1.055558E-01,0.000000E+00,0.000000E+00,0.000000E+00,0.000000E+00,0.000000E+00,0.000000E+00,0.000000E+00,0.000000E+00,2.099931E+01,5.013509E+01,2.399707E+01,4.975470E+01
11:40:00,8.563064E+02,1.081434E+03,4.419594E-02,1.059874E-01,0.000000E+00,0.000000E+00,0.000000E+00,0.000000E+00,0.000000E+00,0.000000E+00,0.000000E+00,0.000000E+00,2.099931E+01,5.013248E+01,2.399707E+01,4.973794E+01
11:50:00,8.549292E+02,1.085887E+03,4.412486E-02,1.064238E-01,0.000000E+00,0.000000E+00,0.000000E+00,0.000000E+00,0.000000E+00,0.000000E+00,0.000000E+00,0.000000E+00,2.099931E+01,5.013004E+01,2.399707E+01,4.972126E+01
12:00:00,8.536252E+02,1.090281E+03,4.405756E-02,1.068544E-01,0.000000E+00,0.000000E+00,0.000000E+00,0.000000E+00,0.000000E+00,0.000000E+00,0.000000E+00,0.000000E+00,2.099930E+01,5.012776E+01,2.399707E+01,4.970484E+01
12:10:00,8.523753E+02,1.094580E+03,4.399304E-02,1.072757E-01,0.000000E+00,0.000000E+00,0.000000E+00,0.000000E+00,0.000000E+00,0.000000E+00,0.000000E+00,0.000000E+00,2.099930E+01,5.012560E+01,2.399708E+01,4.968886E+01
12:20:00,8.511714E+02,1.098736E+03,4.393091E-02,1.076831E-01,0.000000E+00,0.000000E+00,0.000000E+00,0.000000E+00,0.000000E+00,0.000000E+00,0.000000E+00,0.000000E+00,2.099930E+01,5.012355E+01,2.399708E+01,4.967370E+01
12:30:00,8.500084E+02,1.102755E+03,4.387088E-02,1.080769E-01,0.000000E+00,0.000000E+00,0.000000E+00,0.000000E+00,0.000000E+00,0.000000E+00,0.000000E+00,0.000000E+00,2.099930E+01,5.012158E+01,2.399708E+01,4.965946E+01
12:40:00,8.488814E+02,1.106773E+03,4.381271E-02,1.084707E-01,0.000000E+00,0.000000E+00,0.000000E+00,0.000000E+00,0.000000E+00,0.000000E+00,0.000000E+00,0.000000E+00,2.099930E+01,5.011970E+01,2.399708E+01,4.964586E+01
12:50:00,8.477857E+02,1.110899E+03,4.375616E-02,1.088751E-01,0.000000E+00,0.000000E+00,0.000000E+00,0.000000E+00,0.000000E+00,0.000000E+00,0.000000E+00,0.000000E+00,2.099930E+01,5.011788E+01,2.399708E+01,4.963187E+01
13:00:00,8.467176E+02,1.115202E+03,4.370103E-02,1.092967E-01,0.000000E+00,0.000000E+00,0.000000E+00,0.000000E+00,0.000000E+00,0.000000E+00,0.000000E+00,0.000000E+00,2.099930E+01,5.011613E+01,2.399708E+01,4.961667E+01
13:10:00,8.456739E+02,1.119712E+03,4.364717E-02,1.097387E-01,0.000000E+00,0.000000E+00,0.000000E+00,0.000000E+00,0.000000E+00,0.000000E+00,0.000000E+00,0.000000E+00,2.099930E+01,5.011442E+01,2.399708E+01,4.960019E+01
13:20:00,8.446520E+02,1.124447E+03,4.359442E-02,1.102028E-01,0.000000E+00,0.000000E+00,0.000000E+00,0.000000E+00,0.000000E+00,0.000000E+00,0.000000E+00,0.000000E+00,2.099930E+01,5.011275E+01,2.399708E+01,4.958314E+01
13:30:00,8.436496E+02,1.129376E+03,4.354269E-02,1.106859E-01,0.000000E+00,0.000000E+00,0.000000E+00,0.000000E+00,0.000000E+00,0.000000E+00,0.000000E+00,0.000000E+00,2.099930E+01,5.011113E+01,2.399708E+01,4.956612E+01
13:40:00,8.426647E+02,1.134338E+03,4.349186E-02,1.111722E-01,0.000000E+00,0.000000E+00,0.000000E+00,0.000000E+00,0.000000E+00,0.000000E+00,0.000000E+00,0.000000E+00,2.099930E+01,5.010953E+01,2.399709E+01,4.954947E+01
13:50:00,8.416959E+02,1.139203E+03,4.344185E-02,1.116490E-01,0.000000E+00,0.000000E+00,0.000000E+00,0.000000E+00,0.000000E+00,0.000000E+00,0.000000E+00,0.000000E+00,2.099930E+01,5.010797E+01,2.399709E+01,4.953336E+01
14:00:00,8.407417E+02,1.143892E+03,4.339261E-02,1.121085E-01,0.000000E+00,0.000000E+00,0.000000E+00,0.000000E+00,0.000000E+00,0.000000E+00,0.000000E+00,0.000000E+00,2.099930E+01,5.010643E+01,2.399709E+01,4.951795E+01
14:10:00,8.398010E+02,1.148327E+03,4.334405E-02,1.125431E-01,0.000000E+00,0.000000E+00,0.000000E+00,0.000000E+00,0.000000E+00,0.000000E+00,0.000000E+00,0.000000E+00,2.099930E+01,5.010492E+01,2.399709E+01,4.950332E+01
14:20:00,8.388727E+02,1.152553E+03,4.329614E-02,1.129573E-01,0.000000E+00,0.000000E+00,0.000000E+00,0.000000E+00,0.000000E+00,0.000000E+00,0.000000E+00,0.000000E+00,2.099930E+01,5.010342E+01,2.399710E+01,4.948998E+01
14:30:00,8.379561E+02,1.156573E+03,4.324883E-02,1.133513E-01,0.000000E+00,0.000000E+00,0.000000E+00,0.000000E+00,0.000000E+00,0.000000E+00,0.000000E+00,0.000000E+00,2.099930E+01,5.010195E+01,2.399710E+01,4.947762E+01
14:40:00,8.370503E+02,1.160384E+03,4.320208E-02,1.137247E-01,0.000000E+00,0.000000E+00,0.000000E+00,0.000000E+00,0.000000E+00,0.000000E+00,0.000000E+00,0.000000E+00,2.099930E+01,5.010049E+01,2.399710E+01,4.946586E+01
14:50:00,8.361549E+02,1.163982E+03,4.315587E-02,1.140774E-01,0.000000E+00,0.000000E+00,0.000000E+00,0.000000E+00,0.000000E+00,0.000000E+00,0.000000E+00,0.000000E+00,2.099930E+01,5.009905E+01,2.399710E+01,4.945462E+01
15:00:00,8.352691E+02,1.167363E+03,4.311015E-02,1.144087E-01,0.000000E+00,0.000000E+00,0.000000E+00,0.000000E+00,0.000000E+00,0.000000E+00,0.000000E+00,0.000000E+00,2.099930E+01,5.009763E+01,2.399710E+01,4.944401E+01
15:10:00,8.343925E+02,1.170484E+03,4.306491E-02,1.147145E-01,0.000000E+00,0.000000E+00,0.000000E+00,0.000000E+00,0.000000E+00,0.000000E+00,0.000000E+00,0.000000E+00,2.099930E+01,5.009622E+01,2.399711E+01,4.943416E+01
15:20:00,8.335249E+02,1.173252E+03,4.302013E-02,1.149858E-01,0.000000E+00,0.000000E+00,0.000000E+00,0.000000E+00,0.000000E+00,0.000000E+00,0.000000E+00,0.000000E+00,2.099930E+01,5.009482E+01,2.399711E+01,4.942582E+01
15:30:00,8.326656E+02,1.175568E+03,4.297578E-02,1.152127E-01,0.000000E+00,0.000000E+00,0.000000E+00,0.000000E+00,0.000000E+00,0.000000E+00,0.000000E+00,0.000000E+00,2.099930E+01,5.009344E+01,2.399711E+01,4.941919E+01
15:40:00,8.318146E+02,1.177395E+03,4.293185E-02,1.153918E-01,0.000000E+00,0.000000E+00,0.000000E+00,0.000000E+00,0.000000E+00,0.000000E+00,0.000000E+00,0.000000E+00,2.099930E+01,5.009207E+01,2.399712E+01,4.941441E+01
15:50:00,8.309714E+02,1.178705E+03,4.288834E-02,1.155201E-01,0.000000E+00,0.000000E+00,0.000000E+00,0.000000E+00,0.000000E+00,0.000000E+00,0.000000E+00,0.000000E+00,2.099930E+01,5.009070E+01,2.399712E+01,4.941134E+01
16:00:00,8.301359E+02,1.179473E+03,4.284521E-02,1.155953E-01,0.000000E+00,0.000000E+00,0.000000E+00,0.000000E+00,0.000000E+00,0.000000E+00,0.000000E+00,0.000000E+00,2.099930E+01,5.008935E+01,2.399712E+01,4.940980E+01
16:10:00,8.293078E+02,1.179744E+03,4.280247E-02,1.156219E-01,0.000000E+00,0.000000E+00,0.000000E+00,0.000000E+00,0.000000E+00,0.000000E+00,0.000000E+00,0.000000E+00,2.099930E+01,5.008801E+01,2.399712E+01,4.940964E+01
16:20:00,8.284869E+02,1.179505E+03,4.276011E-02,1.155985E-01,0.000000E+00,0.000000E+00,0.000000E+00,0.000000E+00,0.000000E+00,0.000000E+00,0.000000E+00,0.000000E+00,2.099930E+01,5.008668E+01,2.399713E+01,4.941100E+01
16:30:00,8.276731E+02,1.178806E+03,4.271810E-02,1.155299E-01,0.000000E+00,0.000000E+00,0.000000E+00,0.000000E+00,0.000000E+00,0.000000E+00,0.000000E+00,0.000000E+00,2.099930E+01,5.008536E+01,2.399713E+01,4.941390E+01
16:40:00,8.268662E+02,1.177649E+03,4.267646E-02,1.154164E-01,0.000000E+00,0.000000E+00,0.000000E+00,0.000000E+00,0.000000E+00,0.000000E+00,0.000000E+00,0.000000E+00,2.099930E+01,5.008405E+01,2.399713E+01,4.941827E+01
16:50:00,8.260660E+02,1.176036E+03,4.263516E-02,1.152583E-01,0.000000E+00,0.000000E+00,0.000000E+00,0.000000E+00,0.000000E+00,0.000000E+00,0.000000E+00,0.000000E+00,2.099930E+01,5.008275E+01,2.399713E+01,4.942400E+01
17:00:00,8.252725E+02,1.173967E+03,4.259420E-02,1.150556E-01,0.000000E+00,0.000000E+00,0.000000E+00,0.000000E+00,0.000000E+00,0.000000E+00,0.000000E+00,0.000000E+00,2.099930E+01,5.008146E+01,2.399713E+01,4.943105E+01
17:10:00,8.244854E+02,1.171449E+03,4.255358E-02,1.148087E-01,0.000000E+00,0.000000E+00,0.000000E+00,0.000000E+00,0.000000E+00,0.000000E+00,0.000000E+00,0.000000E+00,2.099930E+01,5.008017E+01,2.399714E+01,4.943940E+01
17:20:00,8.237048E+02,1.168366E+03,4.251329E-02,1.145066E-01,0.000000E+00,0.000000E+00,0.000000E+00,0.000000E+00,0.000000E+00,0.000000E+00,0.000000E+00,0.000000E+00,2.099930E+01,5.007890E+01,2.399714E+01,4.944926E+01
17:30:00,8.229304E+02,1.164756E+03,4.247332E-02,1.141527E-01,0.000000E+00,0.000000E+00,0.000000E+00,0.000000E+00,0.000000E+00,0.000000E+00,0.000000E+00,0.000000E+00,2.099930E+01,5.007763E+01,2.399714E+01,4.946131E+01
17:40:00,8.221622E+02,1.160644E+03,4.243367E-02,1.137497E-01,0.000000E+00,0.000000E+00,0.000000E+00,0.000000E+00,0.000000E+00,0.000000E+00,0.000000E+00,0.000000E+00,2.099930E+01,5.007637E+01,2.399714E+01,4.947541E+01
17:50:00,8.214002E+02,1.156040E+03,4.239434E-02,1.132984E-01,0.000000E+00,0.000000E+00,0.000000E+00,0.000000E+00,0.000000E+00,0.000000E+00,0.000000E+00,0.000000E+00,2.099930E+01,5.007512E+01,2.399714E+01,4.949108E+01
18:00:00,8.206442E+02,1.150954E+03,4.235532E-02,1.128000E-01,0.000000E+00,0.000000E+00,0.000000E+00,0.000000E+00,0.000000E+00,0.000000E+00,0.000000E+00,0.000000E+00,2.099930E+01,5.007387E+01,2.399715E+01,4.950806E+01
18:10:00,8.665683E+02,1.145371E+03,4.472558E-02,1.122529E-01,0.000000E+00,0.000000E+00,0.000000E+00,0.000000E+00,0.000000E+00,0.000000E+00,0.000000E+00,0.000000E+00,2.099930E+01,5.007264E+01,2.399715E+01,4.952627E+01
18:20:00,9.125126E+02,1.139338E+03,4.709677E-02,1.116615E-01,0.000000E+00,0.000000E+00,0.000000E+00,0.000000E+00,0.000000E+00,0.000000E+00,0.000000E+00,0.000000E+00,2.099912E+01,4.961057E+01,2.399715E+01,4.954615E+01
18:30:00,9.584760E+02,1.132880E+03,4.946883E-02,1.110286E-01,0.000000E+00,0.000000E+00,0.000000E+00,0.000000E+00,0.000000E+00,0.000000E+00,0.000000E+00,0.000000E+00,2.099886E+01,4.902070E+01,2.399715E+01,4.956829E+01
18:40:00,1.004464E+03,1.126021E+03,5.184197E-02,1.103563E-01,0.000000E+00,0.000000E+00,0.000000E+00,0.000000E+00,0.000000E+00,0.000000E+00,0.000000E+00,0.000000E+00,2.099852E+01,4.856222E+01,2.399715E+01,4.959239E+01
18:50:00,1.050470E+03,1.118806E+03,5.421591E-02,1.096492E-01,0.000000E+00,0.000000E+00,0.000000E+00,0.000000E+00,0.000000E+00,0.000000E+00,0.000000E+00,0.000000E+00,2.099825E+01,4.828738E+01,2.399715E+01,4.961788E+01
19:00:00,1.096489E+03,1.111370E+03,5.659048E-02,1.089205E-01,0.000000E+00,0.000000E+00,0.000000E+00,0.000000E+00,0.000000E+00,0.000000E+00,0.000000E+00,0.000000E+00,2.099808E+01,4.814506E+01,2.399715E+01,4.964433E+01
19:10:00,1.095846E+03,1.104098E+03,5.655661E-02,1.082077E-01,0.000000E+00,0.000000E+00,0.000000E+00,0.000000E+00,0.000000E+00,0.000000E+00,0.000000E+00,0.000000E+00,2.099799E+01,4.807338E+01,2.399715E+01,4.967101E+01
19:20:00,1.095198E+03,1.097373E+03,5.652258E-02,1.075486E-01,0.000000E+00,0.000000E+00,0.000000E+00,0.000000E+00,0.000000E+00,0.000000E+00,0.000000E+00,0.000000E+00,2.099794E+01,4.803335E+01,2.399714E+01,4.969601E+01
19:30:00,1.094545E+03,1.091330E+03,5.648843E-02,1.069565E-01,0.000000E+00,0.000000E+00,0.000000E+00,0.000000E+00,0.000000E+00,0.000000E+00,0.000000E+00,0.000000E+00,2.099792E+01,4.800746E+01,2.399714E+01,4.971764E+01
19:40:00,1.093881E+03,1.086073E+03,5.645389E-02,1.064413E-01,0.000000E+00,0.000000E+00,0.000000E+00,0.000000E+00,0.000000E+00,0.000000E+00,0.000000E+00,0.000000E+00,2.099790E+01,4.798943E+01,2.399713E+01,4.973560E+01
19:50:00,1.093213E+03,1.081673E+03,5.641922E-02,1.060101E-01,0.000000E+00,0.000000E+00,0.000000E+00,0.000000E+00,0.000000E+00,0.000000E+00,0.000000E+00,0.000000E+00,2.099789E+01,4.797690E+01,2.399712E+01,4.975052E+01
20:00:00,1.092544E+03,1.078096E+03,5.638457E-02,1.056596E-01,0.000000E+00,0.000000E+00,0.000000E+00,0.000000E+00,0.000000E+00,0.000000E+00,0.000000E+00,0.000000E+00,2.099789E+01,4.796841E+01,2.399712E+01,4.976325E+01
20:10:00,1.091875E+03,1.075118E+03,5.635002E-02,1.053678E-01,0.000000E+00,0.000000E+00,0.000000E+00,0.000000E+00,0.000000E+00,0.000000E+00,0.000000E+00,0.000000E+00,2.099788E+01,4.796265E+01,2.399711E+01,4.977447E+01
20:20:00,1.091209E+03,1.072496E+03,5.631560E-02,1.051109E-01,0.000000E+00,0.000000E+00,0.000000E+00,0.000000E+00,0.000000E+00,0.000000E+00,0.000000E+00,0.000000E+00,2.099788E+01,4.795862E+01,2.399711E+01,4.978450E+01
20:30:00,1.090545E+03,1.070101E+03,5.628133E-02,1.048762E-01,0.000000E+00,0.000000E+00,0.000000E+00,0.000000E+00,0.000000E+00,0.000000E+00,0.000000E+00,0.000000E+00,2.099788E+01,4.795560E+01,2.399711E+01,4.979371E+01
20:40:00,1.089885E+03,1.067837E+03,5.624725E-02,1.046544E-01,0.000000E+00,0.000000E+00,0.000000E+00,0.000000E+00,0.000000E+00,0.000000E+00,0.000000E+00,0.000000E+00,2.099788E+01,4.795317E+01,2.399711E+01,4.980249E+01
20:50:00,1.089228E+03,1.065633E+03,5.621335E-02,1.044384E-01,0.000000E+00,0.000000E+00,0.000000E+00,0.000000E+00,0.000000E+00,0.000000E+00,0.000000E+00,0.000000E+00,2.099788E+01,4.795109E+01,2.399711E+01,4.981117E+01
21:00:00,1.088576E+03,1.063424E+03,5.617966E-02,1.042219E-01,0.000000E+00,0.000000E+00,0.000000E+00,0.000000E+00,0.000000E+00,0.000000E+00,0.000000E+00,0.000000E+00,2.099788E+01,4.794923E+01,2.399711E+01,4.981999E+01
21:10:00,1.087927E+03,1.061142E+03,5.614618E-02,1.039983E-01,0.000000E+00,0.000000E+00,0.000000E+00,0.000000E+00,0.000000E+00,0.000000E+00,0.000000E+00,0.000000E+00,2.099788E+01,4.794751E+01,2.399711E+01,4.982910E+01
21:20:00,1.087283E+03,1.058750E+03,5.611293E-02,1.037639E-01,0.000000E+00,0.000000E+00,0.000000E+00,0.000000E+00,0.000000E+00,0.000000E+00,0.000000E+00,0.000000E+00,2.099788E+01,4.794589E+01,2.399711E+01,4.983863E+01
21:30:00,1.086643E+03,1.056226E+03,5.607990E-02,1.035165E-01,0.000000E+00,0.000000E+00,0.000000E+00,0.000000E+00,0.000000E+00,0.000000E+00,0.000000E+00,0.000000E+00,2.099788E+01,4.794432E+01,2.399711E+01,4.984872E+01
21:40:00,1.086007E+03,1.053559E+03,5.604709E-02,1.032551E-01,0.000000E+00,0.000000E+00,0.000000E+00,0.000000E+00,0.000000E+00,0.000000E+00,0.000000E+00,0.000000E+00,2.099788E+01,4.794280E+01,2.399711E+01,4.985945E+01
21:50:00,1.085376E+03,1.050741E+03,5.601452E-02,1.029789E-01,0.000000E+00,0.000000E+00,0.000000E+00,0.000000E+00,0.000000E+00,0.000000E+00,0.000000E+00,0.000000E+00,2.099788E+01,4.794130E+01,2.399711E+01,4.987080E+01
22:00:00,1.084749E+03,1.047770E+03,5.598218E-02,1.026878E-01,0.000000E+00,0.000000E+00,0.000000E+00,0.000000E+00,0.000000E+00,0.000000E+00,0.000000E+00,0.000000E+00,2.099788E+01,4.793983E+01,2.399711E+01,4.988276E+01
22:10:00,9.036961E+02,9.004436E+02,4.663832E-02,8.766524E-02,0.000000E+00,0.000000E+00,0.000000E+00,0.000000E+00,0.000000E+00,0.000000E+00,0.000000E+00,0.000000E+00,1.933510E+01,5.263736E+01,2.560176E+01,4.772815E+01
22:20:00,7.227488E+02,7.827280E+02,3.729992E-02,7.493772E-02,0.000000E+00,0.000000E+00,0.000000E+00,0.000000E+00,0.000000E+00,0.000000E+00,0.000000E+00,0.000000E+00,1.789017E+01,5.687342E+01,2.646097E+01,4.752965E+01
22:30:00,5.419062E+02,6.874796E+02,2.796692E-02,6.394165E-02,0.000000E+00,0.000000E+00,0.000000E+00,0.000000E+00,0.000000E+00,0.000000E+00,0.000000E+00,0.000000E+00,1.704816E+01,5.937600E+01,2.669892E+01,4.942386E+01
22:40:00,3.611677E+02,5.866782E+02,1.863929E-02,5.252910E-02,0.000000E+00,0.000000E+00,0.000000E+00,0.000000E+00,0.000000E+00,0.000000E+00,0.000000E+00,0.000000E+00,1.633451E+01,6.145565E+01,2.669590E+01,5.077570E+01
22:50:00,1.934827E+02,4.966150E+02,9.839052E-03,4.195651E-02,0.000000E+00,0.000000E+00,0.000000E+00,0.000000E+00,0.000000E+00,0.000000E+00,0.000000E+00,0.000000E+00,1.584485E+01,6.277564E+01,2.669556E+01,5.298210E+01
23:00:00,3.944480E+01,4.100326E+02,1.586919E-03,3.166488E-02,0.000000E+00,0.000000E+00,0.000000E+00,0.000000E+00,0.000000E+00,0.000000E+00,0.000000E+00,0.000000E+00,1.560024E+01,6.307136E+01,2.669413E+01,5.443478E+01
23:10:00,6.366591E+01,4.706227E+02,2.560373E-03,3.633135E-02,0.000000E+00,0.000000E+00,0.000000E+00,0.000000E+00,0.000000E+00,0.000000E+00,0.000000E+00,0.000000E+00,1.559937E+01,6.262844E+01,2.669329E+01,5.522452E+01
23:20:00,9.314085E+01,5.039207E+02,3.744980E-03,3.889170E-02,0.000000E+00,0.000000E+00,0.000000E+00,0.000000E+00,0.000000E+00,0.000000E+00,0.000000E+00,0.000000E+00,1.559936E+01,6.202577E+01,2.669276E+01,5.558629E+01
23:30:00,1.253989E+02,5.166606E+02,5.041432E-03,3.987827E-02,0.000000E+00,0.000000E+00,0.000000E+00,0.000000E+00,0.000000E+00,0.000000E+00,0.000000E+00,0.000000E+00,1.559917E+01,6.155418E+01,2.669245E+01,5.571670E+01
23:40:00,1.592940E+02,5.365318E+02,6.403666E-03,4.141383E-02,0.000000E+00,0.000000E+00,0.000000E+00,0.000000E+00,0.000000E+00,0.000000E+00,0.000000E+00,0.000000E+00,1.559902E+01,6.121564E+01,2.669229E+01,5.573527E+01
23:50:00,1.828048E+02,5.469754E+02,7.346967E-03,4.222174E-02,0.000000E+00,0.000000E+00,0.000000E+00,0.000000E+00,0.000000E+00,0.000000E+00,0.000000E+00,0.000000E+00,1.559893E+01,6.097975E+01,2.669220E+01,5.570361E+01
24:00:00,1.951346E+02,5.550292E+02,7.842434E-03,4.284449E-02,0.000000E+00,0.000000E+00,0.000000E+00,0.000000E+00,0.000000E+00,0.000000E+00,0.000000E+00,0.000000E+00,1.559887E+01,6.082638E+01,2.669216E+01,5.565187E+01
Peak,1.096489E+03,1.179744E+03,5.659048E-02,1.156219E-01,0.000000E+00,0.000000E+00,0.000000E+00,0.000000E+00,0.000000E+00,0.000000E+00,0.000000E+00,0.000000E+00,,,,

Peak Vol Flow (m3/s),,,4.709042E-02,9.621198E-02,,,0.000000E+00,0.000000E+00,,,,,,,,
