{
  "FromHoneybeeModel" : 
  {
    "applicable" : true,
    "include_datetimes" : false,
    "model_json" : "D:\\pythonProject\\pythonProject\\.venv\\my_package\\source\\energymodel\\test__\\openstudio\\test__.hbjson",
    "schedule_csv_dir" : "D:\\pythonProject\\pythonProject\\.venv\\my_package\\source\\energymodel\\test__\\openstudio\\schedules"
  },
  "FromHoneybeeSimulationParameter" : 
  {
    "applicable" : true,
    "simulation_parameter_json" : "D:\\pythonProject\\pythonProject\\.venv\\my_package\\source\\energymodel\\test__\\openstudio\\simulation_parameter.json"
  }
}