{
  "FromHoneybeeModel" : 
  {
    "applicable" : true,
    "include_datetimes" : false,
    "model_json" : "F:\\pvsd_code\\pvsd_control\\my_package\\source\\energy_model\\Simulation_0916_1__\\openstudio\\Simulation_0916_1__.hbjson",
    "schedule_csv_dir" : "F:\\pvsd_code\\pvsd_control\\my_package\\source\\energy_model\\Simulation_0916_1__\\openstudio\\schedules"
  },
  "FromHoneybeeSimulationParameter" : 
  {
    "applicable" : true,
    "simulation_parameter_json" : "F:\\pvsd_code\\pvsd_control\\my_package\\source\\energy_model\\Simulation_0916_1__\\openstudio\\simulation_parameter.json"
  }
}