,vis,sd_angle,sd_position
0,91.304348,0.0,-0.14
1,91.304348,1.0,-0.14
2,91.304348,2.0,-0.14
3,91.304348,3.0,-0.14
4,91.304348,4.0,-0.14
5,91.304348,5.0,-0.14
6,91.304348,6.0,-0.14
7,91.304348,7.0,-0.14
8,91.304348,8.0,-0.14
9,91.304348,9.0,-0.14
10,91.304348,10.0,-0.14
11,91.304348,11.0,-0.14
12,91.304348,12.0,-0.14
13,91.304348,13.0,-0.14
14,91.304348,14.0,-0.14
15,91.304348,15.0,-0.14
16,91.304348,16.0,-0.14
17,91.304348,17.0,-0.14
18,91.304348,18.0,-0.14
19,91.304348,19.0,-0.14
20,91.304348,20.0,-0.14
21,91.304348,21.0,-0.14
22,91.304348,22.0,-0.14
23,91.304348,23.0,-0.14
24,91.304348,24.0,-0.14
25,91.304348,25.0,-0.14
26,91.304348,26.0,-0.14
27,91.304348,27.0,-0.14
28,91.304348,28.0,-0.14
29,91.304348,29.0,-0.14
30,91.304348,30.0,-0.14
31,91.304348,31.0,-0.14
32,91.304348,32.0,-0.14
33,91.304348,33.0,-0.14
34,91.304348,34.0,-0.14
35,91.304348,35.0,-0.14
36,91.304348,36.0,-0.14
37,91.304348,37.0,-0.14
38,91.304348,38.0,-0.14
39,91.304348,39.0,-0.14
40,91.304348,40.0,-0.14
41,91.304348,41.0,-0.14
42,91.304348,42.0,-0.14
43,91.304348,43.0,-0.14
44,91.304348,44.0,-0.14
45,91.304348,45.0,-0.14
46,91.304348,46.0,-0.14
47,91.304348,47.0,-0.14
48,91.304348,48.0,-0.14
49,91.304348,49.0,-0.14
50,91.304348,50.0,-0.14
51,91.304348,51.0,-0.14
52,91.304348,52.0,-0.14
53,91.304348,53.0,-0.14
54,91.304348,54.0,-0.14
55,91.304348,55.0,-0.14
56,91.304348,56.0,-0.14
57,91.304348,57.0,-0.14
58,91.304348,58.0,-0.14
59,91.304348,59.0,-0.14
60,91.304348,60.0,-0.14
61,91.304348,61.0,-0.14
62,91.304348,62.0,-0.14
63,91.304348,63.0,-0.14
64,91.304348,64.0,-0.14
65,91.304348,65.0,-0.14
66,91.304348,66.0,-0.14
67,91.304348,67.0,-0.14
68,91.304348,68.0,-0.14
69,91.304348,69.0,-0.14
70,91.304348,70.0,-0.14
71,91.304348,71.0,-0.14
72,91.304348,72.0,-0.14
73,91.304348,73.0,-0.14
74,91.304348,74.0,-0.14
75,91.304348,75.0,-0.14
76,91.304348,76.0,-0.14
77,91.304348,77.0,-0.14
78,91.304348,78.0,-0.14
79,91.304348,79.0,-0.14
80,91.304348,80.0,-0.14
81,91.304348,81.0,-0.14
82,91.304348,82.0,-0.14
83,91.304348,83.0,-0.14
84,91.304348,84.0,-0.14
85,91.304348,85.0,-0.14
86,91.304348,86.0,-0.14
87,91.304348,87.0,-0.14
88,91.304348,88.0,-0.14
89,91.304348,89.0,-0.14
90,95.652174,90.0,-0.14
91,86.956522,0.0,-0.13
92,86.956522,1.0,-0.13
93,86.956522,2.0,-0.13
94,82.608696,3.0,-0.13
95,82.608696,4.0,-0.13
96,82.608696,5.0,-0.13
97,82.608696,6.0,-0.13
98,82.608696,7.0,-0.13
99,82.608696,8.0,-0.13
100,82.608696,9.0,-0.13
101,82.608696,10.0,-0.13
102,82.608696,11.0,-0.13
103,82.608696,12.0,-0.13
104,82.608696,13.0,-0.13
105,82.608696,14.0,-0.13
106,82.608696,15.0,-0.13
107,82.608696,16.0,-0.13
108,82.608696,17.0,-0.13
109,82.608696,18.0,-0.13
110,82.608696,19.0,-0.13
111,82.608696,20.0,-0.13
112,82.608696,21.0,-0.13
113,82.608696,22.0,-0.13
114,82.608696,23.0,-0.13
115,82.608696,24.0,-0.13
116,82.608696,25.0,-0.13
117,82.608696,26.0,-0.13
118,82.608696,27.0,-0.13
119,82.608696,28.0,-0.13
120,82.608696,29.0,-0.13
121,82.608696,30.0,-0.13
122,82.608696,31.0,-0.13
123,82.608696,32.0,-0.13
124,82.608696,33.0,-0.13
125,82.608696,34.0,-0.13
126,82.608696,35.0,-0.13
127,82.608696,36.0,-0.13
128,82.608696,37.0,-0.13
129,82.608696,38.0,-0.13
130,82.608696,39.0,-0.13
131,82.608696,40.0,-0.13
132,82.608696,41.0,-0.13
133,82.608696,42.0,-0.13
134,82.608696,43.0,-0.13
135,82.608696,44.0,-0.13
136,82.608696,45.0,-0.13
137,82.608696,46.0,-0.13
138,82.608696,47.0,-0.13
139,82.608696,48.0,-0.13
140,82.608696,49.0,-0.13
141,82.608696,50.0,-0.13
142,82.608696,51.0,-0.13
143,82.608696,52.0,-0.13
144,82.608696,53.0,-0.13
145,82.608696,54.0,-0.13
146,82.608696,55.0,-0.13
147,82.608696,56.0,-0.13
148,82.608696,57.0,-0.13
149,82.608696,58.0,-0.13
150,82.608696,59.0,-0.13
151,82.608696,60.0,-0.13
152,82.608696,61.0,-0.13
153,82.608696,62.0,-0.13
154,82.608696,63.0,-0.13
155,82.608696,64.0,-0.13
156,86.956522,65.0,-0.13
157,86.956522,66.0,-0.13
158,86.956522,67.0,-0.13
159,86.956522,68.0,-0.13
160,86.956522,69.0,-0.13
161,86.956522,70.0,-0.13
162,86.956522,71.0,-0.13
163,86.956522,72.0,-0.13
164,86.956522,73.0,-0.13
165,86.956522,74.0,-0.13
166,86.956522,75.0,-0.13
167,86.956522,76.0,-0.13
168,86.956522,77.0,-0.13
169,86.956522,78.0,-0.13
170,86.956522,79.0,-0.13
171,86.956522,80.0,-0.13
172,86.956522,81.0,-0.13
173,86.956522,82.0,-0.13
174,86.956522,83.0,-0.13
175,86.956522,84.0,-0.13
176,86.956522,85.0,-0.13
177,86.956522,86.0,-0.13
178,86.956522,87.0,-0.13
179,86.956522,88.0,-0.13
180,86.956522,89.0,-0.13
181,86.956522,90.0,-0.13
182,78.26087,0.0,-0.12
183,78.26087,1.0,-0.12
184,78.26087,2.0,-0.12
185,78.26087,3.0,-0.12
186,78.26087,4.0,-0.12
187,78.26087,5.0,-0.12
188,78.26087,6.0,-0.12
189,78.26087,7.0,-0.12
190,78.26087,8.0,-0.12
191,78.26087,9.0,-0.12
192,78.26087,10.0,-0.12
193,78.26087,11.0,-0.12
194,78.26087,12.0,-0.12
195,78.26087,13.0,-0.12
196,78.26087,14.0,-0.12
197,78.26087,15.0,-0.12
198,78.26087,16.0,-0.12
199,78.26087,17.0,-0.12
200,78.26087,18.0,-0.12
201,78.26087,19.0,-0.12
202,78.26087,20.0,-0.12
203,78.26087,21.0,-0.12
204,78.26087,22.0,-0.12
205,78.26087,23.0,-0.12
206,78.26087,24.0,-0.12
207,78.26087,25.0,-0.12
208,78.26087,26.0,-0.12
209,78.26087,27.0,-0.12
210,78.26087,28.0,-0.12
211,78.26087,29.0,-0.12
212,78.26087,30.0,-0.12
213,78.26087,31.0,-0.12
214,78.26087,32.0,-0.12
215,78.26087,33.0,-0.12
216,78.26087,34.0,-0.12
217,78.26087,35.0,-0.12
218,78.26087,36.0,-0.12
219,78.26087,37.0,-0.12
220,78.26087,38.0,-0.12
221,78.26087,39.0,-0.12
222,78.26087,40.0,-0.12
223,78.26087,41.0,-0.12
224,78.26087,42.0,-0.12
225,78.26087,43.0,-0.12
226,78.26087,44.0,-0.12
227,78.26087,45.0,-0.12
228,78.26087,46.0,-0.12
229,78.26087,47.0,-0.12
230,78.26087,48.0,-0.12
231,78.26087,49.0,-0.12
232,78.26087,50.0,-0.12
233,78.26087,51.0,-0.12
234,78.26087,52.0,-0.12
235,78.26087,53.0,-0.12
236,78.26087,54.0,-0.12
237,78.26087,55.0,-0.12
238,78.26087,56.0,-0.12
239,78.26087,57.0,-0.12
240,78.26087,58.0,-0.12
241,78.26087,59.0,-0.12
242,78.26087,60.0,-0.12
243,78.26087,61.0,-0.12
244,78.26087,62.0,-0.12
245,78.26087,63.0,-0.12
246,78.26087,64.0,-0.12
247,78.26087,65.0,-0.12
248,78.26087,66.0,-0.12
249,78.26087,67.0,-0.12
250,78.26087,68.0,-0.12
251,78.26087,69.0,-0.12
252,78.26087,70.0,-0.12
253,78.26087,71.0,-0.12
254,78.26087,72.0,-0.12
255,78.26087,73.0,-0.12
256,78.26087,74.0,-0.12
257,78.26087,75.0,-0.12
258,78.26087,76.0,-0.12
259,78.26087,77.0,-0.12
260,78.26087,78.0,-0.12
261,78.26087,79.0,-0.12
262,78.26087,80.0,-0.12
263,78.26087,81.0,-0.12
264,78.26087,82.0,-0.12
265,78.26087,83.0,-0.12
266,78.26087,84.0,-0.12
267,82.608696,85.0,-0.12
268,82.608696,86.0,-0.12
269,82.608696,87.0,-0.12
270,82.608696,88.0,-0.12
271,82.608696,89.0,-0.12
272,82.608696,90.0,-0.12
273,73.913043,0.0,-0.11
274,73.913043,1.0,-0.11
275,73.913043,2.0,-0.11
276,69.565217,3.0,-0.11
277,69.565217,4.0,-0.11
278,69.565217,5.0,-0.11
279,69.565217,6.0,-0.11
280,69.565217,7.0,-0.11
281,69.565217,8.0,-0.11
282,69.565217,9.0,-0.11
283,69.565217,10.0,-0.11
284,69.565217,11.0,-0.11
285,69.565217,12.0,-0.11
286,69.565217,13.0,-0.11
287,69.565217,14.0,-0.11
288,69.565217,15.0,-0.11
289,69.565217,16.0,-0.11
290,69.565217,17.0,-0.11
291,69.565217,18.0,-0.11
292,69.565217,19.0,-0.11
293,69.565217,20.0,-0.11
294,69.565217,21.0,-0.11
295,69.565217,22.0,-0.11
296,69.565217,23.0,-0.11
297,69.565217,24.0,-0.11
298,69.565217,25.0,-0.11
299,69.565217,26.0,-0.11
300,69.565217,27.0,-0.11
301,69.565217,28.0,-0.11
302,69.565217,29.0,-0.11
303,69.565217,30.0,-0.11
304,69.565217,31.0,-0.11
305,69.565217,32.0,-0.11
306,69.565217,33.0,-0.11
307,69.565217,34.0,-0.11
308,69.565217,35.0,-0.11
309,69.565217,36.0,-0.11
310,69.565217,37.0,-0.11
311,69.565217,38.0,-0.11
312,69.565217,39.0,-0.11
313,69.565217,40.0,-0.11
314,69.565217,41.0,-0.11
315,69.565217,42.0,-0.11
316,69.565217,43.0,-0.11
317,69.565217,44.0,-0.11
318,69.565217,45.0,-0.11
319,69.565217,46.0,-0.11
320,69.565217,47.0,-0.11
321,69.565217,48.0,-0.11
322,69.565217,49.0,-0.11
323,69.565217,50.0,-0.11
324,69.565217,51.0,-0.11
325,69.565217,52.0,-0.11
326,69.565217,53.0,-0.11
327,69.565217,54.0,-0.11
328,69.565217,55.0,-0.11
329,73.913043,56.0,-0.11
330,73.913043,57.0,-0.11
331,73.913043,58.0,-0.11
332,73.913043,59.0,-0.11
333,73.913043,60.0,-0.11
334,73.913043,61.0,-0.11
335,73.913043,62.0,-0.11
336,73.913043,63.0,-0.11
337,73.913043,64.0,-0.11
338,73.913043,65.0,-0.11
339,73.913043,66.0,-0.11
340,73.913043,67.0,-0.11
341,73.913043,68.0,-0.11
342,73.913043,69.0,-0.11
343,73.913043,70.0,-0.11
344,73.913043,71.0,-0.11
345,73.913043,72.0,-0.11
346,73.913043,73.0,-0.11
347,73.913043,74.0,-0.11
348,73.913043,75.0,-0.11
349,73.913043,76.0,-0.11
350,73.913043,77.0,-0.11
351,73.913043,78.0,-0.11
352,73.913043,79.0,-0.11
353,73.913043,80.0,-0.11
354,73.913043,81.0,-0.11
355,73.913043,82.0,-0.11
356,73.913043,83.0,-0.11
357,73.913043,84.0,-0.11
358,73.913043,85.0,-0.11
359,73.913043,86.0,-0.11
360,73.913043,87.0,-0.11
361,73.913043,88.0,-0.11
362,73.913043,89.0,-0.11
363,73.913043,90.0,-0.11
364,65.217391,0.0,-0.1
365,65.217391,1.0,-0.1
366,65.217391,2.0,-0.1
367,65.217391,3.0,-0.1
368,65.217391,4.0,-0.1
369,65.217391,5.0,-0.1
370,65.217391,6.0,-0.1
371,65.217391,7.0,-0.1
372,65.217391,8.0,-0.1
373,65.217391,9.0,-0.1
374,65.217391,10.0,-0.1
375,65.217391,11.0,-0.1
376,65.217391,12.0,-0.1
377,65.217391,13.0,-0.1
378,65.217391,14.0,-0.1
379,65.217391,15.0,-0.1
380,65.217391,16.0,-0.1
381,65.217391,17.0,-0.1
382,65.217391,18.0,-0.1
383,65.217391,19.0,-0.1
384,65.217391,20.0,-0.1
385,65.217391,21.0,-0.1
386,65.217391,22.0,-0.1
387,65.217391,23.0,-0.1
388,65.217391,24.0,-0.1
389,65.217391,25.0,-0.1
390,65.217391,26.0,-0.1
391,65.217391,27.0,-0.1
392,65.217391,28.0,-0.1
393,65.217391,29.0,-0.1
394,65.217391,30.0,-0.1
395,65.217391,31.0,-0.1
396,65.217391,32.0,-0.1
397,65.217391,33.0,-0.1
398,65.217391,34.0,-0.1
399,65.217391,35.0,-0.1
400,65.217391,36.0,-0.1
401,65.217391,37.0,-0.1
402,65.217391,38.0,-0.1
403,65.217391,39.0,-0.1
404,65.217391,40.0,-0.1
405,65.217391,41.0,-0.1
406,65.217391,42.0,-0.1
407,65.217391,43.0,-0.1
408,65.217391,44.0,-0.1
409,65.217391,45.0,-0.1
410,65.217391,46.0,-0.1
411,65.217391,47.0,-0.1
412,65.217391,48.0,-0.1
413,65.217391,49.0,-0.1
414,65.217391,50.0,-0.1
415,65.217391,51.0,-0.1
416,65.217391,52.0,-0.1
417,65.217391,53.0,-0.1
418,65.217391,54.0,-0.1
419,65.217391,55.0,-0.1
420,65.217391,56.0,-0.1
421,65.217391,57.0,-0.1
422,65.217391,58.0,-0.1
423,65.217391,59.0,-0.1
424,65.217391,60.0,-0.1
425,65.217391,61.0,-0.1
426,65.217391,62.0,-0.1
427,65.217391,63.0,-0.1
428,65.217391,64.0,-0.1
429,65.217391,65.0,-0.1
430,65.217391,66.0,-0.1
431,65.217391,67.0,-0.1
432,65.217391,68.0,-0.1
433,65.217391,69.0,-0.1
434,65.217391,70.0,-0.1
435,65.217391,71.0,-0.1
436,65.217391,72.0,-0.1
437,65.217391,73.0,-0.1
438,65.217391,74.0,-0.1
439,65.217391,75.0,-0.1
440,65.217391,76.0,-0.1
441,65.217391,77.0,-0.1
442,65.217391,78.0,-0.1
443,69.565217,79.0,-0.1
444,69.565217,80.0,-0.1
445,69.565217,81.0,-0.1
446,69.565217,82.0,-0.1
447,69.565217,83.0,-0.1
448,69.565217,84.0,-0.1
449,69.565217,85.0,-0.1
450,69.565217,86.0,-0.1
451,69.565217,87.0,-0.1
452,69.565217,88.0,-0.1
453,69.565217,89.0,-0.1
454,69.565217,90.0,-0.1
455,60.869565,0.0,-0.09
456,56.521739,1.0,-0.09
457,56.521739,2.0,-0.09
458,56.521739,3.0,-0.09
459,56.521739,4.0,-0.09
460,56.521739,5.0,-0.09
461,56.521739,6.0,-0.09
462,56.521739,7.0,-0.09
463,56.521739,8.0,-0.09
464,56.521739,9.0,-0.09
465,56.521739,10.0,-0.09
466,56.521739,11.0,-0.09
467,56.521739,12.0,-0.09
468,56.521739,13.0,-0.09
469,56.521739,14.0,-0.09
470,56.521739,15.0,-0.09
471,56.521739,16.0,-0.09
472,56.521739,17.0,-0.09
473,56.521739,18.0,-0.09
474,56.521739,19.0,-0.09
475,56.521739,20.0,-0.09
476,56.521739,21.0,-0.09
477,56.521739,22.0,-0.09
478,56.521739,23.0,-0.09
479,56.521739,24.0,-0.09
480,56.521739,25.0,-0.09
481,56.521739,26.0,-0.09
482,56.521739,27.0,-0.09
483,56.521739,28.0,-0.09
484,56.521739,29.0,-0.09
485,56.521739,30.0,-0.09
486,56.521739,31.0,-0.09
487,56.521739,32.0,-0.09
488,56.521739,33.0,-0.09
489,56.521739,34.0,-0.09
490,56.521739,35.0,-0.09
491,56.521739,36.0,-0.09
492,56.521739,37.0,-0.09
493,56.521739,38.0,-0.09
494,56.521739,39.0,-0.09
495,56.521739,40.0,-0.09
496,56.521739,41.0,-0.09
497,56.521739,42.0,-0.09
498,56.521739,43.0,-0.09
499,56.521739,44.0,-0.09
500,56.521739,45.0,-0.09
501,56.521739,46.0,-0.09
502,56.521739,47.0,-0.09
503,60.869565,48.0,-0.09
504,60.869565,49.0,-0.09
505,60.869565,50.0,-0.09
506,60.869565,51.0,-0.09
507,60.869565,52.0,-0.09
508,60.869565,53.0,-0.09
509,60.869565,54.0,-0.09
510,60.869565,55.0,-0.09
511,60.869565,56.0,-0.09
512,60.869565,57.0,-0.09
513,60.869565,58.0,-0.09
514,60.869565,59.0,-0.09
515,60.869565,60.0,-0.09
516,60.869565,61.0,-0.09
517,60.869565,62.0,-0.09
518,60.869565,63.0,-0.09
519,60.869565,64.0,-0.09
520,60.869565,65.0,-0.09
521,60.869565,66.0,-0.09
522,60.869565,67.0,-0.09
523,60.869565,68.0,-0.09
524,60.869565,69.0,-0.09
525,60.869565,70.0,-0.09
526,60.869565,71.0,-0.09
527,60.869565,72.0,-0.09
528,60.869565,73.0,-0.09
529,60.869565,74.0,-0.09
530,60.869565,75.0,-0.09
531,60.869565,76.0,-0.09
532,60.869565,77.0,-0.09
533,60.869565,78.0,-0.09
534,60.869565,79.0,-0.09
535,60.869565,80.0,-0.09
536,60.869565,81.0,-0.09
537,60.869565,82.0,-0.09
538,60.869565,83.0,-0.09
539,60.869565,84.0,-0.09
540,60.869565,85.0,-0.09
541,60.869565,86.0,-0.09
542,60.869565,87.0,-0.09
543,60.869565,88.0,-0.09
544,60.869565,89.0,-0.09
545,60.869565,90.0,-0.09
546,52.173913,0.0,-0.08
547,52.173913,1.0,-0.08
548,52.173913,2.0,-0.08
549,52.173913,3.0,-0.08
550,52.173913,4.0,-0.08
551,52.173913,5.0,-0.08
552,52.173913,6.0,-0.08
553,52.173913,7.0,-0.08
554,52.173913,8.0,-0.08
555,52.173913,9.0,-0.08
556,52.173913,10.0,-0.08
557,52.173913,11.0,-0.08
558,52.173913,12.0,-0.08
559,52.173913,13.0,-0.08
560,52.173913,14.0,-0.08
561,52.173913,15.0,-0.08
562,52.173913,16.0,-0.08
563,52.173913,17.0,-0.08
564,52.173913,18.0,-0.08
565,52.173913,19.0,-0.08
566,52.173913,20.0,-0.08
567,52.173913,21.0,-0.08
568,52.173913,22.0,-0.08
569,52.173913,23.0,-0.08
570,52.173913,24.0,-0.08
571,52.173913,25.0,-0.08
572,52.173913,26.0,-0.08
573,52.173913,27.0,-0.08
574,52.173913,28.0,-0.08
575,52.173913,29.0,-0.08
576,52.173913,30.0,-0.08
577,52.173913,31.0,-0.08
578,52.173913,32.0,-0.08
579,52.173913,33.0,-0.08
580,52.173913,34.0,-0.08
581,52.173913,35.0,-0.08
582,52.173913,36.0,-0.08
583,52.173913,37.0,-0.08
584,52.173913,38.0,-0.08
585,52.173913,39.0,-0.08
586,52.173913,40.0,-0.08
587,52.173913,41.0,-0.08
588,52.173913,42.0,-0.08
589,52.173913,43.0,-0.08
590,52.173913,44.0,-0.08
591,52.173913,45.0,-0.08
592,52.173913,46.0,-0.08
593,52.173913,47.0,-0.08
594,52.173913,48.0,-0.08
595,52.173913,49.0,-0.08
596,52.173913,50.0,-0.08
597,52.173913,51.0,-0.08
598,52.173913,52.0,-0.08
599,52.173913,53.0,-0.08
600,52.173913,54.0,-0.08
601,52.173913,55.0,-0.08
602,52.173913,56.0,-0.08
603,52.173913,57.0,-0.08
604,52.173913,58.0,-0.08
605,52.173913,59.0,-0.08
606,52.173913,60.0,-0.08
607,52.173913,61.0,-0.08
608,52.173913,62.0,-0.08
609,52.173913,63.0,-0.08
610,52.173913,64.0,-0.08
611,52.173913,65.0,-0.08
612,52.173913,66.0,-0.08
613,52.173913,67.0,-0.08
614,52.173913,68.0,-0.08
615,52.173913,69.0,-0.08
616,52.173913,70.0,-0.08
617,52.173913,71.0,-0.08
618,52.173913,72.0,-0.08
619,52.173913,73.0,-0.08
620,56.521739,74.0,-0.08
621,56.521739,75.0,-0.08
622,56.521739,76.0,-0.08
623,56.521739,77.0,-0.08
624,56.521739,78.0,-0.08
625,56.521739,79.0,-0.08
626,56.521739,80.0,-0.08
627,56.521739,81.0,-0.08
628,56.521739,82.0,-0.08
629,56.521739,83.0,-0.08
630,56.521739,84.0,-0.08
631,56.521739,85.0,-0.08
632,56.521739,86.0,-0.08
633,56.521739,87.0,-0.08
634,56.521739,88.0,-0.08
635,56.521739,89.0,-0.08
636,56.521739,90.0,-0.08
637,43.478261,0.0,-0.07
638,43.478261,1.0,-0.07
639,43.478261,2.0,-0.07
640,43.478261,3.0,-0.07
641,43.478261,4.0,-0.07
642,43.478261,5.0,-0.07
643,43.478261,6.0,-0.07
644,43.478261,7.0,-0.07
645,43.478261,8.0,-0.07
646,43.478261,9.0,-0.07
647,43.478261,10.0,-0.07
648,43.478261,11.0,-0.07
649,43.478261,12.0,-0.07
650,43.478261,13.0,-0.07
651,43.478261,14.0,-0.07
652,43.478261,15.0,-0.07
653,43.478261,16.0,-0.07
654,43.478261,17.0,-0.07
655,43.478261,18.0,-0.07
656,43.478261,19.0,-0.07
657,43.478261,20.0,-0.07
658,43.478261,21.0,-0.07
659,43.478261,22.0,-0.07
660,43.478261,23.0,-0.07
661,43.478261,24.0,-0.07
662,43.478261,25.0,-0.07
663,43.478261,26.0,-0.07
664,43.478261,27.0,-0.07
665,43.478261,28.0,-0.07
666,43.478261,29.0,-0.07
667,43.478261,30.0,-0.07
668,43.478261,31.0,-0.07
669,43.478261,32.0,-0.07
670,43.478261,33.0,-0.07
671,43.478261,34.0,-0.07
672,43.478261,35.0,-0.07
673,43.478261,36.0,-0.07
674,43.478261,37.0,-0.07
675,43.478261,38.0,-0.07
676,47.826087,39.0,-0.07
677,47.826087,40.0,-0.07
678,47.826087,41.0,-0.07
679,47.826087,42.0,-0.07
680,47.826087,43.0,-0.07
681,47.826087,44.0,-0.07
682,47.826087,45.0,-0.07
683,47.826087,46.0,-0.07
684,47.826087,47.0,-0.07
685,47.826087,48.0,-0.07
686,47.826087,49.0,-0.07
687,47.826087,50.0,-0.07
688,47.826087,51.0,-0.07
689,47.826087,52.0,-0.07
690,47.826087,53.0,-0.07
691,47.826087,54.0,-0.07
692,47.826087,55.0,-0.07
693,47.826087,56.0,-0.07
694,47.826087,57.0,-0.07
695,47.826087,58.0,-0.07
696,47.826087,59.0,-0.07
697,47.826087,60.0,-0.07
698,47.826087,61.0,-0.07
699,47.826087,62.0,-0.07
700,47.826087,63.0,-0.07
701,47.826087,64.0,-0.07
702,47.826087,65.0,-0.07
703,47.826087,66.0,-0.07
704,47.826087,67.0,-0.07
705,47.826087,68.0,-0.07
706,47.826087,69.0,-0.07
707,47.826087,70.0,-0.07
708,47.826087,71.0,-0.07
709,47.826087,72.0,-0.07
710,47.826087,73.0,-0.07
711,47.826087,74.0,-0.07
712,47.826087,75.0,-0.07
713,47.826087,76.0,-0.07
714,47.826087,77.0,-0.07
715,47.826087,78.0,-0.07
716,47.826087,79.0,-0.07
717,47.826087,80.0,-0.07
718,47.826087,81.0,-0.07
719,47.826087,82.0,-0.07
720,47.826087,83.0,-0.07
721,47.826087,84.0,-0.07
722,47.826087,85.0,-0.07
723,47.826087,86.0,-0.07
724,47.826087,87.0,-0.07
725,47.826087,88.0,-0.07
726,47.826087,89.0,-0.07
727,52.173913,90.0,-0.07
728,39.130435,0.0,-0.06
729,39.130435,1.0,-0.06
730,39.130435,2.0,-0.06
731,39.130435,3.0,-0.06
732,39.130435,4.0,-0.06
733,39.130435,5.0,-0.06
734,39.130435,6.0,-0.06
735,39.130435,7.0,-0.06
736,39.130435,8.0,-0.06
737,39.130435,9.0,-0.06
738,39.130435,10.0,-0.06
739,39.130435,11.0,-0.06
740,39.130435,12.0,-0.06
741,39.130435,13.0,-0.06
742,39.130435,14.0,-0.06
743,39.130435,15.0,-0.06
744,39.130435,16.0,-0.06
745,39.130435,17.0,-0.06
746,39.130435,18.0,-0.06
747,39.130435,19.0,-0.06
748,39.130435,20.0,-0.06
749,39.130435,21.0,-0.06
750,39.130435,22.0,-0.06
751,39.130435,23.0,-0.06
752,39.130435,24.0,-0.06
753,39.130435,25.0,-0.06
754,39.130435,26.0,-0.06
755,39.130435,27.0,-0.06
756,39.130435,28.0,-0.06
757,39.130435,29.0,-0.06
758,39.130435,30.0,-0.06
759,39.130435,31.0,-0.06
760,39.130435,32.0,-0.06
761,39.130435,33.0,-0.06
762,39.130435,34.0,-0.06
763,39.130435,35.0,-0.06
764,39.130435,36.0,-0.06
765,39.130435,37.0,-0.06
766,39.130435,38.0,-0.06
767,39.130435,39.0,-0.06
768,39.130435,40.0,-0.06
769,39.130435,41.0,-0.06
770,39.130435,42.0,-0.06
771,39.130435,43.0,-0.06
772,39.130435,44.0,-0.06
773,39.130435,45.0,-0.06
774,39.130435,46.0,-0.06
775,39.130435,47.0,-0.06
776,39.130435,48.0,-0.06
777,39.130435,49.0,-0.06
778,39.130435,50.0,-0.06
779,39.130435,51.0,-0.06
780,39.130435,52.0,-0.06
781,39.130435,53.0,-0.06
782,39.130435,54.0,-0.06
783,39.130435,55.0,-0.06
784,39.130435,56.0,-0.06
785,39.130435,57.0,-0.06
786,39.130435,58.0,-0.06
787,39.130435,59.0,-0.06
788,39.130435,60.0,-0.06
789,39.130435,61.0,-0.06
790,39.130435,62.0,-0.06
791,39.130435,63.0,-0.06
792,39.130435,64.0,-0.06
793,39.130435,65.0,-0.06
794,39.130435,66.0,-0.06
795,39.130435,67.0,-0.06
796,39.130435,68.0,-0.06
797,43.478261,69.0,-0.06
798,43.478261,70.0,-0.06
799,43.478261,71.0,-0.06
800,43.478261,72.0,-0.06
801,43.478261,73.0,-0.06
802,43.478261,74.0,-0.06
803,47.826087,75.0,-0.06
804,47.826087,76.0,-0.06
805,47.826087,77.0,-0.06
806,47.826087,78.0,-0.06
807,47.826087,79.0,-0.06
808,52.173913,80.0,-0.06
809,52.173913,81.0,-0.06
810,52.173913,82.0,-0.06
811,52.173913,83.0,-0.06
812,52.173913,84.0,-0.06
813,52.173913,85.0,-0.06
814,56.521739,86.0,-0.06
815,56.521739,87.0,-0.06
816,56.521739,88.0,-0.06
817,56.521739,89.0,-0.06
818,56.521739,90.0,-0.06
819,30.434783,0.0,-0.05
820,30.434783,1.0,-0.05
821,30.434783,2.0,-0.05
822,30.434783,3.0,-0.05
823,30.434783,4.0,-0.05
824,30.434783,5.0,-0.05
825,30.434783,6.0,-0.05
826,30.434783,7.0,-0.05
827,30.434783,8.0,-0.05
828,30.434783,9.0,-0.05
829,30.434783,10.0,-0.05
830,30.434783,11.0,-0.05
831,30.434783,12.0,-0.05
832,30.434783,13.0,-0.05
833,30.434783,14.0,-0.05
834,30.434783,15.0,-0.05
835,30.434783,16.0,-0.05
836,30.434783,17.0,-0.05
837,30.434783,18.0,-0.05
838,30.434783,19.0,-0.05
839,30.434783,20.0,-0.05
840,30.434783,21.0,-0.05
841,30.434783,22.0,-0.05
842,30.434783,23.0,-0.05
843,30.434783,24.0,-0.05
844,30.434783,25.0,-0.05
845,30.434783,26.0,-0.05
846,30.434783,27.0,-0.05
847,30.434783,28.0,-0.05
848,30.434783,29.0,-0.05
849,30.434783,30.0,-0.05
850,34.782609,31.0,-0.05
851,34.782609,32.0,-0.05
852,34.782609,33.0,-0.05
853,34.782609,34.0,-0.05
854,34.782609,35.0,-0.05
855,34.782609,36.0,-0.05
856,34.782609,37.0,-0.05
857,34.782609,38.0,-0.05
858,34.782609,39.0,-0.05
859,34.782609,40.0,-0.05
860,34.782609,41.0,-0.05
861,34.782609,42.0,-0.05
862,34.782609,43.0,-0.05
863,34.782609,44.0,-0.05
864,34.782609,45.0,-0.05
865,34.782609,46.0,-0.05
866,34.782609,47.0,-0.05
867,34.782609,48.0,-0.05
868,34.782609,49.0,-0.05
869,34.782609,50.0,-0.05
870,34.782609,51.0,-0.05
871,34.782609,52.0,-0.05
872,34.782609,53.0,-0.05
873,34.782609,54.0,-0.05
874,34.782609,55.0,-0.05
875,34.782609,56.0,-0.05
876,34.782609,57.0,-0.05
877,34.782609,58.0,-0.05
878,34.782609,59.0,-0.05
879,34.782609,60.0,-0.05
880,34.782609,61.0,-0.05
881,34.782609,62.0,-0.05
882,34.782609,63.0,-0.05
883,34.782609,64.0,-0.05
884,34.782609,65.0,-0.05
885,34.782609,66.0,-0.05
886,34.782609,67.0,-0.05
887,34.782609,68.0,-0.05
888,34.782609,69.0,-0.05
889,34.782609,70.0,-0.05
890,34.782609,71.0,-0.05
891,34.782609,72.0,-0.05
892,34.782609,73.0,-0.05
893,34.782609,74.0,-0.05
894,34.782609,75.0,-0.05
895,34.782609,76.0,-0.05
896,34.782609,77.0,-0.05
897,34.782609,78.0,-0.05
898,34.782609,79.0,-0.05
899,34.782609,80.0,-0.05
900,34.782609,81.0,-0.05
901,34.782609,82.0,-0.05
902,34.782609,83.0,-0.05
903,34.782609,84.0,-0.05
904,34.782609,85.0,-0.05
905,34.782609,86.0,-0.05
906,39.130435,87.0,-0.05
907,39.130435,88.0,-0.05
908,43.478261,89.0,-0.05
909,43.478261,90.0,-0.05
910,26.086957,0.0,-0.04
911,26.086957,1.0,-0.04
912,26.086957,2.0,-0.04
913,26.086957,3.0,-0.04
914,26.086957,4.0,-0.04
915,26.086957,5.0,-0.04
916,26.086957,6.0,-0.04
917,26.086957,7.0,-0.04
918,26.086957,8.0,-0.04
919,26.086957,9.0,-0.04
920,26.086957,10.0,-0.04
921,26.086957,11.0,-0.04
922,26.086957,12.0,-0.04
923,26.086957,13.0,-0.04
924,26.086957,14.0,-0.04
925,26.086957,15.0,-0.04
926,26.086957,16.0,-0.04
927,26.086957,17.0,-0.04
928,26.086957,18.0,-0.04
929,26.086957,19.0,-0.04
930,26.086957,20.0,-0.04
931,26.086957,21.0,-0.04
932,26.086957,22.0,-0.04
933,26.086957,23.0,-0.04
934,26.086957,24.0,-0.04
935,26.086957,25.0,-0.04
936,26.086957,26.0,-0.04
937,26.086957,27.0,-0.04
938,26.086957,28.0,-0.04
939,26.086957,29.0,-0.04
940,26.086957,30.0,-0.04
941,26.086957,31.0,-0.04
942,26.086957,32.0,-0.04
943,26.086957,33.0,-0.04
944,26.086957,34.0,-0.04
945,26.086957,35.0,-0.04
946,26.086957,36.0,-0.04
947,26.086957,37.0,-0.04
948,26.086957,38.0,-0.04
949,26.086957,39.0,-0.04
950,26.086957,40.0,-0.04
951,26.086957,41.0,-0.04
952,26.086957,42.0,-0.04
953,26.086957,43.0,-0.04
954,26.086957,44.0,-0.04
955,26.086957,45.0,-0.04
956,26.086957,46.0,-0.04
957,26.086957,47.0,-0.04
958,26.086957,48.0,-0.04
959,26.086957,49.0,-0.04
960,26.086957,50.0,-0.04
961,26.086957,51.0,-0.04
962,26.086957,52.0,-0.04
963,26.086957,53.0,-0.04
964,26.086957,54.0,-0.04
965,26.086957,55.0,-0.04
966,26.086957,56.0,-0.04
967,26.086957,57.0,-0.04
968,26.086957,58.0,-0.04
969,26.086957,59.0,-0.04
970,30.434783,60.0,-0.04
971,30.434783,61.0,-0.04
972,30.434783,62.0,-0.04
973,34.782609,63.0,-0.04
974,34.782609,64.0,-0.04
975,34.782609,65.0,-0.04
976,34.782609,66.0,-0.04
977,34.782609,67.0,-0.04
978,34.782609,68.0,-0.04
979,34.782609,69.0,-0.04
980,34.782609,70.0,-0.04
981,34.782609,71.0,-0.04
982,34.782609,72.0,-0.04
983,34.782609,73.0,-0.04
984,34.782609,74.0,-0.04
985,34.782609,75.0,-0.04
986,34.782609,76.0,-0.04
987,34.782609,77.0,-0.04
988,34.782609,78.0,-0.04
989,34.782609,79.0,-0.04
990,34.782609,80.0,-0.04
991,34.782609,81.0,-0.04
992,34.782609,82.0,-0.04
993,39.130435,83.0,-0.04
994,39.130435,84.0,-0.04
995,43.478261,85.0,-0.04
996,43.478261,86.0,-0.04
997,47.826087,87.0,-0.04
998,47.826087,88.0,-0.04
999,47.826087,89.0,-0.04
1000,52.173913,90.0,-0.04
1001,17.391304,0.0,-0.03
1002,17.391304,1.0,-0.03
1003,17.391304,2.0,-0.03
1004,17.391304,3.0,-0.03
1005,17.391304,4.0,-0.03
1006,17.391304,5.0,-0.03
1007,17.391304,6.0,-0.03
1008,17.391304,7.0,-0.03
1009,17.391304,8.0,-0.03
1010,17.391304,9.0,-0.03
1011,17.391304,10.0,-0.03
1012,17.391304,11.0,-0.03
1013,17.391304,12.0,-0.03
1014,17.391304,13.0,-0.03
1015,17.391304,14.0,-0.03
1016,17.391304,15.0,-0.03
1017,17.391304,16.0,-0.03
1018,17.391304,17.0,-0.03
1019,17.391304,18.0,-0.03
1020,17.391304,19.0,-0.03
1021,17.391304,20.0,-0.03
1022,17.391304,21.0,-0.03
1023,17.391304,22.0,-0.03
1024,17.391304,23.0,-0.03
1025,21.73913,24.0,-0.03
1026,21.73913,25.0,-0.03
1027,21.73913,26.0,-0.03
1028,21.73913,27.0,-0.03
1029,21.73913,28.0,-0.03
1030,21.73913,29.0,-0.03
1031,21.73913,30.0,-0.03
1032,21.73913,31.0,-0.03
1033,21.73913,32.0,-0.03
1034,21.73913,33.0,-0.03
1035,21.73913,34.0,-0.03
1036,21.73913,35.0,-0.03
1037,21.73913,36.0,-0.03
1038,21.73913,37.0,-0.03
1039,21.73913,38.0,-0.03
1040,21.73913,39.0,-0.03
1041,21.73913,40.0,-0.03
1042,21.73913,41.0,-0.03
1043,21.73913,42.0,-0.03
1044,21.73913,43.0,-0.03
1045,21.73913,44.0,-0.03
1046,21.73913,45.0,-0.03
1047,21.73913,46.0,-0.03
1048,21.73913,47.0,-0.03
1049,21.73913,48.0,-0.03
1050,21.73913,49.0,-0.03
1051,21.73913,50.0,-0.03
1052,21.73913,51.0,-0.03
1053,21.73913,52.0,-0.03
1054,21.73913,53.0,-0.03
1055,21.73913,54.0,-0.03
1056,21.73913,55.0,-0.03
1057,21.73913,56.0,-0.03
1058,21.73913,57.0,-0.03
1059,21.73913,58.0,-0.03
1060,21.73913,59.0,-0.03
1061,21.73913,60.0,-0.03
1062,21.73913,61.0,-0.03
1063,26.086957,62.0,-0.03
1064,26.086957,63.0,-0.03
1065,26.086957,64.0,-0.03
1066,26.086957,65.0,-0.03
1067,26.086957,66.0,-0.03
1068,26.086957,67.0,-0.03
1069,26.086957,68.0,-0.03
1070,26.086957,69.0,-0.03
1071,30.434783,70.0,-0.03
1072,30.434783,71.0,-0.03
1073,30.434783,72.0,-0.03
1074,30.434783,73.0,-0.03
1075,34.782609,74.0,-0.03
1076,34.782609,75.0,-0.03
1077,39.130435,76.0,-0.03
1078,39.130435,77.0,-0.03
1079,39.130435,78.0,-0.03
1080,39.130435,79.0,-0.03
1081,43.478261,80.0,-0.03
1082,43.478261,81.0,-0.03
1083,47.826087,82.0,-0.03
1084,47.826087,83.0,-0.03
1085,52.173913,84.0,-0.03
1086,52.173913,85.0,-0.03
1087,56.521739,86.0,-0.03
1088,56.521739,87.0,-0.03
1089,56.521739,88.0,-0.03
1090,56.521739,89.0,-0.03
1091,60.869565,90.0,-0.03
1092,13.043478,0.0,-0.02
1093,13.043478,1.0,-0.02
1094,13.043478,2.0,-0.02
1095,13.043478,3.0,-0.02
1096,13.043478,4.0,-0.02
1097,13.043478,5.0,-0.02
1098,13.043478,6.0,-0.02
1099,13.043478,7.0,-0.02
1100,13.043478,8.0,-0.02
1101,13.043478,9.0,-0.02
1102,13.043478,10.0,-0.02
1103,13.043478,11.0,-0.02
1104,13.043478,12.0,-0.02
1105,13.043478,13.0,-0.02
1106,13.043478,14.0,-0.02
1107,13.043478,15.0,-0.02
1108,13.043478,16.0,-0.02
1109,13.043478,17.0,-0.02
1110,13.043478,18.0,-0.02
1111,13.043478,19.0,-0.02
1112,13.043478,20.0,-0.02
1113,13.043478,21.0,-0.02
1114,13.043478,22.0,-0.02
1115,13.043478,23.0,-0.02
1116,13.043478,24.0,-0.02
1117,13.043478,25.0,-0.02
1118,13.043478,26.0,-0.02
1119,13.043478,27.0,-0.02
1120,13.043478,28.0,-0.02
1121,13.043478,29.0,-0.02
1122,13.043478,30.0,-0.02
1123,13.043478,31.0,-0.02
1124,13.043478,32.0,-0.02
1125,13.043478,33.0,-0.02
1126,13.043478,34.0,-0.02
1127,13.043478,35.0,-0.02
1128,13.043478,36.0,-0.02
1129,13.043478,37.0,-0.02
1130,13.043478,38.0,-0.02
1131,13.043478,39.0,-0.02
1132,13.043478,40.0,-0.02
1133,13.043478,41.0,-0.02
1134,17.391304,42.0,-0.02
1135,17.391304,43.0,-0.02
1136,17.391304,44.0,-0.02
1137,17.391304,45.0,-0.02
1138,17.391304,46.0,-0.02
1139,17.391304,47.0,-0.02
1140,17.391304,48.0,-0.02
1141,17.391304,49.0,-0.02
1142,17.391304,50.0,-0.02
1143,17.391304,51.0,-0.02
1144,17.391304,52.0,-0.02
1145,17.391304,53.0,-0.02
1146,17.391304,54.0,-0.02
1147,17.391304,55.0,-0.02
1148,17.391304,56.0,-0.02
1149,26.086957,57.0,-0.02
1150,26.086957,58.0,-0.02
1151,26.086957,59.0,-0.02
1152,26.086957,60.0,-0.02
1153,26.086957,61.0,-0.02
1154,26.086957,62.0,-0.02
1155,26.086957,63.0,-0.02
1156,26.086957,64.0,-0.02
1157,26.086957,65.0,-0.02
1158,26.086957,66.0,-0.02
1159,26.086957,67.0,-0.02
1160,26.086957,68.0,-0.02
1161,26.086957,69.0,-0.02
1162,30.434783,70.0,-0.02
1163,34.782609,71.0,-0.02
1164,34.782609,72.0,-0.02
1165,34.782609,73.0,-0.02
1166,34.782609,74.0,-0.02
1167,34.782609,75.0,-0.02
1168,34.782609,76.0,-0.02
1169,34.782609,77.0,-0.02
1170,34.782609,78.0,-0.02
1171,34.782609,79.0,-0.02
1172,43.478261,80.0,-0.02
1173,47.826087,81.0,-0.02
1174,52.173913,82.0,-0.02
1175,52.173913,83.0,-0.02
1176,52.173913,84.0,-0.02
1177,52.173913,85.0,-0.02
1178,52.173913,86.0,-0.02
1179,52.173913,87.0,-0.02
1180,52.173913,88.0,-0.02
1181,52.173913,89.0,-0.02
1182,56.521739,90.0,-0.02
1183,4.347826,0.0,-0.01
1184,4.347826,1.0,-0.01
1185,4.347826,2.0,-0.01
1186,4.347826,3.0,-0.01
1187,4.347826,4.0,-0.01
1188,4.347826,5.0,-0.01
1189,4.347826,6.0,-0.01
1190,4.347826,7.0,-0.01
1191,4.347826,8.0,-0.01
1192,4.347826,9.0,-0.01
1193,4.347826,10.0,-0.01
1194,4.347826,11.0,-0.01
1195,4.347826,12.0,-0.01
1196,4.347826,13.0,-0.01
1197,4.347826,14.0,-0.01
1198,4.347826,15.0,-0.01
1199,4.347826,16.0,-0.01
1200,4.347826,17.0,-0.01
1201,4.347826,18.0,-0.01
1202,8.695652,19.0,-0.01
1203,8.695652,20.0,-0.01
1204,8.695652,21.0,-0.01
1205,8.695652,22.0,-0.01
1206,8.695652,23.0,-0.01
1207,8.695652,24.0,-0.01
1208,8.695652,25.0,-0.01
1209,8.695652,26.0,-0.01
1210,8.695652,27.0,-0.01
1211,8.695652,28.0,-0.01
1212,8.695652,29.0,-0.01
1213,8.695652,30.0,-0.01
1214,8.695652,31.0,-0.01
1215,8.695652,32.0,-0.01
1216,8.695652,33.0,-0.01
1217,8.695652,34.0,-0.01
1218,8.695652,35.0,-0.01
1219,8.695652,36.0,-0.01
1220,8.695652,37.0,-0.01
1221,8.695652,38.0,-0.01
1222,8.695652,39.0,-0.01
1223,8.695652,40.0,-0.01
1224,8.695652,41.0,-0.01
1225,13.043478,42.0,-0.01
1226,13.043478,43.0,-0.01
1227,13.043478,44.0,-0.01
1228,13.043478,45.0,-0.01
1229,13.043478,46.0,-0.01
1230,13.043478,47.0,-0.01
1231,13.043478,48.0,-0.01
1232,13.043478,49.0,-0.01
1233,13.043478,50.0,-0.01
1234,13.043478,51.0,-0.01
1235,13.043478,52.0,-0.01
1236,13.043478,53.0,-0.01
1237,13.043478,54.0,-0.01
1238,13.043478,55.0,-0.01
1239,13.043478,56.0,-0.01
1240,17.391304,57.0,-0.01
1241,17.391304,58.0,-0.01
1242,17.391304,59.0,-0.01
1243,21.73913,60.0,-0.01
1244,21.73913,61.0,-0.01
1245,26.086957,62.0,-0.01
1246,26.086957,63.0,-0.01
1247,26.086957,64.0,-0.01
1248,26.086957,65.0,-0.01
1249,26.086957,66.0,-0.01
1250,26.086957,67.0,-0.01
1251,26.086957,68.0,-0.01
1252,26.086957,69.0,-0.01
1253,26.086957,70.0,-0.01
1254,26.086957,71.0,-0.01
1255,26.086957,72.0,-0.01
1256,30.434783,73.0,-0.01
1257,34.782609,74.0,-0.01
1258,39.130435,75.0,-0.01
1259,43.478261,76.0,-0.01
1260,47.826087,77.0,-0.01
1261,47.826087,78.0,-0.01
1262,47.826087,79.0,-0.01
1263,47.826087,80.0,-0.01
1264,47.826087,81.0,-0.01
1265,47.826087,82.0,-0.01
1266,47.826087,83.0,-0.01
1267,47.826087,84.0,-0.01
1268,47.826087,85.0,-0.01
1269,52.173913,86.0,-0.01
1270,56.521739,87.0,-0.01
1271,60.869565,88.0,-0.01
1272,65.217391,89.0,-0.01
1273,69.565217,90.0,-0.01
1274,0.0,0.0,0.0
1275,0.0,1.0,0.0
1276,0.0,2.0,0.0
1277,0.0,3.0,0.0
1278,0.0,4.0,0.0
1279,0.0,5.0,0.0
1280,0.0,6.0,0.0
1281,0.0,7.0,0.0
1282,0.0,8.0,0.0
1283,0.0,9.0,0.0
1284,0.0,10.0,0.0
1285,0.0,11.0,0.0
1286,0.0,12.0,0.0
1287,0.0,13.0,0.0
1288,0.0,14.0,0.0
1289,0.0,15.0,0.0
1290,0.0,16.0,0.0
1291,0.0,17.0,0.0
1292,0.0,18.0,0.0
1293,4.347826,19.0,0.0
1294,4.347826,20.0,0.0
1295,4.347826,21.0,0.0
1296,4.347826,22.0,0.0
1297,4.347826,23.0,0.0
1298,8.695652,24.0,0.0
1299,8.695652,25.0,0.0
1300,8.695652,26.0,0.0
1301,8.695652,27.0,0.0
1302,8.695652,28.0,0.0
1303,8.695652,29.0,0.0
1304,8.695652,30.0,0.0
1305,13.043478,31.0,0.0
1306,13.043478,32.0,0.0
1307,13.043478,33.0,0.0
1308,13.043478,34.0,0.0
1309,13.043478,35.0,0.0
1310,13.043478,36.0,0.0
1311,13.043478,37.0,0.0
1312,13.043478,38.0,0.0
1313,17.391304,39.0,0.0
1314,17.391304,40.0,0.0
1315,17.391304,41.0,0.0
1316,17.391304,42.0,0.0
1317,17.391304,43.0,0.0
1318,17.391304,44.0,0.0
1319,17.391304,45.0,0.0
1320,17.391304,46.0,0.0
1321,17.391304,47.0,0.0
1322,17.391304,48.0,0.0
1323,17.391304,49.0,0.0
1324,17.391304,50.0,0.0
1325,17.391304,51.0,0.0
1326,21.73913,52.0,0.0
1327,21.73913,53.0,0.0
1328,21.73913,54.0,0.0
1329,21.73913,55.0,0.0
1330,21.73913,56.0,0.0
1331,26.086957,57.0,0.0
1332,26.086957,58.0,0.0
1333,26.086957,59.0,0.0
1334,26.086957,60.0,0.0
1335,26.086957,61.0,0.0
1336,26.086957,62.0,0.0
1337,30.434783,63.0,0.0
1338,30.434783,64.0,0.0
1339,30.434783,65.0,0.0
1340,30.434783,66.0,0.0
1341,30.434783,67.0,0.0
1342,30.434783,68.0,0.0
1343,34.782609,69.0,0.0
1344,34.782609,70.0,0.0
1345,34.782609,71.0,0.0
1346,34.782609,72.0,0.0
1347,34.782609,73.0,0.0
1348,39.130435,74.0,0.0
1349,39.130435,75.0,0.0
1350,39.130435,76.0,0.0
1351,43.478261,77.0,0.0
1352,43.478261,78.0,0.0
1353,47.826087,79.0,0.0
1354,47.826087,80.0,0.0
1355,47.826087,81.0,0.0
1356,52.173913,82.0,0.0
1357,52.173913,83.0,0.0
1358,52.173913,84.0,0.0
1359,56.521739,85.0,0.0
1360,56.521739,86.0,0.0
1361,60.869565,87.0,0.0
1362,60.869565,88.0,0.0
1363,60.869565,89.0,0.0
1364,65.217391,90.0,0.0
1365,0.0,0.0,0.01
1366,0.0,1.0,0.01
1367,0.0,2.0,0.01
1368,0.0,3.0,0.01
1369,0.0,4.0,0.01
1370,0.0,5.0,0.01
1371,0.0,6.0,0.01
1372,0.0,7.0,0.01
1373,0.0,8.0,0.01
1374,0.0,9.0,0.01
1375,0.0,10.0,0.01
1376,0.0,11.0,0.01
1377,0.0,12.0,0.01
1378,0.0,13.0,0.01
1379,0.0,14.0,0.01
1380,0.0,15.0,0.01
1381,0.0,16.0,0.01
1382,0.0,17.0,0.01
1383,0.0,18.0,0.01
1384,0.0,19.0,0.01
1385,0.0,20.0,0.01
1386,0.0,21.0,0.01
1387,0.0,22.0,0.01
1388,0.0,23.0,0.01
1389,0.0,24.0,0.01
1390,0.0,25.0,0.01
1391,0.0,26.0,0.01
1392,0.0,27.0,0.01
1393,0.0,28.0,0.01
1394,4.347826,29.0,0.01
1395,4.347826,30.0,0.01
1396,4.347826,31.0,0.01
1397,4.347826,32.0,0.01
1398,4.347826,33.0,0.01
1399,4.347826,34.0,0.01
1400,4.347826,35.0,0.01
1401,4.347826,36.0,0.01
1402,4.347826,37.0,0.01
1403,4.347826,38.0,0.01
1404,4.347826,39.0,0.01
1405,4.347826,40.0,0.01
1406,4.347826,41.0,0.01
1407,4.347826,42.0,0.01
1408,8.695652,43.0,0.01
1409,8.695652,44.0,0.01
1410,8.695652,45.0,0.01
1411,8.695652,46.0,0.01
1412,8.695652,47.0,0.01
1413,8.695652,48.0,0.01
1414,13.043478,49.0,0.01
1415,13.043478,50.0,0.01
1416,13.043478,51.0,0.01
1417,17.391304,52.0,0.01
1418,17.391304,53.0,0.01
1419,17.391304,54.0,0.01
1420,17.391304,55.0,0.01
1421,17.391304,56.0,0.01
1422,17.391304,57.0,0.01
1423,17.391304,58.0,0.01
1424,17.391304,59.0,0.01
1425,17.391304,60.0,0.01
1426,17.391304,61.0,0.01
1427,17.391304,62.0,0.01
1428,21.73913,63.0,0.01
1429,21.73913,64.0,0.01
1430,26.086957,65.0,0.01
1431,26.086957,66.0,0.01
1432,30.434783,67.0,0.01
1433,30.434783,68.0,0.01
1434,30.434783,69.0,0.01
1435,30.434783,70.0,0.01
1436,30.434783,71.0,0.01
1437,30.434783,72.0,0.01
1438,30.434783,73.0,0.01
1439,30.434783,74.0,0.01
1440,30.434783,75.0,0.01
1441,30.434783,76.0,0.01
1442,34.782609,77.0,0.01
1443,39.130435,78.0,0.01
1444,43.478261,79.0,0.01
1445,47.826087,80.0,0.01
1446,52.173913,81.0,0.01
1447,52.173913,82.0,0.01
1448,52.173913,83.0,0.01
1449,52.173913,84.0,0.01
1450,52.173913,85.0,0.01
1451,52.173913,86.0,0.01
1452,52.173913,87.0,0.01
1453,52.173913,88.0,0.01
1454,52.173913,89.0,0.01
1455,56.521739,90.0,0.01
1456,8.695652,0.0,0.02
1457,8.695652,1.0,0.02
1458,8.695652,2.0,0.02
1459,8.695652,3.0,0.02
1460,8.695652,4.0,0.02
1461,8.695652,5.0,0.02
1462,8.695652,6.0,0.02
1463,8.695652,7.0,0.02
1464,8.695652,8.0,0.02
1465,8.695652,9.0,0.02
1466,8.695652,10.0,0.02
1467,8.695652,11.0,0.02
1468,8.695652,12.0,0.02
1469,8.695652,13.0,0.02
1470,8.695652,14.0,0.02
1471,8.695652,15.0,0.02
1472,8.695652,16.0,0.02
1473,8.695652,17.0,0.02
1474,8.695652,18.0,0.02
1475,8.695652,19.0,0.02
1476,8.695652,20.0,0.02
1477,8.695652,21.0,0.02
1478,8.695652,22.0,0.02
1479,8.695652,23.0,0.02
1480,8.695652,24.0,0.02
1481,8.695652,25.0,0.02
1482,8.695652,26.0,0.02
1483,8.695652,27.0,0.02
1484,8.695652,28.0,0.02
1485,8.695652,29.0,0.02
1486,8.695652,30.0,0.02
1487,8.695652,31.0,0.02
1488,8.695652,32.0,0.02
1489,8.695652,33.0,0.02
1490,8.695652,34.0,0.02
1491,8.695652,35.0,0.02
1492,8.695652,36.0,0.02
1493,13.043478,37.0,0.02
1494,13.043478,38.0,0.02
1495,13.043478,39.0,0.02
1496,13.043478,40.0,0.02
1497,13.043478,41.0,0.02
1498,13.043478,42.0,0.02
1499,13.043478,43.0,0.02
1500,13.043478,44.0,0.02
1501,13.043478,45.0,0.02
1502,13.043478,46.0,0.02
1503,13.043478,47.0,0.02
1504,13.043478,48.0,0.02
1505,13.043478,49.0,0.02
1506,13.043478,50.0,0.02
1507,17.391304,51.0,0.02
1508,21.73913,52.0,0.02
1509,21.73913,53.0,0.02
1510,21.73913,54.0,0.02
1511,21.73913,55.0,0.02
1512,21.73913,56.0,0.02
1513,21.73913,57.0,0.02
1514,21.73913,58.0,0.02
1515,21.73913,59.0,0.02
1516,21.73913,60.0,0.02
1517,21.73913,61.0,0.02
1518,21.73913,62.0,0.02
1519,21.73913,63.0,0.02
1520,30.434783,64.0,0.02
1521,30.434783,65.0,0.02
1522,30.434783,66.0,0.02
1523,30.434783,67.0,0.02
1524,30.434783,68.0,0.02
1525,30.434783,69.0,0.02
1526,30.434783,70.0,0.02
1527,30.434783,71.0,0.02
1528,30.434783,72.0,0.02
1529,30.434783,73.0,0.02
1530,30.434783,74.0,0.02
1531,39.130435,75.0,0.02
1532,43.478261,76.0,0.02
1533,47.826087,77.0,0.02
1534,47.826087,78.0,0.02
1535,47.826087,79.0,0.02
1536,47.826087,80.0,0.02
1537,47.826087,81.0,0.02
1538,47.826087,82.0,0.02
1539,47.826087,83.0,0.02
1540,47.826087,84.0,0.02
1541,56.521739,85.0,0.02
1542,60.869565,86.0,0.02
1543,65.217391,87.0,0.02
1544,65.217391,88.0,0.02
1545,65.217391,89.0,0.02
1546,65.217391,90.0,0.02
1547,13.043478,0.0,0.03
1548,13.043478,1.0,0.03
1549,13.043478,2.0,0.03
1550,13.043478,3.0,0.03
1551,13.043478,4.0,0.03
1552,13.043478,5.0,0.03
1553,13.043478,6.0,0.03
1554,13.043478,7.0,0.03
1555,13.043478,8.0,0.03
1556,13.043478,9.0,0.03
1557,13.043478,10.0,0.03
1558,13.043478,11.0,0.03
1559,13.043478,12.0,0.03
1560,13.043478,13.0,0.03
1561,13.043478,14.0,0.03
1562,13.043478,15.0,0.03
1563,13.043478,16.0,0.03
1564,13.043478,17.0,0.03
1565,13.043478,18.0,0.03
1566,13.043478,19.0,0.03
1567,13.043478,20.0,0.03
1568,13.043478,21.0,0.03
1569,13.043478,22.0,0.03
1570,13.043478,23.0,0.03
1571,13.043478,24.0,0.03
1572,13.043478,25.0,0.03
1573,13.043478,26.0,0.03
1574,13.043478,27.0,0.03
1575,13.043478,28.0,0.03
1576,13.043478,29.0,0.03
1577,13.043478,30.0,0.03
1578,13.043478,31.0,0.03
1579,13.043478,32.0,0.03
1580,13.043478,33.0,0.03
1581,13.043478,34.0,0.03
1582,13.043478,35.0,0.03
1583,13.043478,36.0,0.03
1584,13.043478,37.0,0.03
1585,13.043478,38.0,0.03
1586,13.043478,39.0,0.03
1587,13.043478,40.0,0.03
1588,13.043478,41.0,0.03
1589,13.043478,42.0,0.03
1590,17.391304,43.0,0.03
1591,17.391304,44.0,0.03
1592,17.391304,45.0,0.03
1593,17.391304,46.0,0.03
1594,17.391304,47.0,0.03
1595,17.391304,48.0,0.03
1596,17.391304,49.0,0.03
1597,17.391304,50.0,0.03
1598,17.391304,51.0,0.03
1599,21.73913,52.0,0.03
1600,21.73913,53.0,0.03
1601,21.73913,54.0,0.03
1602,26.086957,55.0,0.03
1603,26.086957,56.0,0.03
1604,26.086957,57.0,0.03
1605,26.086957,58.0,0.03
1606,26.086957,59.0,0.03
1607,26.086957,60.0,0.03
1608,26.086957,61.0,0.03
1609,26.086957,62.0,0.03
1610,30.434783,63.0,0.03
1611,30.434783,64.0,0.03
1612,30.434783,65.0,0.03
1613,30.434783,66.0,0.03
1614,30.434783,67.0,0.03
1615,30.434783,68.0,0.03
1616,30.434783,69.0,0.03
1617,34.782609,70.0,0.03
1618,34.782609,71.0,0.03
1619,34.782609,72.0,0.03
1620,34.782609,73.0,0.03
1621,39.130435,74.0,0.03
1622,39.130435,75.0,0.03
1623,43.478261,76.0,0.03
1624,43.478261,77.0,0.03
1625,43.478261,78.0,0.03
1626,43.478261,79.0,0.03
1627,47.826087,80.0,0.03
1628,47.826087,81.0,0.03
1629,52.173913,82.0,0.03
1630,52.173913,83.0,0.03
1631,52.173913,84.0,0.03
1632,56.521739,85.0,0.03
1633,56.521739,86.0,0.03
1634,60.869565,87.0,0.03
1635,60.869565,88.0,0.03
1636,65.217391,89.0,0.03
1637,65.217391,90.0,0.03
1638,21.73913,0.0,0.04
1639,21.73913,1.0,0.04
1640,21.73913,2.0,0.04
1641,21.73913,3.0,0.04
1642,21.73913,4.0,0.04
1643,21.73913,5.0,0.04
1644,21.73913,6.0,0.04
1645,21.73913,7.0,0.04
1646,21.73913,8.0,0.04
1647,21.73913,9.0,0.04
1648,21.73913,10.0,0.04
1649,21.73913,11.0,0.04
1650,21.73913,12.0,0.04
1651,21.73913,13.0,0.04
1652,21.73913,14.0,0.04
1653,21.73913,15.0,0.04
1654,21.73913,16.0,0.04
1655,21.73913,17.0,0.04
1656,21.73913,18.0,0.04
1657,21.73913,19.0,0.04
1658,21.73913,20.0,0.04
1659,21.73913,21.0,0.04
1660,21.73913,22.0,0.04
1661,21.73913,23.0,0.04
1662,21.73913,24.0,0.04
1663,21.73913,25.0,0.04
1664,21.73913,26.0,0.04
1665,21.73913,27.0,0.04
1666,21.73913,28.0,0.04
1667,21.73913,29.0,0.04
1668,21.73913,30.0,0.04
1669,21.73913,31.0,0.04
1670,21.73913,32.0,0.04
1671,21.73913,33.0,0.04
1672,21.73913,34.0,0.04
1673,21.73913,35.0,0.04
1674,21.73913,36.0,0.04
1675,21.73913,37.0,0.04
1676,21.73913,38.0,0.04
1677,21.73913,39.0,0.04
1678,21.73913,40.0,0.04
1679,21.73913,41.0,0.04
1680,21.73913,42.0,0.04
1681,21.73913,43.0,0.04
1682,21.73913,44.0,0.04
1683,21.73913,45.0,0.04
1684,21.73913,46.0,0.04
1685,21.73913,47.0,0.04
1686,21.73913,48.0,0.04
1687,26.086957,49.0,0.04
1688,26.086957,50.0,0.04
1689,26.086957,51.0,0.04
1690,30.434783,52.0,0.04
1691,30.434783,53.0,0.04
1692,30.434783,54.0,0.04
1693,30.434783,55.0,0.04
1694,30.434783,56.0,0.04
1695,30.434783,57.0,0.04
1696,30.434783,58.0,0.04
1697,30.434783,59.0,0.04
1698,30.434783,60.0,0.04
1699,30.434783,61.0,0.04
1700,30.434783,62.0,0.04
1701,30.434783,63.0,0.04
1702,30.434783,64.0,0.04
1703,30.434783,65.0,0.04
1704,30.434783,66.0,0.04
1705,30.434783,67.0,0.04
1706,30.434783,68.0,0.04
1707,30.434783,69.0,0.04
1708,30.434783,70.0,0.04
1709,30.434783,71.0,0.04
1710,30.434783,72.0,0.04
1711,34.782609,73.0,0.04
1712,34.782609,74.0,0.04
1713,39.130435,75.0,0.04
1714,39.130435,76.0,0.04
1715,43.478261,77.0,0.04
1716,43.478261,78.0,0.04
1717,47.826087,79.0,0.04
1718,47.826087,80.0,0.04
1719,52.173913,81.0,0.04
1720,52.173913,82.0,0.04
1721,52.173913,83.0,0.04
1722,56.521739,84.0,0.04
1723,56.521739,85.0,0.04
1724,60.869565,86.0,0.04
1725,60.869565,87.0,0.04
1726,65.217391,88.0,0.04
1727,65.217391,89.0,0.04
1728,65.217391,90.0,0.04
1729,26.086957,0.0,0.05
1730,26.086957,1.0,0.05
1731,26.086957,2.0,0.05
1732,26.086957,3.0,0.05
1733,26.086957,4.0,0.05
1734,26.086957,5.0,0.05
1735,26.086957,6.0,0.05
1736,26.086957,7.0,0.05
1737,26.086957,8.0,0.05
1738,26.086957,9.0,0.05
1739,26.086957,10.0,0.05
1740,26.086957,11.0,0.05
1741,26.086957,12.0,0.05
1742,26.086957,13.0,0.05
1743,26.086957,14.0,0.05
1744,26.086957,15.0,0.05
1745,26.086957,16.0,0.05
1746,26.086957,17.0,0.05
1747,26.086957,18.0,0.05
1748,26.086957,19.0,0.05
1749,26.086957,20.0,0.05
1750,26.086957,21.0,0.05
1751,26.086957,22.0,0.05
1752,26.086957,23.0,0.05
1753,26.086957,24.0,0.05
1754,26.086957,25.0,0.05
1755,26.086957,26.0,0.05
1756,26.086957,27.0,0.05
1757,26.086957,28.0,0.05
1758,26.086957,29.0,0.05
1759,26.086957,30.0,0.05
1760,26.086957,31.0,0.05
1761,26.086957,32.0,0.05
1762,26.086957,33.0,0.05
1763,26.086957,34.0,0.05
1764,26.086957,35.0,0.05
1765,26.086957,36.0,0.05
1766,26.086957,37.0,0.05
1767,26.086957,38.0,0.05
1768,26.086957,39.0,0.05
1769,26.086957,40.0,0.05
1770,26.086957,41.0,0.05
1771,26.086957,42.0,0.05
1772,26.086957,43.0,0.05
1773,26.086957,44.0,0.05
1774,26.086957,45.0,0.05
1775,26.086957,46.0,0.05
1776,26.086957,47.0,0.05
1777,26.086957,48.0,0.05
1778,26.086957,49.0,0.05
1779,26.086957,50.0,0.05
1780,26.086957,51.0,0.05
1781,30.434783,52.0,0.05
1782,30.434783,53.0,0.05
1783,34.782609,54.0,0.05
1784,34.782609,55.0,0.05
1785,39.130435,56.0,0.05
1786,43.478261,57.0,0.05
1787,43.478261,58.0,0.05
1788,47.826087,59.0,0.05
1789,47.826087,60.0,0.05
1790,52.173913,61.0,0.05
1791,52.173913,62.0,0.05
1792,56.521739,63.0,0.05
1793,56.521739,64.0,0.05
1794,60.869565,65.0,0.05
1795,60.869565,66.0,0.05
1796,65.217391,67.0,0.05
1797,65.217391,68.0,0.05
1798,69.565217,69.0,0.05
1799,69.565217,70.0,0.05
1800,73.913043,71.0,0.05
1801,73.913043,72.0,0.05
1802,78.26087,73.0,0.05
1803,78.26087,74.0,0.05
1804,78.26087,75.0,0.05
1805,78.26087,76.0,0.05
1806,78.26087,77.0,0.05
1807,78.26087,78.0,0.05
1808,78.26087,79.0,0.05
1809,78.26087,80.0,0.05
1810,78.26087,81.0,0.05
1811,78.26087,82.0,0.05
1812,78.26087,83.0,0.05
1813,78.26087,84.0,0.05
1814,78.26087,85.0,0.05
1815,78.26087,86.0,0.05
1816,78.26087,87.0,0.05
1817,78.26087,88.0,0.05
1818,78.26087,89.0,0.05
1819,78.26087,90.0,0.05
1820,34.782609,0.0,0.06
1821,34.782609,1.0,0.06
1822,34.782609,2.0,0.06
1823,34.782609,3.0,0.06
1824,34.782609,4.0,0.06
1825,34.782609,5.0,0.06
1826,34.782609,6.0,0.06
1827,34.782609,7.0,0.06
1828,34.782609,8.0,0.06
1829,34.782609,9.0,0.06
1830,34.782609,10.0,0.06
1831,34.782609,11.0,0.06
1832,34.782609,12.0,0.06
1833,34.782609,13.0,0.06
1834,34.782609,14.0,0.06
1835,34.782609,15.0,0.06
1836,34.782609,16.0,0.06
1837,34.782609,17.0,0.06
1838,34.782609,18.0,0.06
1839,34.782609,19.0,0.06
1840,34.782609,20.0,0.06
1841,34.782609,21.0,0.06
1842,34.782609,22.0,0.06
1843,34.782609,23.0,0.06
1844,34.782609,24.0,0.06
1845,34.782609,25.0,0.06
1846,34.782609,26.0,0.06
1847,34.782609,27.0,0.06
1848,34.782609,28.0,0.06
1849,34.782609,29.0,0.06
1850,34.782609,30.0,0.06
1851,34.782609,31.0,0.06
1852,34.782609,32.0,0.06
1853,34.782609,33.0,0.06
1854,34.782609,34.0,0.06
1855,34.782609,35.0,0.06
1856,34.782609,36.0,0.06
1857,34.782609,37.0,0.06
1858,34.782609,38.0,0.06
1859,34.782609,39.0,0.06
1860,34.782609,40.0,0.06
1861,34.782609,41.0,0.06
1862,34.782609,42.0,0.06
1863,34.782609,43.0,0.06
1864,34.782609,44.0,0.06
1865,34.782609,45.0,0.06
1866,34.782609,46.0,0.06
1867,34.782609,47.0,0.06
1868,34.782609,48.0,0.06
1869,34.782609,49.0,0.06
1870,34.782609,50.0,0.06
1871,34.782609,51.0,0.06
1872,39.130435,52.0,0.06
1873,39.130435,53.0,0.06
1874,39.130435,54.0,0.06
1875,39.130435,55.0,0.06
1876,39.130435,56.0,0.06
1877,39.130435,57.0,0.06
1878,39.130435,58.0,0.06
1879,43.478261,59.0,0.06
1880,43.478261,60.0,0.06
1881,43.478261,61.0,0.06
1882,43.478261,62.0,0.06
1883,43.478261,63.0,0.06
1884,43.478261,64.0,0.06
1885,47.826087,65.0,0.06
1886,47.826087,66.0,0.06
1887,47.826087,67.0,0.06
1888,47.826087,68.0,0.06
1889,47.826087,69.0,0.06
1890,47.826087,70.0,0.06
1891,52.173913,71.0,0.06
1892,52.173913,72.0,0.06
1893,52.173913,73.0,0.06
1894,52.173913,74.0,0.06
1895,56.521739,75.0,0.06
1896,60.869565,76.0,0.06
1897,60.869565,77.0,0.06
1898,60.869565,78.0,0.06
1899,60.869565,79.0,0.06
1900,65.217391,80.0,0.06
1901,65.217391,81.0,0.06
1902,69.565217,82.0,0.06
1903,69.565217,83.0,0.06
1904,69.565217,84.0,0.06
1905,69.565217,85.0,0.06
1906,73.913043,86.0,0.06
1907,73.913043,87.0,0.06
1908,78.26087,88.0,0.06
1909,78.26087,89.0,0.06
1910,78.26087,90.0,0.06
1911,39.130435,0.0,0.07
1912,39.130435,1.0,0.07
1913,39.130435,2.0,0.07
1914,39.130435,3.0,0.07
1915,39.130435,4.0,0.07
1916,39.130435,5.0,0.07
1917,39.130435,6.0,0.07
1918,39.130435,7.0,0.07
1919,39.130435,8.0,0.07
1920,39.130435,9.0,0.07
1921,39.130435,10.0,0.07
1922,39.130435,11.0,0.07
1923,39.130435,12.0,0.07
1924,39.130435,13.0,0.07
1925,39.130435,14.0,0.07
1926,39.130435,15.0,0.07
1927,39.130435,16.0,0.07
1928,39.130435,17.0,0.07
1929,39.130435,18.0,0.07
1930,39.130435,19.0,0.07
1931,39.130435,20.0,0.07
1932,39.130435,21.0,0.07
1933,39.130435,22.0,0.07
1934,39.130435,23.0,0.07
1935,39.130435,24.0,0.07
1936,39.130435,25.0,0.07
1937,39.130435,26.0,0.07
1938,39.130435,27.0,0.07
1939,39.130435,28.0,0.07
1940,39.130435,29.0,0.07
1941,39.130435,30.0,0.07
1942,39.130435,31.0,0.07
1943,39.130435,32.0,0.07
1944,39.130435,33.0,0.07
1945,39.130435,34.0,0.07
1946,39.130435,35.0,0.07
1947,39.130435,36.0,0.07
1948,39.130435,37.0,0.07
1949,39.130435,38.0,0.07
1950,39.130435,39.0,0.07
1951,39.130435,40.0,0.07
1952,39.130435,41.0,0.07
1953,39.130435,42.0,0.07
1954,39.130435,43.0,0.07
1955,39.130435,44.0,0.07
1956,39.130435,45.0,0.07
1957,39.130435,46.0,0.07
1958,39.130435,47.0,0.07
1959,39.130435,48.0,0.07
1960,39.130435,49.0,0.07
1961,39.130435,50.0,0.07
1962,39.130435,51.0,0.07
1963,43.478261,52.0,0.07
1964,43.478261,53.0,0.07
1965,43.478261,54.0,0.07
1966,43.478261,55.0,0.07
1967,43.478261,56.0,0.07
1968,43.478261,57.0,0.07
1969,43.478261,58.0,0.07
1970,43.478261,59.0,0.07
1971,43.478261,60.0,0.07
1972,43.478261,61.0,0.07
1973,43.478261,62.0,0.07
1974,47.826087,63.0,0.07
1975,47.826087,64.0,0.07
1976,47.826087,65.0,0.07
1977,47.826087,66.0,0.07
1978,47.826087,67.0,0.07
1979,47.826087,68.0,0.07
1980,47.826087,69.0,0.07
1981,52.173913,70.0,0.07
1982,52.173913,71.0,0.07
1983,52.173913,72.0,0.07
1984,56.521739,73.0,0.07
1985,56.521739,74.0,0.07
1986,56.521739,75.0,0.07
1987,56.521739,76.0,0.07
1988,60.869565,77.0,0.07
1989,60.869565,78.0,0.07
1990,60.869565,79.0,0.07
1991,65.217391,80.0,0.07
1992,65.217391,81.0,0.07
1993,69.565217,82.0,0.07
1994,69.565217,83.0,0.07
1995,69.565217,84.0,0.07
1996,69.565217,85.0,0.07
1997,69.565217,86.0,0.07
1998,73.913043,87.0,0.07
1999,73.913043,88.0,0.07
2000,73.913043,89.0,0.07
2001,78.26087,90.0,0.07
2002,47.826087,0.0,0.08
2003,47.826087,1.0,0.08
2004,47.826087,2.0,0.08
2005,47.826087,3.0,0.08
2006,47.826087,4.0,0.08
2007,47.826087,5.0,0.08
2008,47.826087,6.0,0.08
2009,47.826087,7.0,0.08
2010,47.826087,8.0,0.08
2011,47.826087,9.0,0.08
2012,47.826087,10.0,0.08
2013,47.826087,11.0,0.08
2014,47.826087,12.0,0.08
2015,47.826087,13.0,0.08
2016,47.826087,14.0,0.08
2017,47.826087,15.0,0.08
2018,47.826087,16.0,0.08
2019,47.826087,17.0,0.08
2020,47.826087,18.0,0.08
2021,47.826087,19.0,0.08
2022,47.826087,20.0,0.08
2023,47.826087,21.0,0.08
2024,47.826087,22.0,0.08
2025,47.826087,23.0,0.08
2026,47.826087,24.0,0.08
2027,47.826087,25.0,0.08
2028,47.826087,26.0,0.08
2029,47.826087,27.0,0.08
2030,47.826087,28.0,0.08
2031,47.826087,29.0,0.08
2032,47.826087,30.0,0.08
2033,47.826087,31.0,0.08
2034,47.826087,32.0,0.08
2035,47.826087,33.0,0.08
2036,47.826087,34.0,0.08
2037,47.826087,35.0,0.08
2038,47.826087,36.0,0.08
2039,47.826087,37.0,0.08
2040,47.826087,38.0,0.08
2041,47.826087,39.0,0.08
2042,47.826087,40.0,0.08
2043,47.826087,41.0,0.08
2044,47.826087,42.0,0.08
2045,47.826087,43.0,0.08
2046,47.826087,44.0,0.08
2047,47.826087,45.0,0.08
2048,47.826087,46.0,0.08
2049,47.826087,47.0,0.08
2050,47.826087,48.0,0.08
2051,47.826087,49.0,0.08
2052,47.826087,50.0,0.08
2053,47.826087,51.0,0.08
2054,52.173913,52.0,0.08
2055,52.173913,53.0,0.08
2056,52.173913,54.0,0.08
2057,52.173913,55.0,0.08
2058,52.173913,56.0,0.08
2059,52.173913,57.0,0.08
2060,52.173913,58.0,0.08
2061,52.173913,59.0,0.08
2062,52.173913,60.0,0.08
2063,52.173913,61.0,0.08
2064,52.173913,62.0,0.08
2065,52.173913,63.0,0.08
2066,52.173913,64.0,0.08
2067,52.173913,65.0,0.08
2068,52.173913,66.0,0.08
2069,56.521739,67.0,0.08
2070,56.521739,68.0,0.08
2071,56.521739,69.0,0.08
2072,56.521739,70.0,0.08
2073,56.521739,71.0,0.08
2074,56.521739,72.0,0.08
2075,56.521739,73.0,0.08
2076,56.521739,74.0,0.08
2077,56.521739,75.0,0.08
2078,56.521739,76.0,0.08
2079,56.521739,77.0,0.08
2080,56.521739,78.0,0.08
2081,60.869565,79.0,0.08
2082,69.565217,80.0,0.08
2083,73.913043,81.0,0.08
2084,73.913043,82.0,0.08
2085,73.913043,83.0,0.08
2086,73.913043,84.0,0.08
2087,73.913043,85.0,0.08
2088,73.913043,86.0,0.08
2089,73.913043,87.0,0.08
2090,73.913043,88.0,0.08
2091,73.913043,89.0,0.08
2092,73.913043,90.0,0.08
2093,52.173913,0.0,0.09
2094,52.173913,1.0,0.09
2095,52.173913,2.0,0.09
2096,52.173913,3.0,0.09
2097,52.173913,4.0,0.09
2098,52.173913,5.0,0.09
2099,52.173913,6.0,0.09
2100,52.173913,7.0,0.09
2101,52.173913,8.0,0.09
2102,52.173913,9.0,0.09
2103,56.521739,10.0,0.09
2104,56.521739,11.0,0.09
2105,56.521739,12.0,0.09
2106,56.521739,13.0,0.09
2107,56.521739,14.0,0.09
2108,56.521739,15.0,0.09
2109,56.521739,16.0,0.09
2110,56.521739,17.0,0.09
2111,56.521739,18.0,0.09
2112,56.521739,19.0,0.09
2113,56.521739,20.0,0.09
2114,56.521739,21.0,0.09
2115,56.521739,22.0,0.09
2116,56.521739,23.0,0.09
2117,56.521739,24.0,0.09
2118,56.521739,25.0,0.09
2119,56.521739,26.0,0.09
2120,56.521739,27.0,0.09
2121,56.521739,28.0,0.09
2122,56.521739,29.0,0.09
2123,56.521739,30.0,0.09
2124,56.521739,31.0,0.09
2125,56.521739,32.0,0.09
2126,56.521739,33.0,0.09
2127,56.521739,34.0,0.09
2128,56.521739,35.0,0.09
2129,56.521739,36.0,0.09
2130,56.521739,37.0,0.09
2131,56.521739,38.0,0.09
2132,56.521739,39.0,0.09
2133,56.521739,40.0,0.09
2134,56.521739,41.0,0.09
2135,56.521739,42.0,0.09
2136,56.521739,43.0,0.09
2137,56.521739,44.0,0.09
2138,56.521739,45.0,0.09
2139,56.521739,46.0,0.09
2140,56.521739,47.0,0.09
2141,56.521739,48.0,0.09
2142,56.521739,49.0,0.09
2143,56.521739,50.0,0.09
2144,56.521739,51.0,0.09
2145,60.869565,52.0,0.09
2146,60.869565,53.0,0.09
2147,60.869565,54.0,0.09
2148,60.869565,55.0,0.09
2149,60.869565,56.0,0.09
2150,60.869565,57.0,0.09
2151,60.869565,58.0,0.09
2152,60.869565,59.0,0.09
2153,60.869565,60.0,0.09
2154,60.869565,61.0,0.09
2155,60.869565,62.0,0.09
2156,60.869565,63.0,0.09
2157,60.869565,64.0,0.09
2158,60.869565,65.0,0.09
2159,60.869565,66.0,0.09
2160,60.869565,67.0,0.09
2161,60.869565,68.0,0.09
2162,60.869565,69.0,0.09
2163,60.869565,70.0,0.09
2164,60.869565,71.0,0.09
2165,65.217391,72.0,0.09
2166,65.217391,73.0,0.09
2167,65.217391,74.0,0.09
2168,65.217391,75.0,0.09
2169,69.565217,76.0,0.09
2170,69.565217,77.0,0.09
2171,69.565217,78.0,0.09
2172,69.565217,79.0,0.09
2173,69.565217,80.0,0.09
2174,73.913043,81.0,0.09
2175,78.26087,82.0,0.09
2176,78.26087,83.0,0.09
2177,78.26087,84.0,0.09
2178,78.26087,85.0,0.09
2179,78.26087,86.0,0.09
2180,78.26087,87.0,0.09
2181,82.608696,88.0,0.09
2182,86.956522,89.0,0.09
2183,86.956522,90.0,0.09
2184,60.869565,0.0,0.1
2185,60.869565,1.0,0.1
2186,60.869565,2.0,0.1
2187,60.869565,3.0,0.1
2188,60.869565,4.0,0.1
2189,60.869565,5.0,0.1
2190,60.869565,6.0,0.1
2191,60.869565,7.0,0.1
2192,60.869565,8.0,0.1
2193,60.869565,9.0,0.1
2194,60.869565,10.0,0.1
2195,60.869565,11.0,0.1
2196,60.869565,12.0,0.1
2197,60.869565,13.0,0.1
2198,60.869565,14.0,0.1
2199,60.869565,15.0,0.1
2200,60.869565,16.0,0.1
2201,60.869565,17.0,0.1
2202,60.869565,18.0,0.1
2203,60.869565,19.0,0.1
2204,60.869565,20.0,0.1
2205,60.869565,21.0,0.1
2206,60.869565,22.0,0.1
2207,60.869565,23.0,0.1
2208,60.869565,24.0,0.1
2209,60.869565,25.0,0.1
2210,60.869565,26.0,0.1
2211,60.869565,27.0,0.1
2212,60.869565,28.0,0.1
2213,60.869565,29.0,0.1
2214,60.869565,30.0,0.1
2215,60.869565,31.0,0.1
2216,60.869565,32.0,0.1
2217,60.869565,33.0,0.1
2218,60.869565,34.0,0.1
2219,60.869565,35.0,0.1
2220,60.869565,36.0,0.1
2221,60.869565,37.0,0.1
2222,60.869565,38.0,0.1
2223,60.869565,39.0,0.1
2224,60.869565,40.0,0.1
2225,60.869565,41.0,0.1
2226,60.869565,42.0,0.1
2227,60.869565,43.0,0.1
2228,60.869565,44.0,0.1
2229,60.869565,45.0,0.1
2230,60.869565,46.0,0.1
2231,60.869565,47.0,0.1
2232,60.869565,48.0,0.1
2233,60.869565,49.0,0.1
2234,60.869565,50.0,0.1
2235,60.869565,51.0,0.1
2236,65.217391,52.0,0.1
2237,65.217391,53.0,0.1
2238,65.217391,54.0,0.1
2239,65.217391,55.0,0.1
2240,65.217391,56.0,0.1
2241,65.217391,57.0,0.1
2242,65.217391,58.0,0.1
2243,65.217391,59.0,0.1
2244,65.217391,60.0,0.1
2245,65.217391,61.0,0.1
2246,65.217391,62.0,0.1
2247,65.217391,63.0,0.1
2248,65.217391,64.0,0.1
2249,65.217391,65.0,0.1
2250,65.217391,66.0,0.1
2251,65.217391,67.0,0.1
2252,65.217391,68.0,0.1
2253,65.217391,69.0,0.1
2254,65.217391,70.0,0.1
2255,65.217391,71.0,0.1
2256,65.217391,72.0,0.1
2257,65.217391,73.0,0.1
2258,65.217391,74.0,0.1
2259,69.565217,75.0,0.1
2260,69.565217,76.0,0.1
2261,73.913043,77.0,0.1
2262,73.913043,78.0,0.1
2263,78.26087,79.0,0.1
2264,82.608696,80.0,0.1
2265,82.608696,81.0,0.1
2266,86.956522,82.0,0.1
2267,86.956522,83.0,0.1
2268,91.304348,84.0,0.1
2269,95.652174,85.0,0.1
2270,95.652174,86.0,0.1
2271,100.0,87.0,0.1
2272,100.0,88.0,0.1
2273,100.0,89.0,0.1
2274,100.0,90.0,0.1
2275,69.565217,0.0,0.11
2276,69.565217,1.0,0.11
2277,69.565217,2.0,0.11
2278,69.565217,3.0,0.11
2279,69.565217,4.0,0.11
2280,69.565217,5.0,0.11
2281,69.565217,6.0,0.11
2282,69.565217,7.0,0.11
2283,69.565217,8.0,0.11
2284,69.565217,9.0,0.11
2285,69.565217,10.0,0.11
2286,69.565217,11.0,0.11
2287,69.565217,12.0,0.11
2288,69.565217,13.0,0.11
2289,69.565217,14.0,0.11
2290,69.565217,15.0,0.11
2291,69.565217,16.0,0.11
2292,69.565217,17.0,0.11
2293,69.565217,18.0,0.11
2294,69.565217,19.0,0.11
2295,69.565217,20.0,0.11
2296,69.565217,21.0,0.11
2297,69.565217,22.0,0.11
2298,69.565217,23.0,0.11
2299,69.565217,24.0,0.11
2300,69.565217,25.0,0.11
2301,69.565217,26.0,0.11
2302,69.565217,27.0,0.11
2303,69.565217,28.0,0.11
2304,69.565217,29.0,0.11
2305,69.565217,30.0,0.11
2306,69.565217,31.0,0.11
2307,69.565217,32.0,0.11
2308,69.565217,33.0,0.11
2309,69.565217,34.0,0.11
2310,69.565217,35.0,0.11
2311,69.565217,36.0,0.11
2312,69.565217,37.0,0.11
2313,69.565217,38.0,0.11
2314,69.565217,39.0,0.11
2315,69.565217,40.0,0.11
2316,69.565217,41.0,0.11
2317,69.565217,42.0,0.11
2318,69.565217,43.0,0.11
2319,69.565217,44.0,0.11
2320,69.565217,45.0,0.11
2321,69.565217,46.0,0.11
2322,69.565217,47.0,0.11
2323,69.565217,48.0,0.11
2324,69.565217,49.0,0.11
2325,69.565217,50.0,0.11
2326,69.565217,51.0,0.11
2327,73.913043,52.0,0.11
2328,73.913043,53.0,0.11
2329,73.913043,54.0,0.11
2330,73.913043,55.0,0.11
2331,73.913043,56.0,0.11
2332,73.913043,57.0,0.11
2333,73.913043,58.0,0.11
2334,73.913043,59.0,0.11
2335,73.913043,60.0,0.11
2336,73.913043,61.0,0.11
2337,73.913043,62.0,0.11
2338,73.913043,63.0,0.11
2339,73.913043,64.0,0.11
2340,73.913043,65.0,0.11
2341,73.913043,66.0,0.11
2342,73.913043,67.0,0.11
2343,73.913043,68.0,0.11
2344,73.913043,69.0,0.11
2345,73.913043,70.0,0.11
2346,73.913043,71.0,0.11
2347,73.913043,72.0,0.11
2348,73.913043,73.0,0.11
2349,73.913043,74.0,0.11
2350,73.913043,75.0,0.11
2351,73.913043,76.0,0.11
2352,73.913043,77.0,0.11
2353,73.913043,78.0,0.11
2354,78.26087,79.0,0.11
2355,78.26087,80.0,0.11
2356,78.26087,81.0,0.11
2357,82.608696,82.0,0.11
2358,82.608696,83.0,0.11
2359,82.608696,84.0,0.11
2360,82.608696,85.0,0.11
2361,86.956522,86.0,0.11
2362,86.956522,87.0,0.11
2363,86.956522,88.0,0.11
2364,91.304348,89.0,0.11
2365,91.304348,90.0,0.11
2366,73.913043,0.0,0.12
2367,73.913043,1.0,0.12
2368,73.913043,2.0,0.12
2369,73.913043,3.0,0.12
2370,73.913043,4.0,0.12
2371,73.913043,5.0,0.12
2372,73.913043,6.0,0.12
2373,73.913043,7.0,0.12
2374,73.913043,8.0,0.12
2375,73.913043,9.0,0.12
2376,73.913043,10.0,0.12
2377,73.913043,11.0,0.12
2378,73.913043,12.0,0.12
2379,73.913043,13.0,0.12
2380,73.913043,14.0,0.12
2381,73.913043,15.0,0.12
2382,73.913043,16.0,0.12
2383,73.913043,17.0,0.12
2384,73.913043,18.0,0.12
2385,73.913043,19.0,0.12
2386,73.913043,20.0,0.12
2387,73.913043,21.0,0.12
2388,73.913043,22.0,0.12
2389,73.913043,23.0,0.12
2390,73.913043,24.0,0.12
2391,73.913043,25.0,0.12
2392,73.913043,26.0,0.12
2393,73.913043,27.0,0.12
2394,73.913043,28.0,0.12
2395,73.913043,29.0,0.12
2396,73.913043,30.0,0.12
2397,73.913043,31.0,0.12
2398,73.913043,32.0,0.12
2399,73.913043,33.0,0.12
2400,73.913043,34.0,0.12
2401,73.913043,35.0,0.12
2402,73.913043,36.0,0.12
2403,73.913043,37.0,0.12
2404,73.913043,38.0,0.12
2405,73.913043,39.0,0.12
2406,73.913043,40.0,0.12
2407,73.913043,41.0,0.12
2408,73.913043,42.0,0.12
2409,73.913043,43.0,0.12
2410,73.913043,44.0,0.12
2411,73.913043,45.0,0.12
2412,73.913043,46.0,0.12
2413,73.913043,47.0,0.12
2414,73.913043,48.0,0.12
2415,73.913043,49.0,0.12
2416,73.913043,50.0,0.12
2417,73.913043,51.0,0.12
2418,78.26087,52.0,0.12
2419,78.26087,53.0,0.12
2420,78.26087,54.0,0.12
2421,78.26087,55.0,0.12
2422,78.26087,56.0,0.12
2423,78.26087,57.0,0.12
2424,78.26087,58.0,0.12
2425,78.26087,59.0,0.12
2426,78.26087,60.0,0.12
2427,78.26087,61.0,0.12
2428,78.26087,62.0,0.12
2429,78.26087,63.0,0.12
2430,78.26087,64.0,0.12
2431,78.26087,65.0,0.12
2432,78.26087,66.0,0.12
2433,78.26087,67.0,0.12
2434,78.26087,68.0,0.12
2435,78.26087,69.0,0.12
2436,78.26087,70.0,0.12
2437,78.26087,71.0,0.12
2438,78.26087,72.0,0.12
2439,78.26087,73.0,0.12
2440,78.26087,74.0,0.12
2441,78.26087,75.0,0.12
2442,78.26087,76.0,0.12
2443,78.26087,77.0,0.12
2444,78.26087,78.0,0.12
2445,78.26087,79.0,0.12
2446,78.26087,80.0,0.12
2447,78.26087,81.0,0.12
2448,78.26087,82.0,0.12
2449,82.608696,83.0,0.12
2450,82.608696,84.0,0.12
2451,82.608696,85.0,0.12
2452,82.608696,86.0,0.12
2453,82.608696,87.0,0.12
2454,86.956522,88.0,0.12
2455,91.304348,89.0,0.12
2456,91.304348,90.0,0.12
2457,82.608696,0.0,0.13
2458,82.608696,1.0,0.13
2459,82.608696,2.0,0.13
2460,82.608696,3.0,0.13
2461,82.608696,4.0,0.13
2462,82.608696,5.0,0.13
2463,82.608696,6.0,0.13
2464,82.608696,7.0,0.13
2465,82.608696,8.0,0.13
2466,82.608696,9.0,0.13
2467,82.608696,10.0,0.13
2468,82.608696,11.0,0.13
2469,82.608696,12.0,0.13
2470,82.608696,13.0,0.13
2471,82.608696,14.0,0.13
2472,82.608696,15.0,0.13
2473,82.608696,16.0,0.13
2474,82.608696,17.0,0.13
2475,82.608696,18.0,0.13
2476,82.608696,19.0,0.13
2477,82.608696,20.0,0.13
2478,82.608696,21.0,0.13
2479,82.608696,22.0,0.13
2480,82.608696,23.0,0.13
2481,82.608696,24.0,0.13
2482,82.608696,25.0,0.13
2483,82.608696,26.0,0.13
2484,82.608696,27.0,0.13
2485,82.608696,28.0,0.13
2486,82.608696,29.0,0.13
2487,82.608696,30.0,0.13
2488,82.608696,31.0,0.13
2489,82.608696,32.0,0.13
2490,82.608696,33.0,0.13
2491,82.608696,34.0,0.13
2492,82.608696,35.0,0.13
2493,82.608696,36.0,0.13
2494,82.608696,37.0,0.13
2495,82.608696,38.0,0.13
2496,82.608696,39.0,0.13
2497,82.608696,40.0,0.13
2498,82.608696,41.0,0.13
2499,82.608696,42.0,0.13
2500,82.608696,43.0,0.13
2501,82.608696,44.0,0.13
2502,82.608696,45.0,0.13
2503,82.608696,46.0,0.13
2504,82.608696,47.0,0.13
2505,82.608696,48.0,0.13
2506,82.608696,49.0,0.13
2507,82.608696,50.0,0.13
2508,82.608696,51.0,0.13
2509,86.956522,52.0,0.13
2510,86.956522,53.0,0.13
2511,86.956522,54.0,0.13
2512,86.956522,55.0,0.13
2513,86.956522,56.0,0.13
2514,86.956522,57.0,0.13
2515,86.956522,58.0,0.13
2516,86.956522,59.0,0.13
2517,86.956522,60.0,0.13
2518,86.956522,61.0,0.13
2519,86.956522,62.0,0.13
2520,86.956522,63.0,0.13
2521,86.956522,64.0,0.13
2522,86.956522,65.0,0.13
2523,86.956522,66.0,0.13
2524,86.956522,67.0,0.13
2525,86.956522,68.0,0.13
2526,86.956522,69.0,0.13
2527,86.956522,70.0,0.13
2528,86.956522,71.0,0.13
2529,86.956522,72.0,0.13
2530,86.956522,73.0,0.13
2531,86.956522,74.0,0.13
2532,86.956522,75.0,0.13
2533,86.956522,76.0,0.13
2534,86.956522,77.0,0.13
2535,86.956522,78.0,0.13
2536,86.956522,79.0,0.13
2537,86.956522,80.0,0.13
2538,86.956522,81.0,0.13
2539,86.956522,82.0,0.13
2540,86.956522,83.0,0.13
2541,86.956522,84.0,0.13
2542,86.956522,85.0,0.13
2543,86.956522,86.0,0.13
2544,91.304348,87.0,0.13
2545,91.304348,88.0,0.13
2546,95.652174,89.0,0.13
2547,95.652174,90.0,0.13
2548,86.956522,0.0,0.14
2549,86.956522,1.0,0.14
2550,86.956522,2.0,0.14
2551,86.956522,3.0,0.14
2552,86.956522,4.0,0.14
2553,86.956522,5.0,0.14
2554,86.956522,6.0,0.14
2555,86.956522,7.0,0.14
2556,86.956522,8.0,0.14
2557,86.956522,9.0,0.14
2558,86.956522,10.0,0.14
2559,86.956522,11.0,0.14
2560,86.956522,12.0,0.14
2561,86.956522,13.0,0.14
2562,86.956522,14.0,0.14
2563,86.956522,15.0,0.14
2564,86.956522,16.0,0.14
2565,86.956522,17.0,0.14
2566,86.956522,18.0,0.14
2567,86.956522,19.0,0.14
2568,86.956522,20.0,0.14
2569,86.956522,21.0,0.14
2570,86.956522,22.0,0.14
2571,86.956522,23.0,0.14
2572,86.956522,24.0,0.14
2573,86.956522,25.0,0.14
2574,86.956522,26.0,0.14
2575,86.956522,27.0,0.14
2576,86.956522,28.0,0.14
2577,86.956522,29.0,0.14
2578,86.956522,30.0,0.14
2579,86.956522,31.0,0.14
2580,86.956522,32.0,0.14
2581,86.956522,33.0,0.14
2582,86.956522,34.0,0.14
2583,86.956522,35.0,0.14
2584,86.956522,36.0,0.14
2585,86.956522,37.0,0.14
2586,86.956522,38.0,0.14
2587,86.956522,39.0,0.14
2588,86.956522,40.0,0.14
2589,86.956522,41.0,0.14
2590,86.956522,42.0,0.14
2591,86.956522,43.0,0.14
2592,86.956522,44.0,0.14
2593,86.956522,45.0,0.14
2594,86.956522,46.0,0.14
2595,86.956522,47.0,0.14
2596,86.956522,48.0,0.14
2597,86.956522,49.0,0.14
2598,86.956522,50.0,0.14
2599,86.956522,51.0,0.14
2600,91.304348,52.0,0.14
2601,91.304348,53.0,0.14
2602,91.304348,54.0,0.14
2603,91.304348,55.0,0.14
2604,91.304348,56.0,0.14
2605,91.304348,57.0,0.14
2606,91.304348,58.0,0.14
2607,91.304348,59.0,0.14
2608,91.304348,60.0,0.14
2609,91.304348,61.0,0.14
2610,91.304348,62.0,0.14
2611,91.304348,63.0,0.14
2612,91.304348,64.0,0.14
2613,91.304348,65.0,0.14
2614,91.304348,66.0,0.14
2615,91.304348,67.0,0.14
2616,91.304348,68.0,0.14
2617,91.304348,69.0,0.14
2618,91.304348,70.0,0.14
2619,91.304348,71.0,0.14
2620,91.304348,72.0,0.14
2621,91.304348,73.0,0.14
2622,91.304348,74.0,0.14
2623,91.304348,75.0,0.14
2624,91.304348,76.0,0.14
2625,91.304348,77.0,0.14
2626,91.304348,78.0,0.14
2627,91.304348,79.0,0.14
2628,91.304348,80.0,0.14
2629,91.304348,81.0,0.14
2630,91.304348,82.0,0.14
2631,91.304348,83.0,0.14
2632,91.304348,84.0,0.14
2633,91.304348,85.0,0.14
2634,91.304348,86.0,0.14
2635,91.304348,87.0,0.14
2636,91.304348,88.0,0.14
2637,91.304348,89.0,0.14
2638,91.304348,90.0,0.14
