Unnamed: 0,Hoy,SD_Angle,SD_Position
0,8.0,7.0,-0.04
1,9.0,16.0,-0.02
2,10.0,59.0,-0.13
3,11.0,13.0,0.13
4,12.0,3.0,0.0
5,13.0,64.0,0.1
6,14.0,2.0,0.12
7,15.0,49.0,-0.02
8,16.0,58.0,-0.0
9,32.0,73.0,-0.05
10,33.0,42.0,0.12
11,34.0,46.0,0.1
12,35.0,44.0,-0.14
13,36.0,38.0,-0.08
14,37.0,8.0,0.11
15,38.0,36.0,0.11
16,39.0,1.0,0.02
17,40.0,36.0,0.04
18,56.0,77.0,-0.09
19,57.0,14.0,-0.13
20,58.0,11.0,-0.13
21,59.0,29.0,-0.01
22,60.0,69.0,0.13
23,61.0,49.0,-0.11
24,62.0,21.0,0.13
25,63.0,34.0,-0.0
26,64.0,24.0,0.03
27,65.0,41.0,-0.03
28,80.0,46.0,-0.1
29,81.0,9.0,0.0
30,82.0,25.0,-0.13
31,83.0,64.0,0.13
32,84.0,66.0,0.08
33,85.0,43.0,0.11
34,86.0,31.0,-0.01
35,87.0,34.0,-0.04
36,88.0,35.0,-0.03
37,89.0,13.0,-0.02
38,104.0,18.0,0.03
39,105.0,23.0,-0.01
40,106.0,0.0,-0.05
41,107.0,86.0,0.08
42,108.0,30.0,0.0
43,109.0,14.0,-0.14
44,110.0,13.0,-0.13
45,111.0,57.0,0.01
46,112.0,40.0,-0.03
47,113.0,7.0,-0.01
48,128.0,55.0,0.01
49,129.0,13.0,0.12
50,130.0,42.0,-0.07
51,131.0,84.0,-0.01
52,132.0,38.0,0.1
53,133.0,35.0,0.1
54,134.0,44.0,0.1
55,135.0,59.0,-0.12
56,136.0,20.0,-0.03
57,137.0,6.0,0.09
58,152.0,47.0,-0.02
59,153.0,16.0,0.03
60,154.0,35.0,0.12
61,155.0,41.0,-0.03
62,156.0,62.0,-0.12
63,157.0,17.0,0.12
64,158.0,4.0,-0.03
65,159.0,41.0,0.01
66,160.0,56.0,0.01
67,161.0,13.0,-0.0
68,176.0,20.0,-0.07
69,177.0,0.0,0.04
70,178.0,7.0,-0.13
71,179.0,22.0,0.02
72,180.0,77.0,0.12
73,181.0,54.0,-0.11
74,182.0,89.0,0.04
75,183.0,32.0,0.02
76,184.0,14.0,-0.04
77,185.0,26.0,-0.03
78,200.0,31.0,-0.03
79,201.0,35.0,-0.03
80,202.0,54.0,-0.09
81,203.0,16.0,0.13
82,204.0,2.0,0.1
83,205.0,74.0,-0.09
84,206.0,23.0,0.01
85,207.0,13.0,-0.02
86,208.0,55.0,0.01
87,209.0,5.0,0.08
88,224.0,6.0,-0.03
89,225.0,9.0,-0.07
90,226.0,4.0,0.03
91,227.0,48.0,-0.09
92,228.0,10.0,-0.14
93,229.0,0.0,0.14
94,230.0,6.0,-0.13
95,231.0,56.0,-0.11
96,232.0,49.0,0.01
97,233.0,54.0,-0.03
98,248.0,20.0,-0.05
99,249.0,63.0,-0.1
100,250.0,28.0,0.13
101,251.0,89.0,0.09
102,252.0,29.0,0.1
103,253.0,36.0,0.01
104,254.0,0.0,0.14
105,255.0,36.0,-0.02
106,256.0,0.0,-0.09
107,257.0,25.0,-0.03
108,272.0,0.0,-0.06
109,273.0,72.0,-0.14
110,274.0,68.0,0.11
111,275.0,34.0,-0.03
112,276.0,78.0,0.07
113,277.0,59.0,-0.09
114,278.0,11.0,-0.07
115,279.0,14.0,0.03
116,280.0,59.0,0.0
117,281.0,62.0,-0.03
118,296.0,61.0,-0.01
119,297.0,17.0,0.01
120,298.0,11.0,-0.05
121,299.0,28.0,0.13
122,300.0,67.0,0.12
123,301.0,88.0,-0.0
124,302.0,24.0,0.12
125,303.0,90.0,-0.09
126,304.0,27.0,-0.1
127,305.0,0.0,0.1
128,320.0,75.0,-0.05
129,321.0,90.0,-0.06
130,322.0,31.0,-0.05
131,323.0,24.0,-0.01
132,324.0,25.0,-0.02
133,325.0,84.0,0.1
134,326.0,57.0,0.14
135,327.0,38.0,-0.11
136,328.0,28.0,0.03
137,329.0,26.0,-0.03
138,344.0,12.0,-0.03
139,345.0,37.0,0.01
140,346.0,39.0,-0.0
141,347.0,68.0,0.08
142,348.0,90.0,-0.01
143,349.0,70.0,-0.14
144,350.0,84.0,-0.03
145,351.0,68.0,-0.06
146,352.0,70.0,-0.1
147,353.0,31.0,0.04
148,368.0,41.0,-0.03
149,369.0,44.0,-0.11
150,370.0,34.0,-0.08
151,371.0,10.0,0.11
152,372.0,61.0,-0.14
153,373.0,86.0,-0.0
154,374.0,30.0,0.0
155,375.0,44.0,-0.05
156,376.0,24.0,-0.01
157,377.0,86.0,0.09
158,392.0,0.0,0.12
159,393.0,83.0,-0.04
160,394.0,7.0,-0.04
161,395.0,39.0,0.1
162,396.0,74.0,0.04
163,397.0,19.0,0.1
164,398.0,61.0,-0.1
165,399.0,57.0,-0.14
166,400.0,0.0,-0.0
167,401.0,68.0,-0.01
168,416.0,0.0,0.04
169,417.0,27.0,0.01
170,418.0,70.0,0.11
171,419.0,10.0,-0.11
172,420.0,90.0,-0.1
173,421.0,30.0,0.09
174,422.0,54.0,-0.07
175,423.0,74.0,-0.13
176,424.0,5.0,0.02
177,425.0,82.0,-0.07
178,440.0,4.0,-0.03
179,441.0,30.0,0.02
180,442.0,6.0,-0.11
181,443.0,2.0,0.14
182,444.0,54.0,0.12
183,445.0,90.0,-0.08
184,446.0,27.0,0.01
185,447.0,48.0,-0.14
186,448.0,36.0,-0.09
187,449.0,18.0,0.12
188,464.0,49.0,-0.01
189,465.0,90.0,-0.12
190,466.0,84.0,-0.14
191,467.0,34.0,0.08
192,468.0,84.0,-0.09
193,469.0,81.0,0.08
194,470.0,9.0,-0.01
195,471.0,3.0,-0.06
196,472.0,23.0,-0.02
197,473.0,12.0,-0.04
198,488.0,84.0,-0.13
199,489.0,47.0,-0.14
200,490.0,43.0,-0.08
201,491.0,24.0,-0.14
202,492.0,46.0,0.14
203,493.0,80.0,-0.11
204,494.0,33.0,-0.14
205,495.0,85.0,-0.09
206,496.0,55.0,-0.14
207,497.0,33.0,-0.07
208,512.0,41.0,-0.13
209,513.0,4.0,0.13
210,514.0,89.0,-0.07
211,515.0,6.0,-0.11
212,516.0,60.0,0.12
213,517.0,25.0,0.0
214,518.0,34.0,0.11
215,519.0,0.0,0.01
216,520.0,67.0,-0.03
217,521.0,17.0,0.14
218,536.0,36.0,0.0
219,537.0,6.0,-0.0
220,538.0,50.0,-0.08
221,539.0,9.0,-0.14
222,540.0,63.0,0.12
223,541.0,90.0,-0.0
224,542.0,76.0,-0.1
225,543.0,34.0,0.13
226,544.0,64.0,-0.11
227,545.0,71.0,-0.08
228,560.0,34.0,0.01
229,561.0,28.0,0.0
230,562.0,69.0,-0.06
231,563.0,55.0,0.12
232,564.0,22.0,0.08
233,565.0,63.0,0.09
234,566.0,89.0,0.09
235,567.0,72.0,-0.05
236,568.0,36.0,-0.03
237,569.0,19.0,0.12
238,584.0,38.0,-0.1
239,585.0,70.0,-0.1
240,586.0,74.0,0.1
241,587.0,9.0,0.12
242,588.0,39.0,0.09
243,589.0,20.0,-0.06
244,590.0,35.0,-0.01
245,591.0,38.0,-0.14
246,592.0,56.0,-0.05
247,593.0,44.0,0.07
248,608.0,37.0,0.0
249,609.0,49.0,-0.07
250,610.0,44.0,-0.13
251,611.0,78.0,0.07
252,612.0,28.0,0.12
253,613.0,46.0,0.07
254,614.0,34.0,0.12
255,615.0,43.0,-0.04
256,616.0,55.0,-0.02
257,617.0,84.0,0.08
258,632.0,36.0,0.04
259,633.0,30.0,0.04
260,634.0,48.0,0.12
261,635.0,4.0,-0.09
262,636.0,65.0,0.13
263,637.0,85.0,0.08
264,638.0,49.0,0.09
265,639.0,46.0,0.01
266,640.0,8.0,0.01
267,641.0,47.0,0.11
268,656.0,32.0,-0.09
269,657.0,23.0,-0.11
270,658.0,45.0,-0.01
271,659.0,79.0,0.1
272,660.0,73.0,0.09
273,661.0,70.0,0.11
274,662.0,25.0,-0.04
275,663.0,68.0,0.11
276,664.0,50.0,0.03
277,665.0,90.0,-0.01
278,680.0,89.0,-0.13
279,681.0,51.0,-0.11
280,682.0,0.0,-0.07
281,683.0,26.0,-0.12
282,684.0,20.0,0.12
283,685.0,5.0,-0.13
284,686.0,22.0,-0.12
285,687.0,39.0,0.13
286,688.0,73.0,-0.03
287,689.0,76.0,-0.07
288,704.0,30.0,0.12
289,705.0,29.0,-0.01
290,706.0,22.0,0.11
291,707.0,15.0,0.11
292,708.0,30.0,0.12
293,709.0,72.0,0.12
294,710.0,55.0,0.14
295,711.0,86.0,0.14
296,712.0,7.0,-0.13
297,713.0,20.0,0.09
298,728.0,20.0,-0.09
299,729.0,28.0,0.01
300,730.0,54.0,-0.14
301,731.0,27.0,0.09
302,732.0,0.0,0.09
303,733.0,28.0,-0.07
304,734.0,81.0,0.11
305,735.0,37.0,-0.02
306,736.0,54.0,-0.13
307,737.0,24.0,0.11
308,752.0,81.0,0.12
309,753.0,62.0,-0.14
310,754.0,48.0,-0.06
311,755.0,5.0,-0.14
312,756.0,80.0,0.06
313,757.0,81.0,0.02
314,758.0,10.0,0.1
315,759.0,36.0,-0.11
316,760.0,51.0,0.04
317,761.0,43.0,0.13
318,776.0,45.0,-0.02
319,777.0,44.0,-0.08
320,778.0,22.0,-0.05
321,779.0,72.0,0.09
322,780.0,38.0,-0.09
323,781.0,22.0,-0.14
324,782.0,69.0,0.12
325,783.0,21.0,-0.0
326,784.0,31.0,-0.03
327,785.0,52.0,0.12
328,800.0,35.0,0.01
329,801.0,63.0,-0.12
330,802.0,75.0,0.0
331,803.0,20.0,0.12
332,804.0,82.0,-0.09
333,805.0,28.0,0.14
334,806.0,38.0,-0.14
335,807.0,26.0,-0.08
336,808.0,12.0,-0.13
337,809.0,57.0,0.0
338,824.0,16.0,-0.0
339,825.0,8.0,-0.0
340,826.0,47.0,-0.09
341,827.0,41.0,0.09
342,828.0,46.0,0.11
343,829.0,10.0,0.1
344,830.0,12.0,0.0
345,831.0,28.0,0.01
346,832.0,72.0,-0.1
347,833.0,26.0,0.11
348,848.0,38.0,-0.11
349,849.0,18.0,-0.03
350,850.0,87.0,0.13
351,851.0,88.0,0.14
352,852.0,87.0,-0.01
353,853.0,90.0,-0.02
354,854.0,24.0,-0.04
355,855.0,5.0,-0.14
356,856.0,26.0,0.04
357,857.0,20.0,-0.12
358,872.0,84.0,-0.04
359,873.0,7.0,-0.1
360,874.0,4.0,-0.02
361,875.0,24.0,-0.05
362,876.0,6.0,0.13
363,877.0,44.0,-0.12
364,878.0,69.0,0.13
365,879.0,56.0,-0.05
366,880.0,21.0,0.01
367,881.0,24.0,-0.03
368,896.0,61.0,0.03
369,897.0,12.0,-0.07
370,898.0,53.0,-0.13
371,899.0,65.0,0.1
372,900.0,60.0,0.12
373,901.0,68.0,0.1
374,902.0,59.0,0.14
375,903.0,43.0,-0.01
376,904.0,52.0,-0.12
377,905.0,20.0,0.04
378,920.0,2.0,-0.05
379,921.0,0.0,-0.12
380,922.0,25.0,-0.01
381,923.0,68.0,-0.12
382,924.0,78.0,0.05
383,925.0,83.0,0.05
384,926.0,8.0,0.08
385,927.0,26.0,-0.1
386,928.0,30.0,-0.04
387,929.0,48.0,-0.09
388,944.0,73.0,-0.12
389,945.0,86.0,-0.09
390,946.0,28.0,0.01
391,947.0,81.0,0.07
392,948.0,90.0,0.0
393,949.0,43.0,0.14
394,950.0,36.0,-0.03
395,951.0,2.0,0.13
396,952.0,45.0,0.03
397,953.0,22.0,0.11
398,968.0,55.0,-0.02
399,969.0,58.0,-0.0
400,970.0,32.0,0.12
401,971.0,39.0,0.1
402,972.0,66.0,-0.12
403,973.0,36.0,-0.12
404,974.0,43.0,0.14
405,975.0,7.0,-0.07
406,976.0,72.0,-0.01
407,977.0,54.0,0.02
408,992.0,44.0,-0.09
409,993.0,56.0,-0.04
410,994.0,24.0,-0.07
411,995.0,35.0,-0.02
412,996.0,36.0,0.08
413,997.0,77.0,0.07
414,998.0,13.0,0.12
415,999.0,71.0,0.12
416,1000.0,10.0,-0.06
417,1001.0,49.0,-0.0
418,1016.0,69.0,-0.07
419,1017.0,84.0,0.14
420,1018.0,56.0,0.1
421,1019.0,87.0,0.08
422,1020.0,29.0,0.09
423,1021.0,49.0,0.12
424,1022.0,73.0,0.1
425,1023.0,6.0,-0.04
426,1024.0,60.0,0.02
427,1025.0,57.0,-0.11
428,1040.0,77.0,-0.08
429,1041.0,7.0,-0.12
430,1042.0,27.0,0.14
431,1043.0,39.0,-0.05
432,1044.0,79.0,-0.13
433,1045.0,49.0,-0.05
434,1046.0,36.0,-0.07
435,1047.0,42.0,-0.05
436,1048.0,35.0,-0.05
437,1049.0,6.0,-0.02
438,1064.0,52.0,-0.09
439,1065.0,32.0,-0.02
440,1066.0,60.0,0.1
441,1067.0,48.0,0.06
442,1068.0,90.0,-0.02
443,1069.0,34.0,0.11
444,1070.0,50.0,-0.01
445,1071.0,0.0,-0.02
446,1072.0,50.0,-0.05
447,1073.0,23.0,-0.02
448,1088.0,12.0,0.03
449,1089.0,31.0,-0.01
450,1090.0,44.0,-0.09
451,1091.0,18.0,-0.13
452,1092.0,47.0,0.14
453,1093.0,90.0,0.03
454,1094.0,73.0,-0.1
455,1095.0,17.0,-0.13
456,1096.0,8.0,-0.09
457,1097.0,7.0,-0.07
458,1112.0,50.0,-0.03
459,1113.0,53.0,-0.02
460,1114.0,6.0,-0.07
461,1115.0,58.0,0.11
462,1116.0,49.0,0.12
463,1117.0,69.0,-0.12
464,1118.0,49.0,-0.01
465,1119.0,50.0,-0.13
466,1120.0,29.0,0.01
467,1121.0,27.0,0.03
468,1136.0,47.0,-0.04
469,1137.0,18.0,-0.0
470,1138.0,63.0,0.11
471,1139.0,49.0,-0.14
472,1140.0,9.0,-0.04
473,1141.0,55.0,0.08
474,1142.0,27.0,0.0
475,1143.0,9.0,-0.12
476,1144.0,67.0,-0.07
477,1145.0,35.0,0.04
478,1160.0,7.0,0.0
479,1161.0,58.0,-0.03
480,1162.0,55.0,0.11
481,1163.0,12.0,-0.01
482,1164.0,25.0,0.07
483,1165.0,59.0,0.11
484,1166.0,84.0,0.03
485,1167.0,35.0,0.12
486,1168.0,4.0,-0.08
487,1169.0,70.0,-0.06
488,1184.0,38.0,-0.01
489,1185.0,31.0,-0.03
490,1186.0,33.0,-0.04
491,1187.0,45.0,0.09
492,1188.0,8.0,-0.05
493,1189.0,15.0,-0.13
494,1190.0,29.0,0.09
495,1191.0,90.0,0.11
496,1192.0,19.0,0.02
497,1193.0,17.0,-0.03
498,1208.0,57.0,-0.04
499,1209.0,22.0,-0.04
500,1210.0,88.0,0.06
501,1211.0,49.0,0.1
502,1212.0,64.0,-0.11
503,1213.0,85.0,-0.01
504,1214.0,56.0,-0.11
505,1215.0,26.0,-0.02
506,1216.0,15.0,-0.09
507,1217.0,7.0,0.01
508,1232.0,57.0,0.03
509,1233.0,26.0,-0.06
510,1234.0,31.0,0.1
511,1235.0,11.0,-0.07
512,1236.0,26.0,-0.01
513,1237.0,37.0,0.14
514,1238.0,32.0,-0.13
515,1239.0,21.0,-0.04
516,1240.0,29.0,0.01
517,1241.0,44.0,0.08
518,1256.0,35.0,0.06
519,1257.0,22.0,-0.06
520,1258.0,27.0,-0.06
521,1259.0,90.0,-0.01
522,1260.0,41.0,0.12
523,1261.0,6.0,0.11
524,1262.0,69.0,0.09
525,1263.0,63.0,0.14
526,1264.0,0.0,-0.03
527,1265.0,58.0,-0.01
528,1279.0,51.0,0.06
529,1280.0,12.0,0.04
530,1281.0,40.0,0.12
531,1282.0,21.0,-0.14
532,1283.0,56.0,-0.14
533,1284.0,0.0,0.0
534,1285.0,85.0,-0.09
535,1286.0,18.0,0.01
536,1287.0,49.0,0.02
537,1288.0,22.0,-0.08
538,1289.0,67.0,0.08
539,1303.0,43.0,0.02
540,1304.0,32.0,-0.04
541,1305.0,42.0,0.14
542,1306.0,8.0,0.13
543,1307.0,89.0,0.13
544,1308.0,61.0,0.14
545,1309.0,26.0,-0.01
546,1310.0,0.0,-0.03
547,1311.0,20.0,0.13
548,1312.0,52.0,-0.04
549,1313.0,60.0,0.05
550,1327.0,3.0,0.05
551,1328.0,55.0,-0.08
552,1329.0,46.0,-0.02
553,1330.0,34.0,0.09
554,1331.0,7.0,0.08
555,1332.0,90.0,0.0
556,1333.0,51.0,0.11
557,1334.0,45.0,0.1
558,1335.0,49.0,-0.13
559,1336.0,7.0,-0.03
560,1337.0,37.0,0.01
561,1338.0,0.0,0.14
562,1351.0,71.0,-0.04
563,1352.0,7.0,-0.01
564,1353.0,22.0,0.14
565,1354.0,30.0,-0.02
566,1355.0,56.0,0.12
567,1356.0,40.0,0.09
568,1357.0,86.0,0.08
569,1358.0,15.0,-0.08
570,1359.0,15.0,-0.09
571,1360.0,60.0,0.02
572,1361.0,90.0,-0.03
573,1362.0,0.0,0.06
574,1375.0,14.0,-0.08
575,1376.0,71.0,-0.1
576,1377.0,46.0,-0.14
577,1378.0,13.0,-0.08
578,1379.0,18.0,0.11
579,1380.0,57.0,-0.1
580,1381.0,69.0,0.12
581,1382.0,16.0,-0.03
582,1383.0,73.0,0.11
583,1384.0,48.0,-0.11
584,1385.0,59.0,-0.03
585,1386.0,32.0,0.07
586,1399.0,13.0,-0.01
587,1400.0,65.0,-0.12
588,1401.0,48.0,0.13
589,1402.0,62.0,-0.11
590,1403.0,76.0,0.03
591,1404.0,8.0,-0.1
592,1405.0,60.0,-0.14
593,1406.0,32.0,-0.01
594,1407.0,11.0,-0.06
595,1408.0,69.0,-0.03
596,1409.0,25.0,0.01
597,1410.0,0.0,-0.09
598,1423.0,37.0,0.07
599,1424.0,88.0,-0.06
600,1425.0,0.0,0.02
601,1426.0,77.0,0.09
602,1427.0,90.0,-0.11
603,1428.0,29.0,-0.09
604,1429.0,53.0,-0.11
605,1430.0,38.0,-0.06
606,1431.0,39.0,0.0
607,1432.0,90.0,-0.06
608,1433.0,4.0,0.05
609,1434.0,0.0,-0.01
610,1447.0,57.0,0.07
611,1448.0,71.0,-0.1
612,1449.0,8.0,-0.02
613,1450.0,48.0,-0.13
614,1451.0,67.0,0.06
615,1452.0,73.0,0.11
616,1453.0,90.0,-0.02
617,1454.0,49.0,0.12
618,1455.0,54.0,0.14
619,1456.0,35.0,-0.05
620,1457.0,29.0,0.04
621,1458.0,1.0,0.03
622,1471.0,42.0,-0.02
623,1472.0,30.0,-0.11
624,1473.0,41.0,0.12
625,1474.0,89.0,0.01
626,1475.0,77.0,0.11
627,1476.0,61.0,0.1
628,1477.0,86.0,0.02
629,1478.0,50.0,-0.12
630,1479.0,1.0,-0.05
631,1480.0,13.0,0.03
632,1481.0,47.0,-0.04
633,1482.0,1.0,0.01
634,1495.0,3.0,-0.12
635,1496.0,47.0,-0.01
636,1497.0,71.0,0.12
637,1498.0,48.0,-0.04
638,1499.0,27.0,-0.04
639,1500.0,68.0,0.1
640,1501.0,79.0,0.12
641,1502.0,68.0,-0.08
642,1503.0,28.0,-0.02
643,1504.0,50.0,-0.02
644,1505.0,58.0,0.04
645,1506.0,0.0,0.11
646,1519.0,0.0,-0.13
647,1520.0,55.0,-0.04
648,1521.0,16.0,-0.01
649,1522.0,5.0,-0.06
650,1523.0,27.0,-0.1
651,1524.0,20.0,-0.1
652,1525.0,20.0,0.14
653,1526.0,22.0,0.0
654,1527.0,48.0,-0.03
655,1528.0,14.0,-0.09
656,1529.0,47.0,0.02
657,1530.0,0.0,0.06
658,1543.0,50.0,-0.06
659,1544.0,8.0,0.02
660,1545.0,38.0,-0.04
661,1546.0,67.0,-0.1
662,1547.0,79.0,0.06
663,1548.0,8.0,-0.08
664,1549.0,81.0,0.07
665,1550.0,54.0,0.08
666,1551.0,16.0,-0.08
667,1552.0,35.0,-0.09
668,1553.0,39.0,-0.04
669,1554.0,1.0,-0.12
670,1567.0,44.0,0.07
671,1568.0,34.0,0.01
672,1569.0,8.0,0.14
673,1570.0,83.0,-0.1
674,1571.0,0.0,0.13
675,1572.0,48.0,0.1
676,1573.0,86.0,0.05
677,1574.0,38.0,-0.08
678,1575.0,29.0,0.12
679,1576.0,41.0,0.02
680,1577.0,53.0,-0.07
681,1578.0,0.0,0.0
682,1591.0,89.0,-0.07
683,1592.0,71.0,-0.12
684,1593.0,22.0,-0.04
685,1594.0,19.0,-0.01
686,1595.0,85.0,-0.02
687,1596.0,1.0,0.07
688,1597.0,78.0,0.12
689,1598.0,23.0,-0.05
690,1599.0,90.0,-0.13
691,1600.0,64.0,-0.03
692,1601.0,12.0,0.01
693,1602.0,27.0,-0.14
694,1615.0,61.0,-0.01
695,1616.0,47.0,0.01
696,1617.0,38.0,0.01
697,1618.0,86.0,0.09
698,1619.0,90.0,-0.02
699,1620.0,10.0,-0.1
700,1621.0,90.0,0.08
701,1622.0,14.0,-0.02
702,1623.0,4.0,-0.14
703,1624.0,68.0,-0.02
704,1625.0,48.0,0.07
705,1626.0,9.0,0.09
706,1639.0,18.0,0.02
707,1640.0,4.0,-0.04
708,1641.0,53.0,-0.03
709,1642.0,0.0,-0.0
710,1643.0,56.0,0.1
711,1644.0,34.0,-0.06
712,1645.0,22.0,-0.14
713,1646.0,25.0,0.14
714,1647.0,50.0,-0.1
715,1648.0,56.0,0.02
716,1649.0,0.0,0.06
717,1650.0,7.0,-0.01
718,1663.0,36.0,-0.05
719,1664.0,50.0,-0.12
720,1665.0,69.0,0.13
721,1666.0,36.0,0.14
722,1667.0,13.0,0.09
723,1668.0,30.0,0.11
724,1669.0,0.0,0.0
725,1670.0,10.0,-0.01
726,1671.0,43.0,-0.01
727,1672.0,4.0,-0.08
728,1673.0,41.0,-0.09
729,1674.0,0.0,0.1
730,1687.0,45.0,0.08
731,1688.0,23.0,-0.09
732,1689.0,32.0,-0.03
733,1690.0,87.0,0.12
734,1691.0,77.0,0.05
735,1692.0,85.0,-0.02
736,1693.0,35.0,0.11
737,1694.0,75.0,0.13
738,1695.0,36.0,-0.02
739,1696.0,53.0,-0.1
740,1697.0,69.0,0.06
741,1698.0,5.0,-0.08
742,1711.0,74.0,0.04
743,1712.0,1.0,-0.12
744,1713.0,36.0,-0.09
745,1714.0,36.0,-0.01
746,1715.0,15.0,-0.0
747,1716.0,16.0,0.12
748,1717.0,85.0,0.02
749,1718.0,89.0,0.09
750,1719.0,35.0,0.12
751,1720.0,84.0,-0.11
752,1721.0,49.0,-0.05
753,1722.0,25.0,0.05
754,1735.0,55.0,-0.02
755,1736.0,2.0,-0.07
756,1737.0,46.0,0.0
757,1738.0,84.0,-0.08
758,1739.0,88.0,0.01
759,1740.0,7.0,-0.01
760,1741.0,54.0,0.1
761,1742.0,17.0,0.12
762,1743.0,27.0,0.12
763,1744.0,54.0,-0.05
764,1745.0,68.0,-0.1
765,1746.0,0.0,-0.09
766,1759.0,72.0,0.05
767,1760.0,67.0,0.05
768,1761.0,6.0,0.01
769,1762.0,23.0,0.13
770,1763.0,72.0,0.11
771,1764.0,90.0,-0.1
772,1765.0,85.0,0.05
773,1766.0,55.0,-0.1
774,1767.0,4.0,-0.05
775,1768.0,33.0,0.04
776,1769.0,74.0,-0.01
777,1770.0,0.0,0.11
778,1783.0,25.0,0.06
779,1784.0,60.0,0.04
780,1785.0,28.0,0.12
781,1786.0,66.0,-0.1
782,1787.0,24.0,-0.1
783,1788.0,4.0,0.09
784,1789.0,86.0,0.11
785,1790.0,44.0,0.0
786,1791.0,0.0,-0.03
787,1792.0,8.0,0.14
788,1793.0,1.0,0.08
789,1794.0,16.0,0.01
790,1807.0,49.0,0.06
791,1808.0,85.0,-0.08
792,1809.0,6.0,0.01
793,1810.0,18.0,0.11
794,1811.0,90.0,0.01
795,1812.0,53.0,0.11
796,1813.0,42.0,-0.11
797,1814.0,9.0,-0.06
798,1815.0,75.0,-0.06
799,1816.0,13.0,0.05
800,1817.0,89.0,0.08
801,1818.0,0.0,-0.1
802,1831.0,6.0,-0.05
803,1832.0,29.0,-0.1
804,1833.0,4.0,-0.03
805,1834.0,11.0,-0.11
806,1835.0,83.0,0.06
807,1836.0,33.0,0.13
808,1837.0,77.0,0.09
809,1838.0,2.0,-0.14
810,1839.0,79.0,-0.11
811,1840.0,46.0,-0.11
812,1841.0,32.0,-0.03
813,1842.0,18.0,0.05
814,1855.0,26.0,-0.01
815,1856.0,84.0,-0.1
816,1857.0,51.0,0.03
817,1858.0,20.0,0.14
818,1859.0,27.0,0.1
819,1860.0,0.0,0.14
820,1861.0,79.0,0.08
821,1862.0,90.0,0.03
822,1863.0,54.0,-0.0
823,1864.0,9.0,-0.05
824,1865.0,0.0,0.04
825,1866.0,19.0,0.05
826,1879.0,90.0,0.03
827,1880.0,61.0,-0.04
828,1881.0,42.0,-0.09
829,1882.0,84.0,-0.06
830,1883.0,14.0,0.13
831,1884.0,17.0,0.13
832,1885.0,31.0,-0.02
833,1886.0,22.0,-0.12
834,1887.0,18.0,-0.03
835,1888.0,62.0,-0.03
836,1889.0,43.0,-0.06
837,1890.0,0.0,-0.04
838,1903.0,44.0,0.04
839,1904.0,3.0,-0.1
840,1905.0,10.0,-0.13
841,1906.0,39.0,0.1
842,1907.0,30.0,-0.11
843,1908.0,34.0,-0.02
844,1909.0,11.0,0.12
845,1910.0,15.0,0.11
846,1911.0,40.0,-0.08
847,1912.0,41.0,-0.02
848,1913.0,50.0,-0.05
849,1914.0,19.0,-0.13
850,1927.0,60.0,-0.05
851,1928.0,40.0,-0.09
852,1929.0,22.0,-0.07
853,1930.0,47.0,-0.14
854,1931.0,58.0,0.12
855,1932.0,9.0,0.09
856,1933.0,23.0,-0.13
857,1934.0,84.0,0.11
858,1935.0,52.0,-0.04
859,1936.0,22.0,0.0
860,1937.0,71.0,0.03
861,1938.0,0.0,0.04
862,1951.0,70.0,-0.09
863,1952.0,72.0,-0.11
864,1953.0,53.0,-0.06
865,1954.0,45.0,-0.05
866,1955.0,32.0,-0.12
867,1956.0,30.0,0.13
868,1957.0,68.0,0.14
869,1958.0,19.0,-0.13
870,1959.0,30.0,-0.06
871,1960.0,11.0,0.04
872,1961.0,77.0,-0.05
873,1962.0,0.0,-0.14
874,1975.0,0.0,0.06
875,1976.0,52.0,-0.06
876,1977.0,55.0,-0.04
877,1978.0,36.0,0.13
878,1979.0,29.0,0.14
879,1980.0,70.0,0.08
880,1981.0,55.0,-0.05
881,1982.0,10.0,-0.05
882,1983.0,90.0,-0.09
883,1984.0,20.0,0.04
884,1985.0,29.0,-0.06
885,1986.0,4.0,0.07
886,1999.0,15.0,0.03
887,2000.0,25.0,-0.02
888,2001.0,69.0,-0.14
889,2002.0,26.0,-0.04
890,2003.0,12.0,-0.11
891,2004.0,39.0,0.09
892,2005.0,7.0,0.12
893,2006.0,26.0,0.14
894,2007.0,19.0,-0.0
895,2008.0,71.0,0.03
896,2009.0,11.0,-0.05
897,2010.0,0.0,-0.04
898,2023.0,1.0,-0.03
899,2024.0,43.0,0.04
900,2025.0,26.0,-0.02
901,2026.0,24.0,0.14
902,2027.0,40.0,0.13
903,2028.0,12.0,-0.05
904,2029.0,4.0,0.01
905,2030.0,10.0,-0.13
906,2031.0,77.0,0.13
907,2032.0,54.0,-0.06
908,2033.0,76.0,0.0
909,2034.0,0.0,0.01
910,2047.0,70.0,0.07
911,2048.0,46.0,-0.05
912,2049.0,48.0,-0.13
913,2050.0,3.0,0.13
914,2051.0,70.0,0.07
915,2052.0,80.0,0.11
916,2053.0,38.0,-0.07
917,2054.0,38.0,0.09
918,2055.0,44.0,-0.12
919,2056.0,13.0,0.05
920,2057.0,72.0,0.04
921,2058.0,11.0,-0.09
922,2071.0,23.0,0.06
923,2072.0,34.0,0.03
924,2073.0,0.0,0.14
925,2074.0,39.0,-0.11
926,2075.0,8.0,-0.09
927,2076.0,86.0,0.03
928,2077.0,40.0,0.13
929,2078.0,37.0,0.14
930,2079.0,53.0,-0.04
931,2080.0,77.0,-0.07
932,2081.0,27.0,-0.04
933,2082.0,1.0,0.14
934,2095.0,12.0,-0.01
935,2096.0,58.0,-0.02
936,2097.0,42.0,0.02
937,2098.0,15.0,0.13
938,2099.0,36.0,-0.0
939,2100.0,46.0,0.12
940,2101.0,50.0,-0.12
941,2102.0,43.0,0.01
942,2103.0,59.0,-0.04
943,2104.0,11.0,0.03
944,2105.0,70.0,0.0
945,2106.0,24.0,-0.14
946,2119.0,72.0,0.08
947,2120.0,6.0,-0.05
948,2121.0,43.0,0.14
949,2122.0,39.0,0.08
950,2123.0,33.0,0.11
951,2124.0,31.0,-0.06
952,2125.0,27.0,-0.05
953,2126.0,14.0,-0.14
954,2127.0,89.0,-0.13
955,2128.0,30.0,-0.07
956,2129.0,31.0,-0.03
957,2130.0,0.0,-0.02
958,2143.0,47.0,0.05
959,2144.0,67.0,-0.09
960,2145.0,35.0,-0.02
961,2146.0,68.0,-0.09
962,2147.0,43.0,0.11
963,2148.0,83.0,0.13
964,2149.0,36.0,-0.02
965,2150.0,32.0,-0.1
966,2151.0,57.0,-0.12
967,2152.0,55.0,-0.06
968,2153.0,67.0,-0.02
969,2154.0,59.0,-0.09
0,2167.0,78.0,-0.01
1,2168.0,56.0,-0.03
2,2169.0,54.0,-0.01
3,2170.0,54.0,0.11
4,2171.0,11.0,0.14
5,2172.0,42.0,-0.05
6,2173.0,90.0,0.01
7,2174.0,0.0,-0.02
8,2175.0,30.0,0.14
9,2176.0,58.0,-0.13
10,2177.0,49.0,0.07
11,2178.0,3.0,0.05
12,2190.0,66.0,-0.09
13,2191.0,43.0,-0.04
14,2192.0,46.0,-0.07
15,2193.0,42.0,0.0
16,2194.0,33.0,-0.05
17,2195.0,32.0,-0.04
18,2196.0,0.0,-0.02
19,2197.0,38.0,0.11
20,2198.0,36.0,0.14
21,2199.0,87.0,0.13
22,2200.0,51.0,-0.06
23,2201.0,69.0,-0.05
24,2202.0,0.0,-0.08
25,2214.0,29.0,0.04
26,2215.0,3.0,0.05
27,2216.0,31.0,0.04
28,2217.0,28.0,-0.12
29,2218.0,88.0,0.04
30,2219.0,87.0,-0.12
31,2220.0,78.0,0.09
32,2221.0,0.0,-0.12
33,2222.0,4.0,0.0
34,2223.0,20.0,-0.08
35,2224.0,10.0,-0.04
36,2225.0,45.0,0.03
37,2226.0,4.0,0.14
38,2238.0,58.0,-0.02
39,2239.0,65.0,0.02
40,2240.0,48.0,-0.12
41,2241.0,53.0,-0.05
42,2242.0,0.0,0.13
43,2243.0,39.0,0.0
44,2244.0,26.0,-0.06
45,2245.0,2.0,-0.11
46,2246.0,9.0,0.09
47,2247.0,46.0,-0.02
48,2248.0,62.0,-0.02
49,2249.0,73.0,0.03
50,2250.0,0.0,-0.12
51,2262.0,67.0,-0.01
52,2263.0,55.0,-0.08
53,2264.0,60.0,-0.12
54,2265.0,15.0,-0.0
55,2266.0,85.0,0.12
56,2267.0,22.0,0.13
57,2268.0,72.0,0.08
58,2269.0,69.0,0.11
59,2270.0,10.0,-0.14
60,2271.0,6.0,-0.14
61,2272.0,6.0,-0.02
62,2273.0,75.0,-0.08
63,2274.0,12.0,-0.03
64,2286.0,15.0,-0.07
65,2287.0,0.0,-0.14
66,2288.0,55.0,0.02
67,2289.0,51.0,-0.08
68,2290.0,9.0,0.09
69,2291.0,55.0,0.12
70,2292.0,39.0,0.11
71,2293.0,6.0,0.1
72,2294.0,36.0,0.13
73,2295.0,31.0,-0.05
74,2296.0,57.0,0.02
75,2297.0,43.0,0.0
76,2298.0,9.0,0.08
77,2310.0,27.0,-0.02
78,2311.0,33.0,-0.02
79,2312.0,6.0,-0.11
80,2313.0,33.0,-0.03
81,2314.0,26.0,-0.01
82,2315.0,14.0,-0.13
83,2316.0,57.0,0.07
84,2317.0,36.0,0.08
85,2318.0,46.0,0.1
86,2319.0,45.0,-0.02
87,2320.0,16.0,0.05
88,2321.0,4.0,-0.01
89,2322.0,19.0,-0.06
90,2334.0,40.0,0.08
91,2335.0,9.0,0.06
92,2336.0,6.0,0.03
93,2337.0,79.0,0.12
94,2338.0,32.0,-0.14
95,2339.0,67.0,0.08
96,2340.0,31.0,-0.0
97,2341.0,75.0,0.06
98,2342.0,66.0,0.11
99,2343.0,47.0,-0.03
100,2344.0,71.0,-0.09
101,2345.0,53.0,-0.02
102,2346.0,0.0,-0.14
103,2358.0,4.0,-0.03
104,2359.0,50.0,-0.06
105,2360.0,32.0,-0.03
106,2361.0,76.0,-0.14
107,2362.0,33.0,0.14
108,2363.0,84.0,0.11
109,2364.0,64.0,-0.06
110,2365.0,35.0,-0.06
111,2366.0,8.0,-0.13
112,2367.0,38.0,0.02
113,2368.0,10.0,-0.09
114,2369.0,22.0,0.07
115,2370.0,14.0,-0.03
116,2382.0,50.0,-0.09
117,2383.0,18.0,0.05
118,2384.0,26.0,-0.09
119,2385.0,54.0,-0.14
120,2386.0,0.0,-0.01
121,2387.0,30.0,0.13
122,2388.0,33.0,-0.01
123,2389.0,0.0,-0.12
124,2390.0,82.0,0.13
125,2391.0,66.0,0.12
126,2392.0,52.0,-0.05
127,2393.0,6.0,0.07
128,2394.0,8.0,0.11
129,2406.0,16.0,-0.02
130,2407.0,32.0,0.06
131,2408.0,77.0,-0.08
132,2409.0,26.0,0.14
133,2410.0,26.0,0.0
134,2411.0,35.0,0.13
135,2412.0,74.0,0.13
136,2413.0,4.0,0.12
137,2414.0,29.0,0.12
138,2415.0,15.0,-0.03
139,2416.0,22.0,0.03
140,2417.0,53.0,0.05
141,2418.0,1.0,0.07
142,2430.0,27.0,0.08
143,2431.0,7.0,-0.12
144,2432.0,64.0,0.01
145,2433.0,43.0,-0.02
146,2434.0,55.0,0.13
147,2435.0,48.0,-0.09
148,2436.0,86.0,0.05
149,2437.0,38.0,0.11
150,2438.0,47.0,0.14
151,2439.0,24.0,0.02
152,2440.0,55.0,0.13
153,2441.0,34.0,-0.03
154,2442.0,0.0,0.06
155,2454.0,82.0,-0.0
156,2455.0,39.0,0.06
157,2456.0,14.0,-0.08
158,2457.0,0.0,-0.13
159,2458.0,9.0,0.11
160,2459.0,31.0,-0.11
161,2460.0,86.0,0.02
162,2461.0,12.0,0.11
163,2462.0,78.0,-0.11
164,2463.0,27.0,-0.1
165,2464.0,31.0,-0.06
166,2465.0,59.0,0.03
167,2466.0,12.0,-0.14
168,2478.0,62.0,0.08
169,2479.0,48.0,-0.02
170,2480.0,17.0,-0.08
171,2481.0,18.0,-0.09
172,2482.0,45.0,0.11
173,2483.0,19.0,-0.13
174,2484.0,40.0,0.12
175,2485.0,61.0,-0.1
176,2486.0,10.0,0.09
177,2487.0,40.0,-0.01
178,2488.0,24.0,-0.06
179,2489.0,23.0,0.07
180,2490.0,11.0,-0.06
181,2502.0,45.0,0.05
182,2503.0,65.0,0.02
183,2504.0,2.0,-0.11
184,2505.0,81.0,0.1
185,2506.0,35.0,-0.01
186,2507.0,56.0,-0.11
187,2508.0,38.0,-0.06
188,2509.0,50.0,-0.13
189,2510.0,45.0,-0.05
190,2511.0,29.0,0.13
191,2512.0,20.0,0.14
192,2513.0,62.0,0.04
193,2514.0,0.0,0.02
194,2526.0,18.0,-0.0
195,2527.0,56.0,0.05
196,2528.0,32.0,0.0
197,2529.0,6.0,-0.09
198,2530.0,46.0,-0.13
199,2531.0,83.0,0.07
200,2532.0,61.0,0.1
201,2533.0,80.0,-0.1
202,2534.0,8.0,0.01
203,2535.0,83.0,-0.1
204,2536.0,78.0,-0.1
205,2537.0,12.0,0.0
206,2538.0,14.0,0.06
207,2550.0,34.0,-0.03
208,2551.0,50.0,-0.14
209,2552.0,50.0,0.01
210,2553.0,47.0,-0.05
211,2554.0,62.0,0.13
212,2555.0,12.0,-0.02
213,2556.0,0.0,-0.03
214,2557.0,6.0,0.13
215,2558.0,11.0,-0.13
216,2559.0,46.0,-0.05
217,2560.0,90.0,-0.14
218,2561.0,41.0,-0.04
219,2562.0,16.0,-0.14
220,2574.0,45.0,-0.04
221,2575.0,87.0,0.07
222,2576.0,67.0,-0.03
223,2577.0,27.0,-0.06
224,2578.0,24.0,0.11
225,2579.0,79.0,0.14
226,2580.0,39.0,0.14
227,2581.0,68.0,-0.13
228,2582.0,52.0,0.1
229,2583.0,17.0,0.12
230,2584.0,44.0,-0.09
231,2585.0,10.0,-0.08
232,2586.0,0.0,-0.08
233,2598.0,74.0,-0.02
234,2599.0,80.0,-0.01
235,2600.0,13.0,-0.11
236,2601.0,22.0,-0.09
237,2602.0,8.0,-0.05
238,2603.0,88.0,0.14
239,2604.0,31.0,-0.07
240,2605.0,86.0,0.13
241,2606.0,39.0,0.09
242,2607.0,48.0,0.14
243,2608.0,86.0,-0.1
244,2609.0,3.0,0.02
245,2610.0,0.0,-0.05
246,2622.0,0.0,0.06
247,2623.0,37.0,-0.02
248,2624.0,36.0,-0.06
249,2625.0,28.0,-0.08
250,2626.0,49.0,0.11
251,2627.0,2.0,0.09
252,2628.0,49.0,0.12
253,2629.0,9.0,-0.01
254,2630.0,76.0,0.08
255,2631.0,17.0,-0.08
256,2632.0,5.0,-0.02
257,2633.0,11.0,0.03
258,2634.0,8.0,-0.06
259,2646.0,27.0,0.02
260,2647.0,11.0,0.04
261,2648.0,53.0,-0.13
262,2649.0,14.0,-0.14
263,2650.0,84.0,0.11
264,2651.0,64.0,0.12
265,2652.0,40.0,-0.13
266,2653.0,0.0,-0.01
267,2654.0,0.0,-0.07
268,2655.0,87.0,0.13
269,2656.0,47.0,0.02
270,2657.0,30.0,0.04
271,2658.0,87.0,0.05
272,2670.0,14.0,-0.02
273,2671.0,34.0,0.04
274,2672.0,56.0,0.02
275,2673.0,43.0,-0.06
276,2674.0,2.0,-0.08
277,2675.0,34.0,0.0
278,2676.0,7.0,-0.1
279,2677.0,68.0,0.11
280,2678.0,62.0,-0.08
281,2679.0,0.0,-0.02
282,2680.0,64.0,-0.03
283,2681.0,73.0,0.04
284,2682.0,13.0,0.01
285,2694.0,18.0,-0.01
286,2695.0,74.0,-0.01
287,2696.0,85.0,-0.09
288,2697.0,48.0,-0.03
289,2698.0,16.0,0.12
290,2699.0,23.0,0.09
291,2700.0,61.0,0.12
292,2701.0,84.0,-0.08
293,2702.0,2.0,-0.1
294,2703.0,9.0,0.11
295,2704.0,23.0,-0.03
296,2705.0,0.0,0.03
297,2706.0,13.0,0.04
298,2718.0,3.0,0.06
299,2719.0,34.0,-0.13
300,2720.0,48.0,0.01
301,2721.0,6.0,-0.09
302,2722.0,33.0,-0.0
303,2723.0,54.0,0.12
304,2724.0,0.0,-0.01
305,2725.0,28.0,-0.06
306,2726.0,71.0,-0.14
307,2727.0,54.0,-0.06
308,2728.0,6.0,-0.11
309,2729.0,11.0,0.06
310,2730.0,0.0,-0.03
311,2731.0,0.0,-0.05
312,2742.0,45.0,-0.01
313,2743.0,77.0,-0.0
314,2744.0,87.0,-0.08
315,2745.0,42.0,-0.11
316,2746.0,23.0,-0.0
317,2747.0,22.0,0.08
318,2748.0,40.0,0.08
319,2749.0,55.0,0.11
320,2750.0,8.0,0.13
321,2751.0,43.0,-0.0
322,2752.0,62.0,-0.08
323,2753.0,5.0,-0.1
324,2754.0,49.0,0.04
325,2755.0,13.0,-0.12
326,2766.0,39.0,-0.05
327,2767.0,48.0,-0.12
328,2768.0,49.0,-0.11
329,2769.0,37.0,0.11
330,2770.0,42.0,-0.04
331,2771.0,14.0,-0.14
332,2772.0,51.0,0.11
333,2773.0,32.0,-0.04
334,2774.0,47.0,-0.08
335,2775.0,27.0,0.01
336,2776.0,0.0,0.04
337,2777.0,41.0,0.04
338,2778.0,17.0,0.09
339,2779.0,8.0,0.11
340,2790.0,45.0,-0.04
341,2791.0,82.0,0.04
342,2792.0,36.0,-0.1
343,2793.0,52.0,-0.05
344,2794.0,46.0,0.13
345,2795.0,17.0,-0.01
346,2796.0,5.0,0.08
347,2797.0,78.0,0.11
348,2798.0,18.0,0.09
349,2799.0,9.0,-0.04
350,2800.0,46.0,-0.03
351,2801.0,90.0,-0.02
352,2802.0,17.0,0.11
353,2803.0,0.0,-0.05
354,2814.0,10.0,0.04
355,2815.0,57.0,-0.12
356,2816.0,6.0,-0.11
357,2817.0,18.0,-0.04
358,2818.0,20.0,0.0
359,2819.0,28.0,0.0
360,2820.0,19.0,-0.13
361,2821.0,30.0,0.11
362,2822.0,50.0,0.11
363,2823.0,18.0,-0.07
364,2824.0,38.0,-0.05
365,2825.0,74.0,-0.05
366,2826.0,3.0,0.11
367,2827.0,0.0,-0.02
368,2838.0,29.0,0.08
369,2839.0,88.0,0.02
370,2840.0,62.0,-0.09
371,2841.0,35.0,-0.05
372,2842.0,48.0,-0.0
373,2843.0,24.0,0.13
374,2844.0,11.0,-0.06
375,2845.0,31.0,-0.07
376,2846.0,34.0,-0.13
377,2847.0,9.0,-0.06
378,2848.0,69.0,-0.05
379,2849.0,28.0,-0.04
380,2850.0,18.0,0.11
381,2851.0,26.0,-0.03
382,2862.0,35.0,-0.05
383,2863.0,74.0,0.02
384,2864.0,0.0,-0.05
385,2865.0,37.0,-0.07
386,2866.0,87.0,0.11
387,2867.0,80.0,0.09
388,2868.0,21.0,0.08
389,2869.0,53.0,-0.08
390,2870.0,19.0,-0.14
391,2871.0,82.0,0.12
392,2872.0,44.0,-0.09
393,2873.0,77.0,0.01
394,2874.0,30.0,0.12
395,2875.0,0.0,-0.04
396,2886.0,1.0,-0.13
397,2887.0,18.0,-0.14
398,2888.0,18.0,-0.04
399,2889.0,51.0,-0.06
400,2890.0,14.0,0.0
401,2891.0,89.0,0.09
402,2892.0,43.0,0.13
403,2893.0,41.0,0.14
404,2894.0,47.0,-0.02
405,2895.0,15.0,0.01
406,2896.0,37.0,0.03
407,2897.0,44.0,0.06
408,2898.0,0.0,-0.04
409,2899.0,2.0,-0.12
410,2910.0,25.0,0.05
411,2911.0,25.0,0.06
412,2912.0,63.0,-0.09
413,2913.0,40.0,0.0
414,2914.0,0.0,-0.14
415,2915.0,31.0,0.11
416,2916.0,38.0,0.11
417,2917.0,51.0,0.12
418,2918.0,45.0,-0.02
419,2919.0,40.0,0.14
420,2920.0,53.0,-0.08
421,2921.0,64.0,-0.02
422,2922.0,16.0,0.13
423,2923.0,1.0,-0.0
424,2934.0,55.0,0.06
425,2935.0,0.0,0.05
426,2936.0,84.0,-0.07
427,2937.0,40.0,-0.06
428,2938.0,5.0,-0.13
429,2939.0,20.0,0.14
430,2940.0,74.0,0.11
431,2941.0,77.0,0.14
432,2942.0,0.0,-0.0
433,2943.0,20.0,0.13
434,2944.0,47.0,-0.09
435,2945.0,53.0,0.03
436,2946.0,31.0,0.09
437,2947.0,5.0,0.11
438,2958.0,39.0,0.01
439,2959.0,45.0,-0.09
440,2960.0,13.0,-0.01
441,2961.0,44.0,-0.01
442,2962.0,80.0,0.13
443,2963.0,32.0,0.01
444,2964.0,24.0,0.07
445,2965.0,54.0,0.14
446,2966.0,51.0,-0.13
447,2967.0,86.0,0.1
448,2968.0,52.0,0.01
449,2969.0,25.0,-0.04
450,2970.0,38.0,0.12
451,2971.0,0.0,-0.14
452,2982.0,52.0,0.06
453,2983.0,45.0,-0.04
454,2984.0,7.0,0.03
455,2985.0,3.0,0.14
456,2986.0,46.0,-0.11
457,2987.0,84.0,0.13
458,2988.0,24.0,0.09
459,2989.0,50.0,-0.05
460,2990.0,21.0,0.14
461,2991.0,22.0,0.11
462,2992.0,42.0,-0.07
463,2993.0,56.0,0.05
464,2994.0,55.0,-0.05
465,2995.0,0.0,0.14
466,3006.0,0.0,0.02
467,3007.0,53.0,0.03
468,3008.0,39.0,-0.03
469,3009.0,18.0,-0.01
470,3010.0,39.0,-0.08
471,3011.0,30.0,0.09
472,3012.0,89.0,-0.08
473,3013.0,35.0,0.0
474,3014.0,83.0,0.14
475,3015.0,52.0,-0.02
476,3016.0,81.0,-0.03
477,3017.0,76.0,-0.02
478,3018.0,71.0,0.04
479,3019.0,12.0,-0.1
480,3030.0,6.0,-0.01
481,3031.0,3.0,-0.08
482,3032.0,45.0,0.01
483,3033.0,29.0,-0.04
484,3034.0,52.0,0.14
485,3035.0,31.0,0.1
486,3036.0,51.0,0.14
487,3037.0,71.0,0.09
488,3038.0,58.0,-0.06
489,3039.0,16.0,-0.11
490,3040.0,49.0,-0.02
491,3041.0,40.0,0.04
492,3042.0,37.0,-0.03
493,3043.0,7.0,-0.1
494,3054.0,0.0,0.01
495,3055.0,48.0,-0.12
496,3056.0,74.0,-0.05
497,3057.0,45.0,-0.08
498,3058.0,0.0,0.01
499,3059.0,26.0,0.12
500,3060.0,68.0,0.11
501,3061.0,55.0,0.11
502,3062.0,32.0,-0.12
503,3063.0,10.0,0.14
504,3064.0,56.0,-0.08
505,3065.0,0.0,-0.07
506,3066.0,0.0,-0.14
507,3067.0,0.0,-0.07
508,3078.0,65.0,0.08
509,3079.0,0.0,-0.03
510,3080.0,55.0,0.01
511,3081.0,11.0,-0.12
512,3082.0,20.0,0.11
513,3083.0,24.0,0.09
514,3084.0,46.0,-0.05
515,3085.0,37.0,0.09
516,3086.0,6.0,-0.11
517,3087.0,48.0,0.12
518,3088.0,42.0,-0.03
519,3089.0,18.0,-0.03
520,3090.0,40.0,-0.1
521,3091.0,0.0,-0.06
522,3102.0,72.0,-0.04
523,3103.0,25.0,0.04
524,3104.0,10.0,-0.14
525,3105.0,50.0,0.13
526,3106.0,8.0,-0.05
527,3107.0,28.0,0.0
528,3108.0,39.0,0.11
529,3109.0,22.0,-0.08
530,3110.0,47.0,0.13
531,3111.0,44.0,-0.01
532,3112.0,32.0,-0.09
533,3113.0,63.0,-0.04
534,3114.0,0.0,0.14
535,3115.0,0.0,-0.03
536,3126.0,52.0,-0.03
537,3127.0,26.0,-0.12
538,3128.0,15.0,-0.12
539,3129.0,58.0,-0.02
540,3130.0,46.0,0.11
541,3131.0,0.0,-0.11
542,3132.0,8.0,-0.06
543,3133.0,40.0,-0.14
544,3134.0,62.0,0.12
545,3135.0,78.0,0.14
546,3136.0,29.0,-0.12
547,3137.0,70.0,-0.12
548,3138.0,4.0,-0.05
549,3139.0,0.0,-0.04
550,3150.0,63.0,-0.1
551,3151.0,12.0,-0.02
552,3152.0,26.0,-0.09
553,3153.0,74.0,-0.14
554,3154.0,52.0,-0.07
555,3155.0,40.0,-0.0
556,3156.0,64.0,0.14
557,3157.0,48.0,-0.04
558,3158.0,6.0,-0.04
559,3159.0,69.0,-0.13
560,3160.0,56.0,0.03
561,3161.0,2.0,0.04
562,3162.0,0.0,-0.05
563,3163.0,1.0,-0.14
564,3174.0,90.0,-0.01
565,3175.0,77.0,0.01
566,3176.0,50.0,-0.1
567,3177.0,54.0,-0.02
568,3178.0,55.0,-0.09
569,3179.0,65.0,-0.11
570,3180.0,77.0,0.13
571,3181.0,21.0,-0.02
572,3182.0,0.0,0.02
573,3183.0,26.0,-0.04
574,3184.0,0.0,-0.02
575,3185.0,17.0,0.02
576,3186.0,0.0,-0.09
577,3187.0,0.0,-0.14
578,3198.0,10.0,-0.07
579,3199.0,35.0,0.02
580,3200.0,5.0,-0.03
581,3201.0,43.0,-0.14
582,3202.0,1.0,-0.04
583,3203.0,25.0,-0.01
584,3204.0,45.0,0.12
585,3205.0,28.0,0.13
586,3206.0,50.0,-0.06
587,3207.0,21.0,0.14
588,3208.0,62.0,0.01
589,3209.0,46.0,0.02
590,3210.0,0.0,-0.1
591,3211.0,1.0,0.14
592,3222.0,67.0,-0.0
593,3223.0,28.0,-0.11
594,3224.0,61.0,-0.08
595,3225.0,66.0,-0.05
596,3226.0,60.0,0.12
597,3227.0,61.0,-0.03
598,3228.0,89.0,0.08
599,3229.0,17.0,-0.12
600,3230.0,34.0,-0.06
601,3231.0,11.0,0.02
602,3232.0,49.0,-0.07
603,3233.0,70.0,-0.01
604,3234.0,0.0,0.1
605,3235.0,16.0,-0.03
606,3246.0,0.0,0.04
607,3247.0,56.0,0.05
608,3248.0,21.0,0.03
609,3249.0,79.0,0.1
610,3250.0,46.0,-0.08
611,3251.0,80.0,-0.12
612,3252.0,79.0,0.06
613,3253.0,64.0,0.13
614,3254.0,69.0,-0.07
615,3255.0,75.0,-0.08
616,3256.0,9.0,-0.11
617,3257.0,14.0,-0.03
618,3258.0,3.0,0.08
619,3259.0,0.0,0.01
620,3269.0,10.0,0.01
621,3270.0,28.0,-0.03
622,3271.0,69.0,0.01
623,3272.0,1.0,-0.07
624,3273.0,6.0,0.11
625,3274.0,90.0,0.12
626,3275.0,34.0,-0.03
627,3276.0,31.0,0.08
628,3277.0,80.0,-0.07
629,3278.0,16.0,-0.07
630,3279.0,22.0,0.02
631,3280.0,46.0,0.01
632,3281.0,57.0,-0.03
633,3282.0,28.0,-0.14
634,3283.0,0.0,-0.0
635,3293.0,75.0,-0.02
636,3294.0,22.0,0.04
637,3295.0,43.0,0.05
638,3296.0,25.0,-0.04
639,3297.0,47.0,0.02
640,3298.0,23.0,-0.13
641,3299.0,73.0,0.07
642,3300.0,26.0,0.14
643,3301.0,47.0,0.11
644,3302.0,47.0,0.13
645,3303.0,68.0,-0.03
646,3304.0,31.0,-0.05
647,3305.0,42.0,0.06
648,3306.0,1.0,0.14
649,3307.0,9.0,0.07
650,3317.0,21.0,-0.07
651,3318.0,10.0,-0.05
652,3319.0,25.0,0.01
653,3320.0,21.0,0.02
654,3321.0,12.0,-0.08
655,3322.0,44.0,-0.06
656,3323.0,17.0,-0.01
657,3324.0,16.0,-0.02
658,3325.0,18.0,-0.08
659,3326.0,88.0,0.09
660,3327.0,31.0,-0.08
661,3328.0,4.0,-0.12
662,3329.0,14.0,-0.11
663,3330.0,6.0,-0.03
664,3331.0,0.0,-0.1
665,3341.0,28.0,0.09
666,3342.0,10.0,-0.1
667,3343.0,33.0,-0.13
668,3344.0,47.0,-0.08
669,3345.0,0.0,-0.02
670,3346.0,57.0,-0.12
671,3347.0,29.0,-0.0
672,3348.0,30.0,-0.03
673,3349.0,52.0,-0.06
674,3350.0,32.0,-0.03
675,3351.0,28.0,0.14
676,3352.0,65.0,-0.09
677,3353.0,0.0,-0.11
678,3354.0,0.0,0.02
679,3355.0,0.0,-0.14
680,3365.0,52.0,-0.09
681,3366.0,13.0,0.03
682,3367.0,57.0,0.01
683,3368.0,17.0,-0.04
684,3369.0,2.0,-0.04
685,3370.0,49.0,0.14
686,3371.0,42.0,-0.03
687,3372.0,35.0,0.12
688,3373.0,10.0,0.01
689,3374.0,41.0,-0.03
690,3375.0,38.0,-0.13
691,3376.0,35.0,0.02
692,3377.0,89.0,-0.04
693,3378.0,0.0,-0.03
694,3379.0,0.0,-0.12
695,3389.0,39.0,-0.01
696,3390.0,30.0,-0.06
697,3391.0,25.0,-0.11
698,3392.0,4.0,-0.11
699,3393.0,50.0,-0.04
700,3394.0,4.0,0.11
701,3395.0,22.0,-0.07
702,3396.0,85.0,0.06
703,3397.0,85.0,0.08
704,3398.0,27.0,0.14
705,3399.0,31.0,-0.14
706,3400.0,70.0,-0.02
707,3401.0,54.0,0.04
708,3402.0,2.0,-0.06
709,3403.0,7.0,0.01
710,3413.0,81.0,0.07
711,3414.0,49.0,0.03
712,3415.0,19.0,0.0
713,3416.0,22.0,-0.0
714,3417.0,14.0,-0.08
715,3418.0,1.0,-0.12
716,3419.0,15.0,-0.0
717,3420.0,83.0,0.08
718,3421.0,40.0,0.1
719,3422.0,54.0,-0.06
720,3423.0,6.0,-0.1
721,3424.0,46.0,-0.1
722,3425.0,0.0,0.02
723,3426.0,10.0,-0.14
724,3427.0,0.0,-0.08
725,3437.0,22.0,0.1
726,3438.0,4.0,-0.08
727,3439.0,77.0,-0.1
728,3440.0,27.0,-0.13
729,3441.0,19.0,-0.1
730,3442.0,44.0,-0.07
731,3443.0,69.0,0.12
732,3444.0,38.0,0.12
733,3445.0,28.0,-0.04
734,3446.0,9.0,-0.05
735,3447.0,58.0,-0.0
736,3448.0,65.0,-0.02
737,3449.0,0.0,0.1
738,3450.0,1.0,-0.05
739,3451.0,3.0,-0.06
740,3461.0,67.0,0.02
741,3462.0,83.0,-0.01
742,3463.0,77.0,-0.12
743,3464.0,42.0,-0.08
744,3465.0,27.0,-0.04
745,3466.0,60.0,0.12
746,3467.0,14.0,-0.06
747,3468.0,29.0,-0.14
748,3469.0,4.0,-0.14
749,3470.0,65.0,0.12
750,3471.0,23.0,-0.03
751,3472.0,21.0,-0.13
752,3473.0,55.0,-0.06
753,3474.0,33.0,0.07
754,3475.0,0.0,-0.01
755,3485.0,79.0,0.01
756,3486.0,30.0,0.08
757,3487.0,29.0,0.0
758,3488.0,60.0,-0.06
759,3489.0,57.0,-0.06
760,3490.0,65.0,-0.11
761,3491.0,28.0,0.12
762,3492.0,24.0,0.11
763,3493.0,50.0,0.09
764,3494.0,47.0,-0.09
765,3495.0,44.0,-0.0
766,3496.0,2.0,0.03
767,3497.0,46.0,0.02
768,3498.0,25.0,-0.04
769,3499.0,0.0,-0.14
770,3509.0,20.0,0.1
771,3510.0,27.0,0.04
772,3511.0,49.0,0.01
773,3512.0,12.0,0.03
774,3513.0,51.0,-0.13
775,3514.0,16.0,-0.06
776,3515.0,59.0,-0.05
777,3516.0,47.0,0.11
778,3517.0,6.0,-0.1
779,3518.0,26.0,-0.13
780,3519.0,19.0,-0.04
781,3520.0,11.0,-0.08
782,3521.0,25.0,0.04
783,3522.0,9.0,0.1
784,3523.0,5.0,-0.14
785,3533.0,72.0,0.07
786,3534.0,51.0,-0.03
787,3535.0,5.0,-0.04
788,3536.0,30.0,-0.05
789,3537.0,31.0,0.01
790,3538.0,34.0,-0.08
791,3539.0,7.0,0.1
792,3540.0,7.0,-0.01
793,3541.0,74.0,0.1
794,3542.0,32.0,0.13
795,3543.0,33.0,-0.1
796,3544.0,60.0,-0.12
797,3545.0,0.0,0.04
798,3546.0,31.0,-0.01
799,3547.0,0.0,-0.02
800,3557.0,42.0,0.06
801,3558.0,38.0,-0.01
802,3559.0,33.0,-0.0
803,3560.0,18.0,0.02
804,3561.0,49.0,0.01
805,3562.0,49.0,0.14
806,3563.0,66.0,-0.13
807,3564.0,52.0,-0.1
808,3565.0,50.0,-0.08
809,3566.0,45.0,0.13
810,3567.0,48.0,-0.02
811,3568.0,9.0,0.01
812,3569.0,4.0,0.0
813,3570.0,15.0,0.08
814,3571.0,6.0,0.04
815,3581.0,30.0,-0.06
816,3582.0,56.0,0.01
817,3583.0,63.0,-0.05
818,3584.0,40.0,0.03
819,3585.0,68.0,-0.06
820,3586.0,41.0,0.01
821,3587.0,35.0,-0.05
822,3588.0,16.0,-0.0
823,3589.0,69.0,-0.13
824,3590.0,53.0,-0.14
825,3591.0,46.0,0.01
826,3592.0,67.0,-0.03
827,3593.0,33.0,0.03
828,3594.0,0.0,0.09
829,3595.0,0.0,-0.1
830,3605.0,50.0,0.07
831,3606.0,89.0,0.03
832,3607.0,42.0,-0.04
833,3608.0,40.0,-0.03
834,3609.0,34.0,0.14
835,3610.0,60.0,-0.07
836,3611.0,90.0,0.14
837,3612.0,39.0,-0.03
838,3613.0,64.0,0.11
839,3614.0,1.0,-0.03
840,3615.0,3.0,-0.11
841,3616.0,55.0,-0.11
842,3617.0,26.0,0.01
843,3618.0,15.0,0.01
844,3619.0,0.0,0.14
845,3629.0,45.0,0.02
846,3630.0,82.0,-0.07
847,3631.0,5.0,0.07
848,3632.0,58.0,-0.05
849,3633.0,9.0,-0.04
850,3634.0,52.0,-0.01
851,3635.0,7.0,-0.01
852,3636.0,29.0,-0.06
853,3637.0,36.0,0.05
854,3638.0,40.0,-0.13
855,3639.0,37.0,-0.04
856,3640.0,54.0,0.03
857,3641.0,3.0,0.05
858,3642.0,70.0,-0.01
859,3643.0,0.0,0.14
860,3653.0,25.0,-0.03
861,3654.0,49.0,0.04
862,3655.0,36.0,-0.14
863,3656.0,69.0,-0.03
864,3657.0,11.0,0.14
865,3658.0,19.0,-0.13
866,3659.0,64.0,0.08
867,3660.0,46.0,-0.14
868,3661.0,26.0,0.14
869,3662.0,80.0,0.12
870,3663.0,90.0,-0.08
871,3664.0,66.0,-0.13
872,3665.0,85.0,0.06
873,3666.0,59.0,0.03
874,3667.0,0.0,0.0
875,3677.0,44.0,-0.02
876,3678.0,24.0,0.07
877,3679.0,41.0,-0.12
878,3680.0,14.0,-0.11
879,3681.0,27.0,0.11
880,3682.0,2.0,-0.08
881,3683.0,37.0,0.12
882,3684.0,23.0,-0.06
883,3685.0,14.0,0.11
884,3686.0,61.0,0.14
885,3687.0,64.0,-0.08
886,3688.0,38.0,-0.08
887,3689.0,39.0,0.04
888,3690.0,81.0,-0.02
889,3691.0,0.0,-0.08
890,3701.0,51.0,-0.02
891,3702.0,90.0,0.0
892,3703.0,69.0,-0.08
893,3704.0,0.0,-0.09
894,3705.0,23.0,-0.06
895,3706.0,4.0,-0.07
896,3707.0,62.0,0.1
897,3708.0,83.0,0.1
898,3709.0,24.0,0.01
899,3710.0,71.0,-0.06
900,3711.0,23.0,-0.12
901,3712.0,41.0,-0.02
902,3713.0,60.0,-0.05
903,3714.0,0.0,0.02
904,3715.0,11.0,0.06
905,3725.0,28.0,-0.0
906,3726.0,69.0,-0.05
907,3727.0,8.0,-0.05
908,3728.0,56.0,0.0
909,3729.0,51.0,-0.05
910,3730.0,53.0,0.12
911,3731.0,85.0,-0.07
912,3732.0,5.0,-0.08
913,3733.0,78.0,0.13
914,3734.0,53.0,0.12
915,3735.0,46.0,0.14
916,3736.0,54.0,0.01
917,3737.0,45.0,-0.13
918,3738.0,12.0,0.09
919,3739.0,10.0,0.14
920,3749.0,59.0,0.02
921,3750.0,42.0,-0.03
922,3751.0,52.0,0.01
923,3752.0,4.0,-0.01
924,3753.0,71.0,0.14
925,3754.0,5.0,-0.11
926,3755.0,64.0,0.14
927,3756.0,6.0,-0.02
928,3757.0,41.0,-0.05
929,3758.0,59.0,0.13
930,3759.0,1.0,-0.04
931,3760.0,23.0,-0.01
932,3761.0,59.0,-0.14
933,3762.0,0.0,-0.01
934,3763.0,0.0,-0.14
935,3773.0,53.0,-0.1
936,3774.0,23.0,0.06
937,3775.0,49.0,0.01
938,3776.0,55.0,-0.05
939,3777.0,23.0,-0.13
940,3778.0,9.0,-0.07
941,3779.0,86.0,0.03
942,3780.0,55.0,0.13
943,3781.0,44.0,-0.12
944,3782.0,10.0,-0.04
945,3783.0,60.0,-0.08
946,3784.0,30.0,0.0
947,3785.0,7.0,0.06
948,3786.0,36.0,-0.05
949,3787.0,0.0,0.12
950,3797.0,28.0,-0.06
951,3798.0,40.0,0.07
952,3799.0,4.0,-0.14
953,3800.0,57.0,-0.03
954,3801.0,83.0,0.13
955,3802.0,90.0,0.04
956,3803.0,80.0,0.07
957,3804.0,43.0,0.14
958,3805.0,69.0,0.11
959,3806.0,24.0,-0.07
960,3807.0,16.0,-0.01
961,3808.0,0.0,0.04
962,3809.0,3.0,-0.1
963,3810.0,90.0,-0.01
964,3811.0,0.0,0.1
965,3821.0,84.0,0.05
966,3822.0,16.0,0.05
967,3823.0,1.0,-0.12
968,3824.0,44.0,-0.01
969,3825.0,7.0,-0.1
970,3826.0,51.0,0.14
971,3827.0,62.0,0.11
972,3828.0,80.0,0.1
973,3829.0,35.0,0.01
974,3830.0,0.0,-0.11
975,3831.0,89.0,-0.14
976,3832.0,53.0,-0.11
977,3833.0,61.0,-0.02
978,3834.0,0.0,0.05
979,3835.0,14.0,-0.14
980,3845.0,62.0,-0.06
981,3846.0,25.0,0.01
982,3847.0,85.0,-0.09
983,3848.0,18.0,-0.02
984,3849.0,76.0,-0.14
985,3850.0,42.0,-0.04
986,3851.0,14.0,-0.01
987,3852.0,70.0,-0.11
988,3853.0,49.0,-0.06
989,3854.0,25.0,-0.07
990,3855.0,44.0,-0.04
991,3856.0,60.0,0.13
992,3857.0,20.0,-0.02
993,3858.0,16.0,0.03
994,3859.0,9.0,-0.0
995,3869.0,26.0,0.01
996,3870.0,34.0,0.08
997,3871.0,25.0,0.05
998,3872.0,65.0,-0.01
999,3873.0,2.0,-0.12
1000,3874.0,28.0,-0.02
1001,3875.0,13.0,-0.14
1002,3876.0,7.0,0.11
1003,3877.0,8.0,0.08
1004,3878.0,26.0,0.02
1005,3879.0,49.0,-0.09
1006,3880.0,67.0,-0.09
1007,3881.0,30.0,-0.11
1008,3882.0,64.0,0.03
1009,3883.0,0.0,-0.09
1010,3893.0,47.0,0.03
1011,3894.0,25.0,0.07
1012,3895.0,11.0,-0.09
1013,3896.0,17.0,-0.13
1014,3897.0,68.0,0.12
1015,3898.0,0.0,-0.12
1016,3899.0,71.0,-0.14
1017,3900.0,8.0,0.1
1018,3901.0,21.0,-0.11
1019,3902.0,48.0,-0.04
1020,3903.0,54.0,-0.07
1021,3904.0,29.0,-0.1
1022,3905.0,73.0,-0.07
1023,3906.0,90.0,-0.03
1024,3907.0,24.0,0.02
1025,3917.0,90.0,0.06
1026,3918.0,0.0,0.07
1027,3919.0,37.0,-0.1
1028,3920.0,72.0,-0.02
1029,3921.0,50.0,-0.0
1030,3922.0,33.0,-0.02
1031,3923.0,48.0,-0.12
1032,3924.0,3.0,0.1
1033,3925.0,44.0,-0.1
1034,3926.0,16.0,-0.1
1035,3927.0,73.0,0.14
1036,3928.0,33.0,-0.01
1037,3929.0,12.0,-0.1
1038,3930.0,85.0,0.09
1039,3931.0,21.0,0.12
1040,3941.0,21.0,0.0
1041,3942.0,68.0,0.05
1042,3943.0,59.0,-0.01
1043,3944.0,35.0,0.04
1044,3945.0,54.0,0.13
1045,3946.0,8.0,-0.07
1046,3947.0,23.0,-0.02
1047,3948.0,75.0,-0.11
1048,3949.0,15.0,0.13
1049,3950.0,24.0,-0.06
1050,3951.0,8.0,-0.08
1051,3952.0,8.0,-0.14
1052,3953.0,17.0,0.02
1053,3954.0,90.0,0.02
1054,3955.0,0.0,0.14
1055,3965.0,36.0,0.08
1056,3966.0,47.0,0.0
1057,3967.0,56.0,-0.0
1058,3968.0,47.0,0.14
1059,3969.0,37.0,0.13
1060,3970.0,19.0,-0.05
1061,3971.0,0.0,-0.06
1062,3972.0,34.0,-0.08
1063,3973.0,28.0,-0.01
1064,3974.0,60.0,0.13
1065,3975.0,43.0,-0.03
1066,3976.0,49.0,-0.09
1067,3977.0,74.0,-0.01
1068,3978.0,28.0,0.08
1069,3979.0,17.0,0.0
1070,3989.0,90.0,0.03
1071,3990.0,72.0,0.07
1072,3991.0,86.0,-0.08
1073,3992.0,0.0,0.0
1074,3993.0,73.0,0.13
1075,3994.0,62.0,-0.04
1076,3995.0,0.0,-0.04
1077,3996.0,6.0,0.1
1078,3997.0,30.0,-0.14
1079,3998.0,10.0,0.02
1080,3999.0,68.0,0.12
1081,4000.0,48.0,-0.09
1082,4001.0,40.0,0.05
1083,4002.0,52.0,-0.01
1084,4003.0,16.0,0.11
1085,4013.0,78.0,-0.0
1086,4014.0,45.0,0.05
1087,4015.0,71.0,-0.13
1088,4016.0,90.0,-0.07
1089,4017.0,5.0,0.02
1090,4018.0,27.0,0.03
1091,4019.0,74.0,0.11
1092,4020.0,69.0,0.11
1093,4021.0,28.0,0.14
1094,4022.0,62.0,-0.04
1095,4023.0,58.0,-0.03
1096,4024.0,17.0,-0.1
1097,4025.0,46.0,0.02
1098,4026.0,67.0,0.1
1099,4027.0,12.0,-0.08
1100,4037.0,13.0,0.07
1101,4038.0,54.0,0.04
1102,4039.0,90.0,-0.07
1103,4040.0,53.0,-0.02
1104,4041.0,21.0,0.01
1105,4042.0,10.0,0.08
1106,4043.0,36.0,0.1
1107,4044.0,41.0,0.13
1108,4045.0,69.0,-0.05
1109,4046.0,34.0,-0.09
1110,4047.0,20.0,-0.08
1111,4048.0,61.0,-0.02
1112,4049.0,29.0,0.03
1113,4050.0,68.0,-0.04
1114,4051.0,0.0,-0.14
1115,4061.0,31.0,0.04
1116,4062.0,59.0,-0.04
1117,4063.0,81.0,0.02
1118,4064.0,44.0,-0.09
1119,4065.0,33.0,0.14
1120,4066.0,76.0,0.12
1121,4067.0,58.0,0.11
1122,4068.0,12.0,-0.13
1123,4069.0,40.0,-0.04
1124,4070.0,29.0,-0.09
1125,4071.0,45.0,-0.04
1126,4072.0,40.0,0.02
1127,4073.0,0.0,-0.04
1128,4074.0,43.0,0.05
1129,4075.0,0.0,0.06
1130,4085.0,72.0,0.08
1131,4086.0,81.0,-0.08
1132,4087.0,27.0,-0.02
1133,4088.0,15.0,-0.03
1134,4089.0,12.0,0.14
1135,4090.0,28.0,-0.05
1136,4091.0,77.0,0.11
1137,4092.0,71.0,-0.14
1138,4093.0,56.0,-0.12
1139,4094.0,53.0,0.13
1140,4095.0,84.0,-0.12
1141,4096.0,74.0,-0.07
1142,4097.0,43.0,-0.06
1143,4098.0,39.0,0.06
1144,4099.0,0.0,0.05
1145,4109.0,66.0,-0.07
1146,4110.0,53.0,0.01
1147,4111.0,10.0,0.0
1148,4112.0,25.0,0.03
1149,4113.0,19.0,-0.05
1150,4114.0,24.0,-0.12
1151,4115.0,79.0,-0.11
1152,4116.0,26.0,0.0
1153,4117.0,56.0,-0.13
1154,4118.0,57.0,0.14
1155,4119.0,61.0,-0.04
1156,4120.0,0.0,-0.12
1157,4121.0,70.0,0.03
1158,4122.0,73.0,0.02
1159,4123.0,3.0,0.04
1160,4133.0,55.0,0.06
1161,4134.0,22.0,-0.0
1162,4135.0,50.0,-0.13
1163,4136.0,14.0,-0.13
1164,4137.0,39.0,-0.02
1165,4138.0,38.0,0.12
1166,4139.0,57.0,-0.05
1167,4140.0,30.0,0.01
1168,4141.0,7.0,0.01
1169,4142.0,9.0,-0.14
1170,4143.0,39.0,0.13
1171,4144.0,41.0,0.03
1172,4145.0,66.0,-0.1
1173,4146.0,45.0,0.05
1174,4147.0,1.0,0.01
1175,4157.0,75.0,0.04
1176,4158.0,14.0,0.02
1177,4159.0,17.0,0.02
1178,4160.0,44.0,-0.03
1179,4161.0,81.0,-0.14
1180,4162.0,55.0,0.14
1181,4163.0,41.0,0.12
1182,4164.0,24.0,0.1
1183,4165.0,29.0,0.14
1184,4166.0,11.0,-0.05
1185,4167.0,21.0,0.12
1186,4168.0,24.0,-0.12
1187,4169.0,40.0,-0.03
1188,4170.0,83.0,0.06
1189,4171.0,0.0,-0.07
1190,4181.0,12.0,0.09
1191,4182.0,12.0,-0.01
1192,4183.0,32.0,-0.09
1193,4184.0,20.0,-0.02
1194,4185.0,23.0,0.01
1195,4186.0,33.0,-0.12
1196,4187.0,51.0,-0.1
1197,4188.0,7.0,-0.02
1198,4189.0,24.0,-0.03
1199,4190.0,49.0,-0.1
1200,4191.0,14.0,0.03
1201,4192.0,2.0,-0.11
1202,4193.0,66.0,0.01
1203,4194.0,19.0,0.08
1204,4195.0,0.0,-0.01
1205,4205.0,46.0,0.07
1206,4206.0,8.0,-0.07
1207,4207.0,51.0,-0.1
1208,4208.0,60.0,-0.04
1209,4209.0,13.0,-0.08
1210,4210.0,38.0,-0.02
1211,4211.0,85.0,0.07
1212,4212.0,33.0,0.1
1213,4213.0,89.0,-0.13
1214,4214.0,53.0,-0.08
1215,4215.0,21.0,-0.13
1216,4216.0,61.0,-0.1
1217,4217.0,53.0,-0.09
1218,4218.0,14.0,0.01
1219,4219.0,15.0,-0.04
1220,4229.0,31.0,-0.03
1221,4230.0,22.0,0.04
1222,4231.0,21.0,-0.02
1223,4232.0,90.0,-0.07
1224,4233.0,56.0,0.13
1225,4234.0,36.0,-0.07
1226,4235.0,67.0,-0.05
1227,4236.0,33.0,0.1
1228,4237.0,37.0,0.12
1229,4238.0,25.0,-0.14
1230,4239.0,29.0,-0.02
1231,4240.0,18.0,-0.11
1232,4241.0,23.0,-0.1
1233,4242.0,63.0,-0.01
1234,4243.0,0.0,-0.04
1235,4253.0,59.0,-0.02
1236,4254.0,40.0,-0.01
1237,4255.0,44.0,0.03
1238,4256.0,0.0,-0.09
1239,4257.0,39.0,-0.09
1240,4258.0,70.0,-0.12
1241,4259.0,88.0,0.13
1242,4260.0,87.0,0.09
1243,4261.0,45.0,0.12
1244,4262.0,12.0,-0.11
1245,4263.0,0.0,0.02
1246,4264.0,61.0,-0.01
1247,4265.0,21.0,-0.05
1248,4266.0,0.0,0.06
1249,4267.0,0.0,0.06
1250,4277.0,77.0,0.09
1251,4278.0,89.0,0.0
1252,4279.0,60.0,-0.08
1253,4280.0,45.0,-0.11
1254,4281.0,4.0,-0.11
1255,4282.0,19.0,-0.07
1256,4283.0,73.0,-0.11
1257,4284.0,68.0,0.11
1258,4285.0,41.0,0.13
1259,4286.0,66.0,0.11
1260,4287.0,0.0,-0.01
1261,4288.0,3.0,-0.1
1262,4289.0,54.0,-0.04
1263,4290.0,30.0,0.02
1264,4291.0,6.0,0.0
1265,4301.0,83.0,0.1
1266,4302.0,15.0,-0.03
1267,4303.0,48.0,0.04
1268,4304.0,18.0,-0.04
1269,4305.0,55.0,-0.01
1270,4306.0,2.0,-0.02
1271,4307.0,22.0,0.12
1272,4308.0,33.0,0.14
1273,4309.0,35.0,-0.04
1274,4310.0,37.0,0.02
1275,4311.0,10.0,-0.12
1276,4312.0,90.0,0.0
1277,4313.0,26.0,-0.06
1278,4314.0,19.0,-0.03
1279,4315.0,0.0,0.01
1280,4325.0,65.0,0.06
1281,4326.0,21.0,0.05
1282,4327.0,54.0,-0.08
1283,4328.0,45.0,0.01
1284,4329.0,63.0,-0.05
1285,4330.0,0.0,-0.07
1286,4331.0,71.0,0.11
1287,4332.0,85.0,0.07
1288,4333.0,16.0,-0.01
1289,4334.0,53.0,-0.11
1290,4335.0,25.0,-0.07
1291,4336.0,57.0,-0.01
1292,4337.0,23.0,-0.13
1293,4338.0,0.0,-0.03
1294,4339.0,0.0,0.0
0,4349.0,76.0,0.02
1,4350.0,18.0,-0.01
2,4351.0,28.0,-0.12
3,4352.0,22.0,-0.06
4,4353.0,60.0,-0.07
5,4354.0,48.0,0.12
6,4355.0,90.0,0.06
7,4356.0,40.0,0.09
8,4357.0,84.0,0.09
9,4358.0,37.0,-0.0
10,4359.0,13.0,-0.08
11,4360.0,51.0,0.14
12,4361.0,12.0,-0.0
13,4362.0,77.0,0.0
14,4363.0,0.0,-0.04
15,4373.0,34.0,-0.04
16,4374.0,52.0,0.06
17,4375.0,58.0,0.03
18,4376.0,69.0,-0.14
19,4377.0,0.0,-0.01
20,4378.0,82.0,-0.13
21,4379.0,32.0,0.11
22,4380.0,27.0,-0.06
23,4381.0,47.0,0.0
24,4382.0,25.0,-0.11
25,4383.0,64.0,-0.1
26,4384.0,23.0,-0.05
27,4385.0,62.0,0.02
28,4386.0,75.0,0.06
29,4387.0,3.0,0.04
30,4397.0,63.0,-0.01
31,4398.0,24.0,-0.03
32,4399.0,66.0,-0.12
33,4400.0,31.0,-0.11
34,4401.0,52.0,-0.14
35,4402.0,56.0,-0.05
36,4403.0,57.0,0.13
37,4404.0,31.0,0.14
38,4405.0,24.0,-0.03
39,4406.0,37.0,-0.03
40,4407.0,44.0,-0.0
41,4408.0,38.0,-0.01
42,4409.0,12.0,0.06
43,4410.0,11.0,-0.01
44,4411.0,0.0,-0.03
45,4421.0,31.0,-0.05
46,4422.0,6.0,0.01
47,4423.0,76.0,-0.05
48,4424.0,80.0,-0.08
49,4425.0,24.0,0.12
50,4426.0,0.0,-0.02
51,4427.0,26.0,-0.06
52,4428.0,69.0,0.12
53,4429.0,89.0,0.08
54,4430.0,47.0,-0.06
55,4431.0,24.0,0.12
56,4432.0,36.0,0.03
57,4433.0,56.0,-0.11
58,4434.0,18.0,0.03
59,4435.0,0.0,-0.05
60,4445.0,87.0,-0.0
61,4446.0,80.0,0.05
62,4447.0,28.0,-0.04
63,4448.0,29.0,-0.03
64,4449.0,58.0,-0.05
65,4450.0,46.0,-0.01
66,4451.0,1.0,-0.01
67,4452.0,64.0,-0.09
68,4453.0,23.0,-0.02
69,4454.0,6.0,0.04
70,4455.0,28.0,0.03
71,4456.0,39.0,0.03
72,4457.0,17.0,-0.04
73,4458.0,31.0,0.06
74,4459.0,0.0,-0.14
75,4469.0,26.0,-0.0
76,4470.0,1.0,0.03
77,4471.0,28.0,0.01
78,4472.0,62.0,-0.03
79,4473.0,33.0,-0.04
80,4474.0,21.0,0.09
81,4475.0,11.0,0.13
82,4476.0,75.0,0.11
83,4477.0,14.0,0.12
84,4478.0,9.0,0.13
85,4479.0,19.0,-0.07
86,4480.0,1.0,0.03
87,4481.0,64.0,-0.04
88,4482.0,8.0,0.08
89,4483.0,0.0,0.09
90,4493.0,59.0,-0.02
91,4494.0,36.0,0.01
92,4495.0,43.0,-0.07
93,4496.0,57.0,-0.08
94,4497.0,22.0,-0.14
95,4498.0,22.0,-0.11
96,4499.0,53.0,-0.06
97,4500.0,60.0,-0.06
98,4501.0,6.0,-0.02
99,4502.0,50.0,0.12
100,4503.0,30.0,-0.14
101,4504.0,13.0,-0.12
102,4505.0,26.0,0.03
103,4506.0,12.0,0.03
104,4507.0,4.0,0.01
105,4517.0,30.0,0.01
106,4518.0,55.0,-0.03
107,4519.0,7.0,-0.07
108,4520.0,34.0,-0.01
109,4521.0,6.0,-0.12
110,4522.0,6.0,0.11
111,4523.0,43.0,0.12
112,4524.0,41.0,-0.04
113,4525.0,63.0,0.08
114,4526.0,49.0,-0.09
115,4527.0,51.0,0.0
116,4528.0,46.0,-0.14
117,4529.0,18.0,-0.06
118,4530.0,68.0,-0.04
119,4531.0,0.0,-0.1
120,4541.0,3.0,-0.08
121,4542.0,54.0,0.02
122,4543.0,40.0,-0.13
123,4544.0,6.0,-0.09
124,4545.0,6.0,0.01
125,4546.0,14.0,0.11
126,4547.0,26.0,0.1
127,4548.0,76.0,-0.13
128,4549.0,27.0,-0.05
129,4550.0,17.0,0.01
130,4551.0,18.0,-0.07
131,4552.0,69.0,-0.1
132,4553.0,28.0,0.04
133,4554.0,43.0,0.08
134,4555.0,0.0,0.02
135,4565.0,88.0,0.02
136,4566.0,20.0,0.05
137,4567.0,15.0,-0.06
138,4568.0,56.0,0.04
139,4569.0,35.0,0.01
140,4570.0,76.0,0.14
141,4571.0,66.0,-0.12
142,4572.0,86.0,-0.1
143,4573.0,90.0,-0.14
144,4574.0,77.0,0.12
145,4575.0,66.0,0.14
146,4576.0,26.0,0.02
147,4577.0,23.0,-0.04
148,4578.0,90.0,0.05
149,4579.0,10.0,-0.14
150,4589.0,63.0,0.01
151,4590.0,52.0,0.03
152,4591.0,55.0,-0.02
153,4592.0,32.0,-0.06
154,4593.0,37.0,0.02
155,4594.0,65.0,0.12
156,4595.0,8.0,-0.03
157,4596.0,27.0,-0.03
158,4597.0,64.0,-0.05
159,4598.0,39.0,-0.07
160,4599.0,6.0,-0.01
161,4600.0,0.0,-0.02
162,4601.0,0.0,-0.04
163,4602.0,30.0,0.06
164,4603.0,0.0,-0.13
165,4613.0,53.0,-0.01
166,4614.0,23.0,0.07
167,4615.0,42.0,-0.08
168,4616.0,83.0,-0.1
169,4617.0,36.0,0.01
170,4618.0,31.0,-0.07
171,4619.0,58.0,0.11
172,4620.0,8.0,-0.11
173,4621.0,60.0,0.09
174,4622.0,31.0,-0.12
175,4623.0,9.0,-0.06
176,4624.0,48.0,0.13
177,4625.0,27.0,-0.03
178,4626.0,3.0,-0.06
179,4627.0,8.0,0.13
180,4637.0,51.0,-0.05
181,4638.0,47.0,-0.06
182,4639.0,30.0,-0.03
183,4640.0,60.0,0.04
184,4641.0,35.0,0.02
185,4642.0,52.0,-0.11
186,4643.0,22.0,0.12
187,4644.0,20.0,-0.02
188,4645.0,83.0,-0.13
189,4646.0,19.0,-0.06
190,4647.0,11.0,0.02
191,4648.0,76.0,-0.08
192,4649.0,78.0,-0.07
193,4650.0,73.0,0.03
194,4651.0,0.0,0.08
195,4661.0,38.0,0.01
196,4662.0,47.0,-0.01
197,4663.0,46.0,0.04
198,4664.0,25.0,-0.13
199,4665.0,13.0,-0.04
200,4666.0,74.0,0.12
201,4667.0,6.0,-0.01
202,4668.0,17.0,-0.07
203,4669.0,34.0,-0.13
204,4670.0,58.0,0.09
205,4671.0,76.0,0.13
206,4672.0,20.0,-0.05
207,4673.0,3.0,-0.05
208,4674.0,11.0,0.06
209,4675.0,0.0,-0.12
210,4686.0,80.0,0.02
211,4687.0,34.0,0.02
212,4688.0,32.0,-0.01
213,4689.0,38.0,-0.13
214,4690.0,40.0,-0.03
215,4691.0,57.0,0.11
216,4692.0,0.0,0.1
217,4693.0,61.0,-0.01
218,4694.0,45.0,0.12
219,4695.0,50.0,-0.01
220,4696.0,9.0,-0.1
221,4697.0,6.0,-0.1
222,4698.0,14.0,0.03
223,4699.0,0.0,0.03
224,4710.0,19.0,-0.06
225,4711.0,5.0,-0.09
226,4712.0,65.0,-0.03
227,4713.0,13.0,0.12
228,4714.0,46.0,-0.1
229,4715.0,12.0,-0.01
230,4716.0,43.0,-0.13
231,4717.0,12.0,-0.04
232,4718.0,40.0,0.14
233,4719.0,4.0,-0.04
234,4720.0,62.0,-0.05
235,4721.0,9.0,-0.08
236,4722.0,90.0,0.07
237,4723.0,0.0,-0.05
238,4734.0,74.0,0.1
239,4735.0,13.0,0.05
240,4736.0,39.0,-0.06
241,4737.0,8.0,-0.01
242,4738.0,30.0,0.13
243,4739.0,35.0,0.1
244,4740.0,21.0,-0.01
245,4741.0,45.0,-0.14
246,4742.0,9.0,0.12
247,4743.0,45.0,0.01
248,4744.0,31.0,0.02
249,4745.0,63.0,-0.09
250,4746.0,38.0,-0.04
251,4747.0,0.0,-0.14
252,4758.0,29.0,-0.07
253,4759.0,64.0,-0.02
254,4760.0,7.0,-0.1
255,4761.0,59.0,0.12
256,4762.0,57.0,-0.13
257,4763.0,0.0,-0.01
258,4764.0,87.0,0.12
259,4765.0,27.0,-0.03
260,4766.0,89.0,0.11
261,4767.0,61.0,-0.13
262,4768.0,48.0,0.01
263,4769.0,66.0,-0.04
264,4770.0,44.0,0.07
265,4771.0,0.0,0.14
266,4782.0,55.0,-0.0
267,4783.0,8.0,-0.08
268,4784.0,24.0,-0.09
269,4785.0,33.0,0.01
270,4786.0,86.0,0.11
271,4787.0,84.0,0.08
272,4788.0,51.0,-0.12
273,4789.0,80.0,-0.09
274,4790.0,87.0,0.08
275,4791.0,39.0,0.1
276,4792.0,52.0,0.01
277,4793.0,61.0,0.0
278,4794.0,15.0,0.08
279,4795.0,0.0,0.02
280,4806.0,0.0,0.05
281,4807.0,73.0,0.02
282,4808.0,16.0,0.04
283,4809.0,47.0,-0.14
284,4810.0,42.0,-0.08
285,4811.0,48.0,-0.13
286,4812.0,45.0,-0.12
287,4813.0,50.0,0.12
288,4814.0,0.0,0.13
289,4815.0,16.0,-0.12
290,4816.0,50.0,-0.02
291,4817.0,39.0,-0.07
292,4818.0,16.0,-0.03
293,4819.0,14.0,-0.08
294,4830.0,81.0,-0.02
295,4831.0,44.0,-0.05
296,4832.0,33.0,-0.08
297,4833.0,60.0,-0.02
298,4834.0,12.0,-0.05
299,4835.0,37.0,0.14
300,4836.0,15.0,-0.11
301,4837.0,67.0,-0.12
302,4838.0,42.0,-0.14
303,4839.0,0.0,-0.02
304,4840.0,1.0,-0.03
305,4841.0,72.0,-0.0
306,4842.0,32.0,-0.07
307,4843.0,0.0,-0.09
308,4854.0,40.0,0.06
309,4855.0,62.0,-0.01
310,4856.0,88.0,-0.13
311,4857.0,15.0,-0.03
312,4858.0,0.0,0.05
313,4859.0,65.0,-0.03
314,4860.0,49.0,0.1
315,4861.0,54.0,-0.03
316,4862.0,65.0,-0.11
317,4863.0,25.0,0.14
318,4864.0,67.0,-0.05
319,4865.0,61.0,-0.11
320,4866.0,53.0,0.04
321,4867.0,12.0,0.14
322,4878.0,0.0,0.04
323,4879.0,48.0,-0.09
324,4880.0,67.0,-0.01
325,4881.0,46.0,-0.08
326,4882.0,64.0,-0.05
327,4883.0,40.0,-0.05
328,4884.0,90.0,-0.07
329,4885.0,21.0,0.02
330,4886.0,17.0,0.12
331,4887.0,51.0,-0.01
332,4888.0,50.0,-0.13
333,4889.0,3.0,-0.01
334,4890.0,38.0,0.07
335,4891.0,5.0,-0.07
336,4902.0,84.0,0.02
337,4903.0,29.0,-0.01
338,4904.0,72.0,-0.02
339,4905.0,69.0,-0.09
340,4906.0,10.0,0.01
341,4907.0,14.0,0.1
342,4908.0,0.0,0.11
343,4909.0,4.0,0.13
344,4910.0,9.0,-0.14
345,4911.0,39.0,-0.01
346,4912.0,51.0,-0.09
347,4913.0,82.0,-0.02
348,4914.0,80.0,0.11
349,4915.0,14.0,0.04
350,4926.0,86.0,-0.03
351,4927.0,51.0,0.05
352,4928.0,45.0,0.03
353,4929.0,86.0,0.14
354,4930.0,18.0,-0.02
355,4931.0,24.0,0.12
356,4932.0,14.0,0.11
357,4933.0,12.0,-0.04
358,4934.0,31.0,-0.04
359,4935.0,13.0,0.02
360,4936.0,22.0,-0.03
361,4937.0,80.0,0.06
362,4938.0,47.0,-0.01
363,4939.0,17.0,0.1
364,4950.0,75.0,0.0
365,4951.0,87.0,-0.08
366,4952.0,68.0,-0.06
367,4953.0,67.0,-0.13
368,4954.0,76.0,-0.12
369,4955.0,70.0,0.13
370,4956.0,19.0,0.12
371,4957.0,61.0,-0.05
372,4958.0,49.0,0.0
373,4959.0,12.0,0.02
374,4960.0,69.0,0.0
375,4961.0,26.0,0.07
376,4962.0,47.0,0.09
377,4963.0,0.0,0.0
378,4974.0,0.0,0.03
379,4975.0,63.0,0.02
380,4976.0,60.0,-0.02
381,4977.0,27.0,-0.07
382,4978.0,27.0,-0.09
383,4979.0,28.0,-0.13
384,4980.0,72.0,0.1
385,4981.0,90.0,0.09
386,4982.0,11.0,0.14
387,4983.0,52.0,-0.14
388,4984.0,70.0,-0.04
389,4985.0,0.0,-0.01
390,4986.0,61.0,0.09
391,4987.0,0.0,0.03
392,4998.0,24.0,-0.05
393,4999.0,20.0,-0.02
394,5000.0,13.0,-0.07
395,5001.0,4.0,-0.14
396,5002.0,50.0,-0.13
397,5003.0,54.0,0.12
398,5004.0,16.0,-0.12
399,5005.0,5.0,0.11
400,5006.0,41.0,0.13
401,5007.0,26.0,-0.08
402,5008.0,24.0,-0.07
403,5009.0,3.0,-0.1
404,5010.0,39.0,0.0
405,5011.0,0.0,0.0
406,5022.0,88.0,0.0
407,5023.0,55.0,-0.05
408,5024.0,67.0,0.0
409,5025.0,79.0,-0.14
410,5026.0,90.0,0.1
411,5027.0,12.0,-0.12
412,5028.0,25.0,0.12
413,5029.0,25.0,-0.04
414,5030.0,61.0,-0.05
415,5031.0,37.0,-0.05
416,5032.0,30.0,-0.12
417,5033.0,0.0,-0.04
418,5034.0,55.0,-0.05
419,5035.0,21.0,0.06
420,5046.0,40.0,-0.03
421,5047.0,47.0,0.06
422,5048.0,39.0,0.04
423,5049.0,29.0,-0.09
424,5050.0,41.0,0.11
425,5051.0,31.0,-0.04
426,5052.0,12.0,-0.07
427,5053.0,69.0,0.08
428,5054.0,12.0,0.13
429,5055.0,47.0,0.13
430,5056.0,3.0,-0.02
431,5057.0,22.0,0.04
432,5058.0,12.0,-0.01
433,5059.0,8.0,0.09
434,5070.0,57.0,-0.04
435,5071.0,62.0,0.04
436,5072.0,54.0,-0.14
437,5073.0,4.0,0.03
438,5074.0,12.0,-0.1
439,5075.0,25.0,-0.14
440,5076.0,35.0,-0.04
441,5077.0,89.0,0.05
442,5078.0,46.0,0.14
443,5079.0,0.0,0.13
444,5080.0,90.0,-0.09
445,5081.0,20.0,-0.11
446,5082.0,47.0,0.11
447,5083.0,5.0,0.03
448,5094.0,17.0,-0.01
449,5095.0,26.0,-0.12
450,5096.0,6.0,-0.13
451,5097.0,7.0,-0.13
452,5098.0,17.0,0.1
453,5099.0,53.0,0.11
454,5100.0,34.0,0.11
455,5101.0,68.0,0.11
456,5102.0,90.0,0.14
457,5103.0,85.0,-0.11
458,5104.0,31.0,-0.02
459,5105.0,13.0,0.0
460,5106.0,37.0,0.1
461,5107.0,0.0,0.07
462,5118.0,89.0,-0.02
463,5119.0,66.0,0.04
464,5120.0,16.0,-0.13
465,5121.0,10.0,-0.09
466,5122.0,65.0,0.14
467,5123.0,23.0,-0.01
468,5124.0,80.0,0.07
469,5125.0,24.0,-0.07
470,5126.0,27.0,-0.11
471,5127.0,20.0,0.14
472,5128.0,83.0,-0.04
473,5129.0,55.0,0.02
474,5130.0,0.0,0.1
475,5131.0,2.0,0.04
476,5142.0,36.0,0.02
477,5143.0,37.0,0.01
478,5144.0,43.0,-0.01
479,5145.0,5.0,-0.14
480,5146.0,56.0,-0.02
481,5147.0,78.0,-0.11
482,5148.0,84.0,-0.12
483,5149.0,21.0,0.06
484,5150.0,12.0,0.02
485,5151.0,43.0,-0.14
486,5152.0,10.0,-0.11
487,5153.0,39.0,0.04
488,5154.0,56.0,0.04
489,5155.0,0.0,0.06
490,5166.0,51.0,-0.02
491,5167.0,14.0,-0.08
492,5168.0,46.0,-0.11
493,5169.0,82.0,0.11
494,5170.0,44.0,0.12
495,5171.0,20.0,-0.14
496,5172.0,47.0,-0.14
497,5173.0,61.0,0.11
498,5174.0,36.0,0.13
499,5175.0,68.0,0.14
500,5176.0,64.0,-0.09
501,5177.0,37.0,-0.08
502,5178.0,10.0,0.11
503,5179.0,0.0,0.05
504,5190.0,75.0,0.06
505,5191.0,37.0,-0.13
506,5192.0,52.0,-0.0
507,5193.0,1.0,-0.04
508,5194.0,72.0,-0.08
509,5195.0,34.0,-0.05
510,5196.0,34.0,0.1
511,5197.0,30.0,0.0
512,5198.0,62.0,-0.14
513,5199.0,75.0,0.13
514,5200.0,14.0,-0.05
515,5201.0,71.0,-0.03
516,5202.0,11.0,-0.04
517,5203.0,5.0,-0.14
518,5214.0,63.0,0.05
519,5215.0,17.0,0.07
520,5216.0,50.0,-0.06
521,5217.0,10.0,0.02
522,5218.0,10.0,0.0
523,5219.0,11.0,-0.02
524,5220.0,28.0,-0.05
525,5221.0,25.0,-0.0
526,5222.0,73.0,0.12
527,5223.0,57.0,0.0
528,5224.0,86.0,-0.09
529,5225.0,23.0,-0.02
530,5226.0,23.0,0.11
531,5227.0,10.0,-0.09
532,5238.0,0.0,0.01
533,5239.0,61.0,0.03
534,5240.0,57.0,-0.01
535,5241.0,50.0,-0.09
536,5242.0,14.0,0.0
537,5243.0,17.0,-0.01
538,5244.0,5.0,-0.0
539,5245.0,7.0,0.13
540,5246.0,35.0,-0.04
541,5247.0,51.0,-0.02
542,5248.0,56.0,-0.0
543,5249.0,13.0,0.02
544,5250.0,14.0,-0.04
545,5251.0,1.0,-0.05
546,5262.0,0.0,0.02
547,5263.0,23.0,-0.06
548,5264.0,42.0,-0.02
549,5265.0,7.0,-0.09
550,5266.0,35.0,-0.04
551,5267.0,69.0,-0.11
552,5268.0,18.0,0.13
553,5269.0,81.0,0.09
554,5270.0,16.0,-0.14
555,5271.0,7.0,0.11
556,5272.0,67.0,-0.05
557,5273.0,30.0,-0.01
558,5274.0,42.0,0.04
559,5275.0,1.0,-0.02
560,5286.0,89.0,0.06
561,5287.0,4.0,-0.11
562,5288.0,34.0,-0.03
563,5289.0,6.0,0.14
564,5290.0,14.0,0.12
565,5291.0,24.0,0.0
566,5292.0,67.0,0.12
567,5293.0,48.0,-0.07
568,5294.0,37.0,-0.06
569,5295.0,15.0,0.01
570,5296.0,0.0,-0.05
571,5297.0,1.0,-0.02
572,5298.0,38.0,-0.05
573,5299.0,0.0,0.14
574,5310.0,45.0,-0.02
575,5311.0,80.0,0.06
576,5312.0,22.0,-0.12
577,5313.0,56.0,-0.04
578,5314.0,51.0,0.11
579,5315.0,59.0,0.1
580,5316.0,38.0,-0.14
581,5317.0,55.0,0.1
582,5318.0,30.0,-0.13
583,5319.0,15.0,0.14
584,5320.0,31.0,0.02
585,5321.0,60.0,-0.03
586,5322.0,40.0,0.08
587,5323.0,0.0,0.14
588,5334.0,0.0,0.03
589,5335.0,16.0,-0.03
590,5336.0,6.0,-0.05
591,5337.0,3.0,-0.06
592,5338.0,73.0,-0.08
593,5339.0,53.0,-0.03
594,5340.0,19.0,-0.01
595,5341.0,78.0,0.11
596,5342.0,51.0,0.13
597,5343.0,85.0,0.12
598,5344.0,19.0,-0.05
599,5345.0,35.0,-0.08
600,5346.0,80.0,-0.04
601,5347.0,2.0,-0.11
602,5358.0,6.0,0.05
603,5359.0,14.0,0.01
604,5360.0,56.0,-0.03
605,5361.0,0.0,-0.06
606,5362.0,11.0,-0.13
607,5363.0,15.0,-0.08
608,5364.0,42.0,0.12
609,5365.0,27.0,-0.12
610,5366.0,20.0,-0.02
611,5367.0,44.0,-0.01
612,5368.0,25.0,-0.08
613,5369.0,18.0,-0.04
614,5370.0,51.0,-0.05
615,5371.0,0.0,-0.01
616,5382.0,72.0,0.09
617,5383.0,28.0,-0.03
618,5384.0,50.0,-0.03
619,5385.0,50.0,0.01
620,5386.0,0.0,0.02
621,5387.0,47.0,-0.01
622,5388.0,3.0,0.11
623,5389.0,60.0,-0.04
624,5390.0,41.0,-0.0
625,5391.0,76.0,-0.07
626,5392.0,71.0,-0.11
627,5393.0,78.0,0.05
628,5394.0,11.0,-0.02
629,5395.0,17.0,0.11
630,5406.0,1.0,-0.03
631,5407.0,63.0,-0.06
632,5408.0,0.0,0.05
633,5409.0,37.0,-0.02
634,5410.0,23.0,-0.07
635,5411.0,55.0,-0.07
636,5412.0,56.0,0.11
637,5413.0,7.0,0.11
638,5414.0,5.0,-0.1
639,5415.0,1.0,-0.13
640,5416.0,24.0,-0.04
641,5417.0,41.0,-0.03
642,5418.0,16.0,-0.02
643,5419.0,3.0,-0.05
644,5430.0,60.0,-0.03
645,5431.0,78.0,0.0
646,5432.0,83.0,-0.05
647,5433.0,52.0,-0.01
648,5434.0,10.0,-0.05
649,5435.0,10.0,0.09
650,5436.0,0.0,0.13
651,5437.0,5.0,0.11
652,5438.0,64.0,0.13
653,5439.0,3.0,-0.14
654,5440.0,52.0,-0.08
655,5441.0,76.0,-0.01
656,5442.0,30.0,-0.04
657,5443.0,0.0,-0.03
658,5454.0,39.0,0.01
659,5455.0,4.0,-0.11
660,5456.0,7.0,-0.08
661,5457.0,0.0,-0.14
662,5458.0,43.0,-0.14
663,5459.0,9.0,0.0
664,5460.0,64.0,0.1
665,5461.0,23.0,-0.0
666,5462.0,24.0,-0.03
667,5463.0,2.0,-0.12
668,5464.0,25.0,-0.04
669,5465.0,8.0,-0.07
670,5466.0,14.0,0.11
671,5467.0,0.0,0.0
672,5478.0,62.0,0.04
673,5479.0,20.0,0.02
674,5480.0,27.0,-0.09
675,5481.0,2.0,-0.12
676,5482.0,54.0,-0.09
677,5483.0,63.0,0.11
678,5484.0,10.0,0.01
679,5485.0,26.0,-0.11
680,5486.0,43.0,-0.06
681,5487.0,10.0,0.01
682,5488.0,36.0,0.02
683,5489.0,31.0,-0.0
684,5490.0,0.0,0.13
685,5491.0,0.0,0.09
686,5502.0,42.0,-0.0
687,5503.0,0.0,0.05
688,5504.0,0.0,-0.01
689,5505.0,35.0,-0.04
690,5506.0,61.0,0.14
691,5507.0,64.0,0.11
692,5508.0,31.0,0.1
693,5509.0,70.0,0.12
694,5510.0,11.0,0.01
695,5511.0,58.0,-0.01
696,5512.0,64.0,-0.09
697,5513.0,21.0,0.03
698,5514.0,0.0,0.11
699,5515.0,0.0,-0.1
700,5526.0,25.0,0.05
701,5527.0,64.0,0.06
702,5528.0,8.0,-0.13
703,5529.0,0.0,-0.02
704,5530.0,14.0,-0.08
705,5531.0,41.0,-0.13
706,5532.0,49.0,0.12
707,5533.0,33.0,-0.04
708,5534.0,26.0,-0.04
709,5535.0,37.0,0.12
710,5536.0,28.0,-0.14
711,5537.0,38.0,-0.05
712,5538.0,90.0,0.02
713,5539.0,0.0,-0.08
714,5550.0,82.0,0.05
715,5551.0,18.0,0.04
716,5552.0,54.0,-0.09
717,5553.0,7.0,0.14
718,5554.0,1.0,-0.04
719,5555.0,52.0,-0.11
720,5556.0,55.0,-0.05
721,5557.0,0.0,-0.0
722,5558.0,11.0,-0.07
723,5559.0,38.0,-0.04
724,5560.0,60.0,0.02
725,5561.0,40.0,-0.12
726,5562.0,9.0,0.11
727,5563.0,0.0,0.08
728,5574.0,66.0,0.01
729,5575.0,13.0,0.01
730,5576.0,54.0,-0.07
731,5577.0,20.0,-0.04
732,5578.0,90.0,0.09
733,5579.0,64.0,0.11
734,5580.0,77.0,-0.09
735,5581.0,29.0,-0.14
736,5582.0,27.0,-0.03
737,5583.0,49.0,-0.03
738,5584.0,49.0,-0.03
739,5585.0,0.0,0.0
740,5586.0,13.0,0.07
741,5587.0,0.0,-0.14
742,5598.0,67.0,0.02
743,5599.0,22.0,0.08
744,5600.0,43.0,-0.1
745,5601.0,9.0,0.09
746,5602.0,36.0,0.14
747,5603.0,20.0,0.0
748,5604.0,58.0,0.12
749,5605.0,34.0,-0.13
750,5606.0,15.0,-0.03
751,5607.0,28.0,0.01
752,5608.0,62.0,-0.03
753,5609.0,33.0,-0.05
754,5610.0,11.0,0.07
755,5611.0,1.0,0.09
756,5622.0,32.0,-0.05
757,5623.0,41.0,0.06
758,5624.0,44.0,-0.04
759,5625.0,55.0,-0.03
760,5626.0,32.0,-0.13
761,5627.0,2.0,-0.08
762,5628.0,39.0,0.1
763,5629.0,72.0,0.13
764,5630.0,28.0,0.14
765,5631.0,51.0,-0.07
766,5632.0,60.0,-0.1
767,5633.0,35.0,-0.1
768,5634.0,21.0,-0.07
769,5646.0,0.0,0.08
770,5647.0,52.0,-0.02
771,5648.0,50.0,-0.08
772,5649.0,11.0,-0.06
773,5650.0,26.0,-0.01
774,5651.0,80.0,0.12
775,5652.0,79.0,0.07
776,5653.0,11.0,0.09
777,5654.0,59.0,0.12
778,5655.0,35.0,-0.13
779,5656.0,64.0,-0.04
780,5657.0,16.0,0.02
781,5658.0,3.0,-0.13
782,5670.0,82.0,0.02
783,5671.0,44.0,0.08
784,5672.0,13.0,0.01
785,5673.0,21.0,-0.04
786,5674.0,28.0,0.12
787,5675.0,47.0,-0.11
788,5676.0,21.0,-0.01
789,5677.0,73.0,0.11
790,5678.0,12.0,-0.0
791,5679.0,73.0,0.08
792,5680.0,9.0,-0.05
793,5681.0,73.0,0.01
794,5682.0,8.0,0.04
795,5694.0,66.0,-0.03
796,5695.0,22.0,-0.03
797,5696.0,34.0,-0.03
798,5697.0,15.0,0.14
799,5698.0,3.0,-0.03
800,5699.0,52.0,-0.04
801,5700.0,51.0,-0.05
802,5701.0,58.0,0.11
803,5702.0,85.0,0.12
804,5703.0,49.0,-0.04
805,5704.0,35.0,-0.04
806,5705.0,6.0,-0.05
807,5706.0,0.0,-0.14
808,5718.0,40.0,0.0
809,5719.0,55.0,0.02
810,5720.0,70.0,0.02
811,5721.0,55.0,0.13
812,5722.0,88.0,0.09
813,5723.0,18.0,-0.1
814,5724.0,25.0,-0.07
815,5725.0,78.0,0.08
816,5726.0,45.0,0.1
817,5727.0,38.0,-0.01
818,5728.0,56.0,-0.03
819,5729.0,51.0,0.05
820,5730.0,0.0,-0.03
821,5742.0,32.0,-0.1
822,5743.0,6.0,0.06
823,5744.0,75.0,-0.04
824,5745.0,73.0,0.13
825,5746.0,71.0,0.14
826,5747.0,6.0,-0.01
827,5748.0,18.0,0.13
828,5749.0,57.0,-0.12
829,5750.0,39.0,-0.13
830,5751.0,31.0,0.14
831,5752.0,12.0,-0.03
832,5753.0,10.0,-0.02
833,5754.0,17.0,-0.11
834,5766.0,39.0,0.08
835,5767.0,15.0,-0.01
836,5768.0,73.0,-0.02
837,5769.0,43.0,0.12
838,5770.0,29.0,-0.0
839,5771.0,33.0,-0.01
840,5772.0,33.0,-0.13
841,5773.0,28.0,-0.06
842,5774.0,61.0,0.11
843,5775.0,20.0,-0.1
844,5776.0,31.0,0.04
845,5777.0,70.0,-0.05
846,5778.0,0.0,0.1
847,5790.0,40.0,-0.11
848,5791.0,21.0,0.04
849,5792.0,52.0,0.03
850,5793.0,16.0,-0.05
851,5794.0,28.0,0.01
852,5795.0,90.0,0.13
853,5796.0,57.0,-0.09
854,5797.0,37.0,0.0
855,5798.0,56.0,0.12
856,5799.0,21.0,-0.05
857,5800.0,55.0,-0.07
858,5801.0,47.0,-0.06
859,5802.0,0.0,-0.11
860,5814.0,62.0,-0.0
861,5815.0,36.0,-0.08
862,5816.0,16.0,-0.11
863,5817.0,12.0,0.03
864,5818.0,90.0,0.05
865,5819.0,8.0,0.01
866,5820.0,8.0,-0.13
867,5821.0,88.0,-0.01
868,5822.0,1.0,-0.11
869,5823.0,44.0,0.12
870,5824.0,2.0,0.05
871,5825.0,46.0,-0.04
872,5826.0,0.0,-0.03
873,5838.0,72.0,-0.01
874,5839.0,78.0,0.05
875,5840.0,39.0,0.04
876,5841.0,32.0,-0.07
877,5842.0,54.0,-0.11
878,5843.0,49.0,-0.03
879,5844.0,19.0,0.1
880,5845.0,85.0,0.09
881,5846.0,47.0,0.14
882,5847.0,42.0,-0.03
883,5848.0,15.0,-0.12
884,5849.0,64.0,0.05
885,5850.0,0.0,0.01
886,5862.0,63.0,0.02
887,5863.0,44.0,0.09
888,5864.0,59.0,0.0
889,5865.0,35.0,-0.07
890,5866.0,11.0,0.1
891,5867.0,62.0,-0.06
892,5868.0,0.0,-0.04
893,5869.0,10.0,0.09
894,5870.0,51.0,0.11
895,5871.0,83.0,0.14
896,5872.0,0.0,-0.02
897,5873.0,44.0,0.06
898,5874.0,0.0,-0.01
899,5886.0,62.0,-0.02
900,5887.0,45.0,-0.02
901,5888.0,59.0,0.02
902,5889.0,83.0,0.13
903,5890.0,59.0,-0.14
904,5891.0,75.0,-0.09
905,5892.0,17.0,-0.04
906,5893.0,3.0,0.1
907,5894.0,90.0,0.1
908,5895.0,36.0,-0.04
909,5896.0,10.0,0.04
910,5897.0,46.0,0.06
911,5898.0,3.0,-0.03
912,5910.0,31.0,0.06
913,5911.0,42.0,-0.04
914,5912.0,53.0,0.01
915,5913.0,59.0,0.09
916,5914.0,42.0,-0.08
917,5915.0,41.0,-0.11
918,5916.0,37.0,-0.01
919,5917.0,86.0,0.08
920,5918.0,54.0,-0.08
921,5919.0,56.0,0.12
922,5920.0,3.0,-0.09
923,5921.0,58.0,0.02
924,5922.0,7.0,-0.07
925,5934.0,71.0,0.06
926,5935.0,90.0,0.03
927,5936.0,0.0,0.03
928,5937.0,43.0,0.14
929,5938.0,46.0,-0.09
930,5939.0,79.0,0.11
931,5940.0,26.0,0.1
932,5941.0,34.0,0.14
933,5942.0,0.0,0.01
934,5943.0,6.0,-0.03
935,5944.0,3.0,0.07
936,5945.0,10.0,0.04
937,5946.0,0.0,0.14
938,5958.0,31.0,-0.02
939,5959.0,23.0,0.01
940,5960.0,33.0,-0.07
941,5961.0,2.0,0.12
942,5962.0,66.0,0.13
943,5963.0,44.0,0.08
944,5964.0,54.0,0.11
945,5965.0,48.0,-0.13
946,5966.0,62.0,0.12
947,5967.0,41.0,-0.0
948,5968.0,66.0,-0.03
949,5969.0,27.0,0.07
950,5970.0,2.0,-0.04
951,5982.0,25.0,0.01
952,5983.0,43.0,0.01
953,5984.0,65.0,0.03
954,5985.0,52.0,-0.09
955,5986.0,53.0,0.12
956,5987.0,25.0,0.09
957,5988.0,5.0,-0.01
958,5989.0,54.0,0.09
959,5990.0,0.0,-0.04
960,5991.0,44.0,-0.01
961,5992.0,22.0,-0.07
962,5993.0,44.0,-0.02
963,5994.0,0.0,-0.01
964,6006.0,24.0,0.09
965,6007.0,48.0,0.02
966,6008.0,52.0,-0.09
967,6009.0,1.0,0.12
968,6010.0,30.0,0.11
969,6011.0,8.0,-0.12
970,6012.0,57.0,0.11
971,6013.0,24.0,-0.08
972,6014.0,44.0,-0.05
973,6015.0,11.0,-0.0
974,6016.0,13.0,-0.09
975,6017.0,62.0,0.03
976,6018.0,0.0,0.07
977,6030.0,45.0,-0.03
978,6031.0,42.0,-0.03
979,6032.0,39.0,-0.07
980,6033.0,74.0,0.11
981,6034.0,20.0,0.11
982,6035.0,31.0,0.08
983,6036.0,26.0,0.1
984,6037.0,56.0,0.1
985,6038.0,26.0,-0.13
986,6039.0,63.0,-0.09
987,6040.0,55.0,0.04
988,6041.0,55.0,-0.05
989,6042.0,0.0,0.1
990,6054.0,90.0,0.02
991,6055.0,83.0,0.06
992,6056.0,51.0,0.01
993,6057.0,59.0,-0.01
994,6058.0,22.0,0.09
995,6059.0,21.0,-0.09
996,6060.0,32.0,0.11
997,6061.0,29.0,-0.04
998,6062.0,37.0,0.09
999,6063.0,36.0,-0.03
1000,6064.0,7.0,-0.1
1001,6065.0,25.0,-0.06
1002,6066.0,32.0,0.14
1003,6078.0,90.0,-0.02
1004,6079.0,50.0,0.03
1005,6080.0,6.0,-0.11
1006,6081.0,47.0,-0.05
1007,6082.0,58.0,0.1
1008,6083.0,57.0,0.12
1009,6084.0,40.0,0.09
1010,6085.0,61.0,-0.1
1011,6086.0,79.0,-0.13
1012,6087.0,9.0,-0.04
1013,6088.0,13.0,-0.08
1014,6089.0,22.0,-0.04
1015,6090.0,0.0,0.04
1016,6102.0,90.0,-0.08
1017,6103.0,69.0,0.08
1018,6104.0,52.0,-0.11
1019,6105.0,63.0,-0.12
1020,6106.0,87.0,0.09
1021,6107.0,27.0,0.09
1022,6108.0,47.0,-0.05
1023,6109.0,20.0,0.12
1024,6110.0,42.0,0.13
1025,6111.0,36.0,-0.05
1026,6112.0,9.0,-0.11
1027,6113.0,66.0,0.06
1028,6114.0,0.0,0.13
1029,6126.0,42.0,0.04
1030,6127.0,64.0,0.02
1031,6128.0,46.0,-0.02
1032,6129.0,42.0,-0.02
1033,6130.0,45.0,0.11
1034,6131.0,20.0,0.1
1035,6132.0,12.0,0.11
1036,6133.0,89.0,0.01
1037,6134.0,22.0,-0.11
1038,6135.0,43.0,0.0
1039,6136.0,0.0,-0.11
1040,6137.0,19.0,0.03
1041,6138.0,0.0,-0.04
1042,6150.0,57.0,0.03
1043,6151.0,16.0,0.04
1044,6152.0,12.0,-0.1
1045,6153.0,40.0,-0.06
1046,6154.0,27.0,-0.01
1047,6155.0,24.0,-0.09
1048,6156.0,27.0,0.11
1049,6157.0,14.0,0.14
1050,6158.0,49.0,0.09
1051,6159.0,61.0,-0.05
1052,6160.0,49.0,-0.04
1053,6161.0,15.0,-0.03
1054,6162.0,0.0,0.04
1055,6174.0,16.0,0.08
1056,6175.0,44.0,0.05
1057,6176.0,15.0,-0.05
1058,6177.0,5.0,-0.04
1059,6178.0,78.0,0.08
1060,6179.0,11.0,0.11
1061,6180.0,8.0,0.01
1062,6181.0,74.0,0.07
1063,6182.0,24.0,-0.01
1064,6183.0,83.0,-0.06
1065,6184.0,50.0,-0.0
1066,6185.0,28.0,-0.05
1067,6186.0,12.0,0.03
1068,6198.0,86.0,-0.06
1069,6199.0,3.0,0.04
1070,6200.0,61.0,-0.1
1071,6201.0,0.0,0.12
1072,6202.0,0.0,-0.06
1073,6203.0,76.0,0.07
1074,6204.0,83.0,-0.11
1075,6205.0,47.0,0.1
1076,6206.0,7.0,0.01
1077,6207.0,76.0,-0.05
1078,6208.0,59.0,-0.09
1079,6209.0,10.0,-0.01
1080,6210.0,1.0,-0.04
1081,6222.0,43.0,0.06
1082,6223.0,25.0,0.08
1083,6224.0,6.0,-0.09
1084,6225.0,5.0,-0.12
1085,6226.0,40.0,-0.01
1086,6227.0,81.0,0.05
1087,6228.0,9.0,-0.12
1088,6229.0,0.0,0.08
1089,6230.0,36.0,-0.03
1090,6231.0,45.0,0.0
1091,6232.0,28.0,-0.08
1092,6233.0,47.0,-0.01
1093,6234.0,12.0,0.14
1094,6246.0,37.0,0.08
1095,6247.0,10.0,0.0
1096,6248.0,29.0,-0.1
1097,6249.0,23.0,0.01
1098,6250.0,47.0,-0.07
1099,6251.0,72.0,0.11
1100,6252.0,33.0,0.14
1101,6253.0,85.0,0.14
1102,6254.0,10.0,-0.13
1103,6255.0,66.0,-0.08
1104,6256.0,78.0,-0.07
1105,6257.0,0.0,-0.04
1106,6258.0,0.0,0.03
1107,6271.0,85.0,-0.07
1108,6272.0,18.0,-0.1
1109,6273.0,27.0,0.11
1110,6274.0,24.0,0.11
1111,6275.0,17.0,-0.11
1112,6276.0,21.0,0.12
1113,6277.0,40.0,0.09
1114,6278.0,48.0,0.11
1115,6279.0,64.0,-0.05
1116,6280.0,43.0,0.05
1117,6281.0,56.0,-0.05
1118,6282.0,1.0,-0.08
1119,6295.0,31.0,0.05
1120,6296.0,22.0,0.04
1121,6297.0,15.0,-0.12
1122,6298.0,79.0,-0.13
1123,6299.0,78.0,0.13
1124,6300.0,0.0,0.08
1125,6301.0,47.0,0.08
1126,6302.0,90.0,0.09
1127,6303.0,10.0,0.02
1128,6304.0,71.0,0.02
1129,6305.0,6.0,-0.03
1130,6306.0,0.0,0.01
1131,6319.0,3.0,0.13
1132,6320.0,63.0,-0.1
1133,6321.0,45.0,0.01
1134,6322.0,81.0,0.13
1135,6323.0,16.0,0.11
1136,6324.0,38.0,0.11
1137,6325.0,0.0,0.01
1138,6326.0,28.0,-0.08
1139,6327.0,70.0,0.13
1140,6328.0,63.0,-0.06
1141,6329.0,46.0,-0.04
1142,6330.0,0.0,0.01
1143,6343.0,60.0,-0.04
1144,6344.0,30.0,-0.03
1145,6345.0,90.0,0.05
1146,6346.0,62.0,0.09
1147,6347.0,46.0,0.09
1148,6348.0,65.0,-0.08
1149,6349.0,90.0,0.09
1150,6350.0,31.0,0.14
1151,6351.0,37.0,-0.1
1152,6352.0,11.0,0.04
1153,6353.0,0.0,-0.04
1154,6354.0,10.0,0.09
1155,6367.0,59.0,-0.11
1156,6368.0,34.0,-0.03
1157,6369.0,38.0,0.0
1158,6370.0,44.0,-0.11
1159,6371.0,36.0,-0.03
1160,6372.0,27.0,-0.01
1161,6373.0,27.0,-0.02
1162,6374.0,8.0,-0.11
1163,6375.0,13.0,0.12
1164,6376.0,90.0,-0.06
1165,6377.0,47.0,-0.06
1166,6378.0,0.0,-0.06
1167,6391.0,47.0,0.08
1168,6392.0,20.0,-0.06
1169,6393.0,44.0,0.11
1170,6394.0,65.0,0.14
1171,6395.0,78.0,0.04
1172,6396.0,63.0,0.1
1173,6397.0,31.0,-0.01
1174,6398.0,16.0,-0.0
1175,6399.0,54.0,0.12
1176,6400.0,18.0,0.02
1177,6401.0,10.0,-0.03
1178,6402.0,2.0,0.11
1179,6415.0,16.0,-0.01
1180,6416.0,51.0,-0.05
1181,6417.0,90.0,0.07
1182,6418.0,47.0,0.14
1183,6419.0,50.0,0.09
1184,6420.0,77.0,-0.05
1185,6421.0,88.0,0.08
1186,6422.0,9.0,-0.12
1187,6423.0,72.0,-0.06
1188,6424.0,2.0,-0.11
1189,6425.0,90.0,-0.01
1190,6426.0,0.0,-0.14
1191,6439.0,19.0,-0.14
1192,6440.0,35.0,0.04
1193,6441.0,55.0,-0.02
1194,6442.0,16.0,0.09
1195,6443.0,45.0,0.1
1196,6444.0,38.0,-0.09
1197,6445.0,10.0,0.09
1198,6446.0,39.0,-0.14
1199,6447.0,90.0,-0.14
1200,6448.0,40.0,-0.1
1201,6449.0,38.0,0.11
1202,6450.0,0.0,0.1
1203,6463.0,36.0,-0.05
1204,6464.0,21.0,-0.09
1205,6465.0,14.0,0.01
1206,6466.0,56.0,-0.12
1207,6467.0,43.0,0.11
1208,6468.0,40.0,-0.14
1209,6469.0,12.0,-0.01
1210,6470.0,24.0,-0.12
1211,6471.0,50.0,-0.14
1212,6472.0,0.0,-0.09
1213,6473.0,0.0,-0.04
1214,6474.0,3.0,0.1
1215,6487.0,19.0,-0.04
1216,6488.0,59.0,-0.06
1217,6489.0,63.0,-0.1
1218,6490.0,74.0,0.14
1219,6491.0,86.0,0.03
1220,6492.0,25.0,-0.13
1221,6493.0,67.0,0.12
1222,6494.0,4.0,0.13
1223,6495.0,4.0,-0.07
1224,6496.0,45.0,-0.08
1225,6497.0,27.0,0.11
1226,6498.0,0.0,-0.0
1227,6511.0,49.0,0.01
1228,6512.0,16.0,0.02
1229,6513.0,73.0,0.07
1230,6514.0,32.0,-0.13
1231,6515.0,62.0,0.1
1232,6516.0,8.0,0.11
1233,6517.0,69.0,-0.12
1234,6518.0,12.0,-0.09
1235,6519.0,17.0,-0.11
1236,6520.0,19.0,-0.07
1237,6521.0,2.0,-0.09
1238,6535.0,36.0,-0.09
1239,6536.0,73.0,-0.08
1240,6537.0,79.0,-0.12
1241,6538.0,60.0,0.14
1242,6539.0,78.0,0.09
1243,6540.0,84.0,0.03
1244,6541.0,24.0,0.0
1245,6542.0,45.0,-0.02
1246,6543.0,67.0,-0.07
1247,6544.0,83.0,-0.01
1248,6545.0,25.0,0.08
0,6559.0,47.0,0.08
1,6560.0,17.0,-0.14
2,6561.0,12.0,0.11
3,6562.0,38.0,0.0
4,6563.0,37.0,0.14
5,6564.0,29.0,0.09
6,6565.0,60.0,0.1
7,6566.0,26.0,-0.05
8,6567.0,49.0,-0.03
9,6568.0,23.0,-0.03
10,6569.0,9.0,-0.05
11,6583.0,12.0,0.04
12,6584.0,73.0,-0.07
13,6585.0,51.0,-0.11
14,6586.0,46.0,-0.12
15,6587.0,4.0,-0.02
16,6588.0,38.0,0.1
17,6589.0,76.0,0.08
18,6590.0,37.0,-0.1
19,6591.0,0.0,-0.13
20,6592.0,50.0,0.04
21,6593.0,4.0,0.1
22,6607.0,19.0,0.02
23,6608.0,90.0,-0.05
24,6609.0,14.0,-0.11
25,6610.0,66.0,0.12
26,6611.0,26.0,-0.01
27,6612.0,4.0,-0.01
28,6613.0,0.0,0.13
29,6614.0,37.0,-0.02
30,6615.0,48.0,0.03
31,6616.0,16.0,-0.11
32,6617.0,40.0,-0.03
33,6631.0,17.0,-0.13
34,6632.0,47.0,0.11
35,6633.0,66.0,-0.13
36,6634.0,7.0,-0.01
37,6635.0,4.0,-0.14
38,6636.0,16.0,0.11
39,6637.0,27.0,0.13
40,6638.0,52.0,0.09
41,6639.0,11.0,-0.13
42,6640.0,6.0,0.05
43,6641.0,12.0,0.05
44,6655.0,70.0,-0.02
45,6656.0,0.0,-0.06
46,6657.0,18.0,0.11
47,6658.0,55.0,0.12
48,6659.0,90.0,-0.13
49,6660.0,31.0,0.14
50,6661.0,86.0,-0.11
51,6662.0,37.0,-0.14
52,6663.0,25.0,0.02
53,6664.0,21.0,0.04
54,6665.0,80.0,-0.0
55,6679.0,33.0,0.04
56,6680.0,18.0,-0.12
57,6681.0,70.0,-0.06
58,6682.0,81.0,0.04
59,6683.0,9.0,0.14
60,6684.0,15.0,0.11
61,6685.0,85.0,0.09
62,6686.0,4.0,-0.12
63,6687.0,33.0,-0.03
64,6688.0,52.0,-0.07
65,6689.0,0.0,-0.03
66,6703.0,5.0,-0.01
67,6704.0,53.0,-0.01
68,6705.0,6.0,-0.02
69,6706.0,11.0,0.11
70,6707.0,17.0,0.13
71,6708.0,82.0,0.05
72,6709.0,42.0,0.11
73,6710.0,39.0,0.13
74,6711.0,38.0,0.03
75,6712.0,37.0,-0.09
76,6713.0,22.0,-0.01
77,6727.0,79.0,-0.05
78,6728.0,11.0,-0.02
79,6729.0,60.0,-0.07
80,6730.0,75.0,0.07
81,6731.0,40.0,0.1
82,6732.0,21.0,-0.09
83,6733.0,37.0,0.1
84,6734.0,48.0,-0.03
85,6735.0,33.0,-0.07
86,6736.0,78.0,-0.1
87,6737.0,1.0,0.14
88,6751.0,90.0,-0.12
89,6752.0,24.0,-0.05
90,6753.0,46.0,0.12
91,6754.0,54.0,0.11
92,6755.0,10.0,-0.1
93,6756.0,38.0,-0.03
94,6757.0,30.0,0.1
95,6758.0,25.0,-0.12
96,6759.0,16.0,0.12
97,6760.0,88.0,-0.07
98,6761.0,0.0,-0.07
99,6775.0,87.0,-0.13
100,6776.0,49.0,0.01
101,6777.0,52.0,-0.14
102,6778.0,90.0,0.14
103,6779.0,83.0,0.06
104,6780.0,88.0,0.03
105,6781.0,88.0,0.09
106,6782.0,9.0,-0.04
107,6783.0,50.0,-0.02
108,6784.0,0.0,-0.09
109,6785.0,0.0,0.08
110,6799.0,16.0,0.06
111,6800.0,79.0,0.12
112,6801.0,39.0,-0.01
113,6802.0,3.0,0.14
114,6803.0,77.0,0.07
115,6804.0,51.0,-0.13
116,6805.0,39.0,-0.13
117,6806.0,71.0,-0.12
118,6807.0,78.0,-0.06
119,6808.0,10.0,-0.05
120,6809.0,61.0,0.07
121,6823.0,63.0,-0.02
122,6824.0,60.0,-0.05
123,6825.0,44.0,0.12
124,6826.0,62.0,-0.1
125,6827.0,75.0,-0.11
126,6828.0,77.0,0.12
127,6829.0,70.0,-0.1
128,6830.0,75.0,0.1
129,6831.0,55.0,-0.05
130,6832.0,10.0,-0.11
131,6833.0,7.0,-0.03
132,6847.0,31.0,-0.12
133,6848.0,56.0,-0.07
134,6849.0,24.0,0.01
135,6850.0,78.0,0.05
136,6851.0,84.0,0.11
137,6852.0,5.0,0.1
138,6853.0,85.0,-0.1
139,6854.0,50.0,-0.09
140,6855.0,43.0,-0.1
141,6856.0,9.0,-0.08
142,6857.0,0.0,-0.03
143,6871.0,27.0,-0.08
144,6872.0,55.0,0.0
145,6873.0,20.0,-0.11
146,6874.0,37.0,0.0
147,6875.0,82.0,0.1
148,6876.0,79.0,-0.12
149,6877.0,22.0,0.1
150,6878.0,49.0,0.1
151,6879.0,28.0,-0.1
152,6880.0,5.0,0.04
153,6881.0,8.0,-0.02
154,6895.0,71.0,-0.04
155,6896.0,26.0,0.01
156,6897.0,56.0,0.12
157,6898.0,21.0,-0.07
158,6899.0,8.0,0.14
159,6900.0,28.0,-0.13
160,6901.0,25.0,-0.12
161,6902.0,20.0,-0.05
162,6903.0,11.0,-0.06
163,6904.0,0.0,0.01
164,6905.0,31.0,-0.09
165,6919.0,58.0,-0.02
166,6920.0,38.0,-0.03
167,6921.0,49.0,-0.12
168,6922.0,81.0,0.04
169,6923.0,69.0,0.08
170,6924.0,66.0,-0.12
171,6925.0,44.0,-0.1
172,6926.0,45.0,-0.11
173,6927.0,60.0,-0.08
174,6928.0,6.0,0.01
175,6929.0,0.0,0.05
176,6943.0,49.0,0.03
177,6944.0,36.0,-0.09
178,6945.0,23.0,-0.04
179,6946.0,8.0,-0.02
180,6947.0,57.0,0.07
181,6948.0,45.0,0.07
182,6949.0,22.0,-0.08
183,6950.0,84.0,0.09
184,6951.0,39.0,0.01
185,6952.0,1.0,-0.11
186,6953.0,0.0,-0.02
187,6967.0,34.0,0.03
188,6968.0,47.0,0.02
189,6969.0,75.0,0.11
190,6970.0,2.0,-0.06
191,6971.0,37.0,-0.1
192,6972.0,67.0,0.07
193,6973.0,76.0,-0.11
194,6974.0,35.0,0.12
195,6975.0,79.0,-0.05
196,6976.0,3.0,-0.0
197,6977.0,18.0,0.03
198,6991.0,80.0,-0.11
199,6992.0,42.0,-0.05
200,6993.0,37.0,-0.08
201,6994.0,90.0,0.11
202,6995.0,11.0,-0.14
203,6996.0,4.0,0.09
204,6997.0,32.0,0.1
205,6998.0,25.0,-0.12
206,6999.0,33.0,0.12
207,7000.0,7.0,0.04
208,7001.0,7.0,-0.11
209,7015.0,42.0,-0.02
210,7016.0,11.0,0.02
211,7017.0,45.0,-0.01
212,7018.0,1.0,-0.0
213,7019.0,49.0,-0.09
214,7020.0,86.0,-0.12
215,7021.0,60.0,0.09
216,7022.0,36.0,0.0
217,7023.0,20.0,0.01
218,7024.0,83.0,-0.08
219,7025.0,0.0,-0.07
220,7039.0,86.0,0.04
221,7040.0,82.0,-0.06
222,7041.0,68.0,0.13
223,7042.0,44.0,0.13
224,7043.0,29.0,0.1
225,7044.0,79.0,0.03
226,7045.0,1.0,-0.12
227,7046.0,90.0,0.11
228,7047.0,3.0,-0.08
229,7048.0,34.0,-0.08
230,7049.0,15.0,-0.04
231,7063.0,27.0,-0.14
232,7064.0,47.0,0.02
233,7065.0,88.0,0.13
234,7066.0,44.0,-0.03
235,7067.0,86.0,-0.13
236,7068.0,57.0,0.12
237,7069.0,26.0,0.08
238,7070.0,23.0,0.02
239,7071.0,21.0,0.02
240,7072.0,33.0,0.03
241,7073.0,0.0,-0.0
242,7087.0,0.0,0.04
243,7088.0,18.0,-0.04
244,7089.0,75.0,-0.09
245,7090.0,21.0,0.13
246,7091.0,39.0,0.08
247,7092.0,24.0,-0.01
248,7093.0,90.0,-0.0
249,7094.0,23.0,-0.06
250,7095.0,29.0,0.11
251,7096.0,71.0,0.01
252,7097.0,4.0,0.01
253,7111.0,25.0,-0.05
254,7112.0,17.0,-0.09
255,7113.0,35.0,-0.08
256,7114.0,1.0,0.1
257,7115.0,45.0,0.1
258,7116.0,70.0,-0.05
259,7117.0,50.0,0.11
260,7118.0,42.0,0.09
261,7119.0,20.0,-0.03
262,7120.0,26.0,-0.05
263,7121.0,0.0,-0.02
264,7135.0,47.0,-0.11
265,7136.0,39.0,0.02
266,7137.0,52.0,-0.13
267,7138.0,0.0,0.08
268,7139.0,87.0,0.12
269,7140.0,88.0,0.0
270,7141.0,85.0,-0.0
271,7142.0,52.0,-0.1
272,7143.0,6.0,0.14
273,7144.0,70.0,0.02
274,7145.0,0.0,-0.14
275,7159.0,58.0,-0.07
276,7160.0,48.0,0.0
277,7161.0,0.0,-0.14
278,7162.0,35.0,0.08
279,7163.0,38.0,0.09
280,7164.0,40.0,0.12
281,7165.0,66.0,0.09
282,7166.0,5.0,-0.1
283,7167.0,5.0,0.03
284,7168.0,49.0,0.06
285,7169.0,0.0,0.02
286,7183.0,72.0,0.03
287,7184.0,20.0,-0.01
288,7185.0,43.0,0.14
289,7186.0,84.0,0.07
290,7187.0,6.0,0.13
291,7188.0,75.0,0.03
292,7189.0,37.0,0.09
293,7190.0,58.0,0.09
294,7191.0,20.0,0.02
295,7192.0,39.0,-0.06
296,7193.0,6.0,0.01
297,7207.0,52.0,-0.02
298,7208.0,28.0,0.0
299,7209.0,28.0,0.12
300,7210.0,68.0,0.08
301,7211.0,88.0,-0.12
302,7212.0,73.0,0.09
303,7213.0,71.0,0.1
304,7214.0,71.0,0.11
305,7215.0,26.0,-0.03
306,7216.0,3.0,-0.11
307,7217.0,0.0,-0.14
308,7231.0,54.0,0.01
309,7232.0,12.0,-0.06
310,7233.0,0.0,0.12
311,7234.0,90.0,0.01
312,7235.0,79.0,-0.11
313,7236.0,60.0,-0.12
314,7237.0,4.0,-0.05
315,7238.0,32.0,-0.01
316,7239.0,49.0,-0.06
317,7240.0,22.0,0.04
318,7241.0,4.0,-0.08
319,7255.0,15.0,-0.07
320,7256.0,1.0,-0.1
321,7257.0,19.0,0.14
322,7258.0,61.0,0.09
323,7259.0,47.0,0.09
324,7260.0,61.0,0.08
325,7261.0,90.0,0.14
326,7262.0,18.0,-0.12
327,7263.0,40.0,-0.04
328,7264.0,81.0,-0.03
329,7265.0,0.0,0.1
330,7279.0,51.0,-0.13
331,7280.0,33.0,-0.05
332,7281.0,62.0,0.12
333,7282.0,26.0,-0.05
334,7283.0,81.0,0.08
335,7284.0,48.0,0.1
336,7285.0,39.0,-0.0
337,7286.0,46.0,-0.03
338,7287.0,10.0,0.11
339,7288.0,59.0,-0.12
340,7289.0,13.0,0.01
341,7303.0,64.0,0.01
342,7304.0,57.0,0.03
343,7305.0,17.0,-0.04
344,7306.0,44.0,0.1
345,7307.0,25.0,-0.1
346,7308.0,82.0,0.06
347,7309.0,52.0,-0.08
348,7310.0,7.0,-0.01
349,7311.0,60.0,-0.09
350,7312.0,14.0,0.05
351,7313.0,2.0,-0.14
352,7327.0,17.0,0.01
353,7328.0,59.0,-0.11
354,7329.0,32.0,-0.02
355,7330.0,3.0,0.1
356,7331.0,37.0,0.14
357,7332.0,56.0,-0.12
358,7333.0,86.0,0.08
359,7334.0,26.0,-0.13
360,7335.0,61.0,0.11
361,7336.0,19.0,0.05
362,7337.0,0.0,-0.02
363,7351.0,1.0,-0.07
364,7352.0,1.0,0.04
365,7353.0,45.0,0.01
366,7354.0,8.0,-0.1
367,7355.0,88.0,-0.0
368,7356.0,56.0,0.11
369,7357.0,17.0,-0.08
370,7358.0,45.0,0.11
371,7359.0,69.0,-0.08
372,7360.0,35.0,0.06
373,7361.0,20.0,0.08
374,7375.0,49.0,0.02
375,7376.0,11.0,-0.12
376,7377.0,61.0,0.0
377,7378.0,28.0,-0.14
378,7379.0,89.0,0.12
379,7380.0,76.0,0.06
380,7381.0,32.0,-0.13
381,7382.0,58.0,0.1
382,7383.0,11.0,-0.09
383,7384.0,9.0,-0.05
384,7385.0,7.0,0.08
385,7399.0,47.0,-0.09
386,7400.0,36.0,-0.06
387,7401.0,19.0,-0.03
388,7402.0,5.0,-0.01
389,7403.0,60.0,-0.08
390,7404.0,0.0,0.08
391,7405.0,58.0,0.14
392,7406.0,6.0,-0.05
393,7407.0,72.0,-0.03
394,7408.0,9.0,-0.02
395,7409.0,2.0,-0.04
396,7423.0,55.0,0.05
397,7424.0,5.0,-0.0
398,7425.0,23.0,0.13
399,7426.0,80.0,0.13
400,7427.0,50.0,0.1
401,7428.0,49.0,0.07
402,7429.0,7.0,0.12
403,7430.0,34.0,0.13
404,7431.0,24.0,-0.03
405,7432.0,70.0,-0.05
406,7433.0,76.0,-0.04
407,7447.0,19.0,0.05
408,7448.0,52.0,-0.09
409,7449.0,21.0,-0.02
410,7450.0,28.0,-0.03
411,7451.0,18.0,-0.0
412,7452.0,74.0,0.03
413,7453.0,21.0,-0.14
414,7454.0,30.0,-0.01
415,7455.0,66.0,-0.04
416,7456.0,12.0,0.03
417,7457.0,21.0,-0.02
418,7471.0,14.0,-0.08
419,7472.0,52.0,-0.03
420,7473.0,0.0,0.02
421,7474.0,32.0,0.12
422,7475.0,89.0,0.06
423,7476.0,78.0,0.02
424,7477.0,51.0,-0.1
425,7478.0,40.0,0.13
426,7479.0,43.0,-0.05
427,7480.0,43.0,-0.09
428,7481.0,0.0,0.02
429,7495.0,57.0,-0.08
430,7496.0,59.0,0.02
431,7497.0,39.0,-0.05
432,7498.0,17.0,-0.13
433,7499.0,57.0,-0.09
434,7500.0,86.0,0.09
435,7501.0,68.0,0.07
436,7502.0,68.0,-0.07
437,7503.0,37.0,-0.04
438,7504.0,64.0,-0.1
439,7505.0,24.0,0.01
440,7519.0,78.0,-0.07
441,7520.0,0.0,-0.09
442,7521.0,6.0,-0.12
443,7522.0,0.0,-0.04
444,7523.0,90.0,-0.09
445,7524.0,44.0,0.09
446,7525.0,84.0,-0.13
447,7526.0,22.0,-0.08
448,7527.0,7.0,-0.04
449,7528.0,14.0,0.04
450,7529.0,75.0,-0.04
451,7543.0,21.0,-0.1
452,7544.0,62.0,-0.04
453,7545.0,34.0,-0.02
454,7546.0,45.0,-0.13
455,7547.0,11.0,0.1
456,7548.0,80.0,0.12
457,7549.0,66.0,0.09
458,7550.0,71.0,-0.09
459,7551.0,26.0,0.04
460,7552.0,33.0,-0.13
461,7553.0,20.0,-0.04
462,7567.0,71.0,-0.1
463,7568.0,61.0,-0.02
464,7569.0,32.0,-0.0
465,7570.0,58.0,-0.06
466,7571.0,56.0,-0.13
467,7572.0,50.0,-0.08
468,7573.0,76.0,0.1
469,7574.0,57.0,0.1
470,7575.0,65.0,-0.08
471,7576.0,4.0,-0.06
472,7591.0,4.0,0.01
473,7592.0,23.0,-0.07
474,7593.0,31.0,-0.09
475,7594.0,78.0,0.11
476,7595.0,25.0,0.08
477,7596.0,48.0,-0.09
478,7597.0,69.0,-0.13
479,7598.0,60.0,-0.1
480,7599.0,78.0,0.13
481,7600.0,64.0,-0.03
482,7615.0,69.0,-0.04
483,7616.0,41.0,0.03
484,7617.0,39.0,-0.14
485,7618.0,81.0,0.11
486,7619.0,50.0,-0.05
487,7620.0,38.0,0.1
488,7621.0,48.0,0.14
489,7622.0,36.0,-0.05
490,7623.0,0.0,-0.04
491,7624.0,50.0,0.06
492,7640.0,67.0,0.04
493,7641.0,25.0,-0.09
494,7642.0,25.0,0.13
495,7643.0,82.0,0.1
496,7644.0,32.0,-0.01
497,7645.0,6.0,0.14
498,7646.0,36.0,-0.08
499,7647.0,53.0,-0.08
500,7648.0,83.0,-0.01
501,7664.0,0.0,0.01
502,7665.0,89.0,0.12
503,7666.0,53.0,0.14
504,7667.0,65.0,0.08
505,7668.0,48.0,-0.13
506,7669.0,46.0,0.08
507,7670.0,12.0,-0.09
508,7671.0,75.0,0.12
509,7672.0,11.0,-0.03
510,7688.0,30.0,-0.05
511,7689.0,24.0,0.01
512,7690.0,4.0,0.1
513,7691.0,55.0,0.09
514,7692.0,50.0,0.07
515,7693.0,18.0,0.12
516,7694.0,30.0,-0.04
517,7695.0,24.0,0.14
518,7696.0,59.0,-0.04
519,7712.0,73.0,0.12
520,7713.0,53.0,-0.07
521,7714.0,58.0,0.13
522,7715.0,5.0,0.09
523,7716.0,3.0,0.1
524,7717.0,29.0,-0.03
525,7718.0,39.0,0.14
526,7719.0,17.0,0.02
527,7720.0,6.0,0.04
528,7736.0,71.0,0.13
529,7737.0,87.0,0.12
530,7738.0,16.0,0.12
531,7739.0,20.0,-0.11
532,7740.0,79.0,0.02
533,7741.0,71.0,0.1
534,7742.0,18.0,-0.09
535,7743.0,24.0,0.01
536,7744.0,49.0,-0.11
537,7760.0,82.0,-0.07
538,7761.0,48.0,0.12
539,7762.0,64.0,0.09
540,7763.0,90.0,-0.08
541,7764.0,0.0,-0.02
542,7765.0,0.0,-0.01
543,7766.0,53.0,0.0
544,7767.0,18.0,-0.09
545,7768.0,21.0,-0.09
546,7784.0,69.0,-0.03
547,7785.0,77.0,-0.06
548,7786.0,36.0,0.13
549,7787.0,68.0,-0.13
550,7788.0,28.0,-0.0
551,7789.0,89.0,-0.01
552,7790.0,72.0,0.11
553,7791.0,73.0,0.13
554,7792.0,63.0,-0.01
555,7808.0,19.0,-0.03
556,7809.0,84.0,-0.11
557,7810.0,0.0,-0.14
558,7811.0,89.0,0.09
559,7812.0,80.0,-0.01
560,7813.0,29.0,-0.0
561,7814.0,24.0,0.0
562,7815.0,10.0,-0.04
563,7816.0,49.0,-0.09
564,7832.0,47.0,-0.1
565,7833.0,1.0,-0.07
566,7834.0,88.0,0.09
567,7835.0,24.0,-0.0
568,7836.0,0.0,0.13
569,7837.0,88.0,-0.12
570,7838.0,28.0,-0.03
571,7839.0,52.0,-0.11
572,7840.0,41.0,0.01
573,7856.0,33.0,0.04
574,7857.0,44.0,-0.08
575,7858.0,83.0,0.11
576,7859.0,35.0,-0.05
577,7860.0,82.0,0.07
578,7861.0,29.0,0.09
579,7862.0,80.0,-0.09
580,7863.0,2.0,0.04
581,7864.0,51.0,-0.07
582,7880.0,44.0,0.01
583,7881.0,51.0,0.0
584,7882.0,90.0,0.13
585,7883.0,73.0,-0.1
586,7884.0,84.0,0.13
587,7885.0,70.0,0.12
588,7886.0,14.0,0.0
589,7887.0,52.0,-0.02
590,7888.0,54.0,-0.07
591,7904.0,0.0,-0.01
592,7905.0,55.0,0.01
593,7906.0,15.0,-0.08
594,7907.0,53.0,0.11
595,7908.0,90.0,-0.06
596,7909.0,44.0,0.12
597,7910.0,59.0,-0.11
598,7911.0,55.0,-0.06
599,7912.0,82.0,-0.07
600,7928.0,31.0,-0.03
601,7929.0,76.0,-0.07
602,7930.0,29.0,-0.13
603,7931.0,69.0,0.13
604,7932.0,43.0,0.11
605,7933.0,17.0,-0.03
606,7934.0,39.0,0.13
607,7935.0,8.0,-0.01
608,7936.0,44.0,-0.06
609,7952.0,90.0,-0.12
610,7953.0,54.0,-0.01
611,7954.0,45.0,0.11
612,7955.0,78.0,-0.09
613,7956.0,65.0,-0.13
614,7957.0,52.0,0.1
615,7958.0,50.0,0.12
616,7959.0,18.0,-0.09
617,7960.0,24.0,-0.07
618,7976.0,17.0,0.13
619,7977.0,42.0,-0.14
620,7978.0,44.0,0.14
621,7979.0,87.0,0.14
622,7980.0,74.0,-0.09
623,7981.0,71.0,-0.13
624,7982.0,9.0,-0.05
625,7983.0,50.0,0.12
626,7984.0,0.0,-0.06
627,8000.0,68.0,-0.08
628,8001.0,16.0,-0.02
629,8002.0,45.0,-0.05
630,8003.0,82.0,-0.1
631,8004.0,29.0,-0.11
632,8005.0,38.0,-0.01
633,8006.0,44.0,0.13
634,8007.0,52.0,-0.08
635,8008.0,59.0,-0.01
636,8024.0,41.0,-0.03
637,8025.0,49.0,0.14
638,8026.0,45.0,-0.11
639,8027.0,8.0,0.01
640,8028.0,38.0,0.09
641,8029.0,0.0,-0.01
642,8030.0,69.0,-0.12
643,8031.0,46.0,-0.04
644,8032.0,9.0,-0.06
645,8048.0,50.0,-0.04
646,8049.0,23.0,-0.05
647,8050.0,13.0,-0.04
648,8051.0,87.0,-0.14
649,8052.0,10.0,-0.03
650,8053.0,65.0,0.11
651,8054.0,53.0,0.12
652,8055.0,58.0,0.02
653,8056.0,48.0,-0.06
654,8072.0,80.0,-0.08
655,8073.0,53.0,-0.01
656,8074.0,75.0,0.13
657,8075.0,75.0,0.01
658,8076.0,5.0,0.11
659,8077.0,14.0,0.01
660,8078.0,81.0,0.09
661,8079.0,34.0,-0.03
662,8080.0,48.0,0.04
663,8096.0,68.0,0.03
664,8097.0,44.0,-0.13
665,8098.0,49.0,0.08
666,8099.0,28.0,0.11
667,8100.0,78.0,0.09
668,8101.0,64.0,0.13
669,8102.0,47.0,-0.03
670,8103.0,46.0,0.12
671,8104.0,70.0,0.03
672,8120.0,39.0,0.0
673,8121.0,87.0,0.1
674,8122.0,82.0,0.1
675,8123.0,11.0,-0.03
676,8124.0,54.0,0.08
677,8125.0,29.0,-0.13
678,8126.0,87.0,-0.11
679,8127.0,65.0,-0.08
680,8128.0,36.0,0.02
681,8144.0,5.0,0.14
682,8145.0,0.0,0.14
683,8146.0,39.0,-0.0
684,8147.0,18.0,0.08
685,8148.0,73.0,0.09
686,8149.0,30.0,0.14
687,8150.0,31.0,-0.13
688,8151.0,42.0,-0.09
689,8152.0,10.0,-0.08
690,8168.0,54.0,-0.12
691,8169.0,7.0,0.13
692,8170.0,68.0,-0.14
693,8171.0,85.0,-0.11
694,8172.0,31.0,-0.03
695,8173.0,50.0,0.14
696,8174.0,50.0,-0.03
697,8175.0,1.0,-0.06
698,8176.0,19.0,0.04
699,8192.0,45.0,-0.12
700,8193.0,26.0,-0.08
701,8194.0,84.0,0.11
702,8195.0,51.0,-0.14
703,8196.0,39.0,0.14
704,8197.0,48.0,0.08
705,8198.0,75.0,0.11
706,8199.0,71.0,0.14
707,8200.0,59.0,0.03
708,8216.0,56.0,-0.03
709,8217.0,18.0,-0.0
710,8218.0,43.0,-0.03
711,8219.0,0.0,0.11
712,8220.0,76.0,0.1
713,8221.0,35.0,0.14
714,8222.0,49.0,0.01
715,8223.0,65.0,-0.03
716,8224.0,49.0,-0.06
717,8240.0,52.0,-0.02
718,8241.0,25.0,0.1
719,8242.0,58.0,-0.14
720,8243.0,90.0,-0.1
721,8244.0,13.0,-0.01
722,8245.0,13.0,0.11
723,8246.0,35.0,0.0
724,8247.0,51.0,0.13
725,8248.0,14.0,-0.11
726,8264.0,43.0,0.03
727,8265.0,51.0,-0.01
728,8266.0,38.0,0.0
729,8267.0,78.0,-0.13
730,8268.0,72.0,0.12
731,8269.0,47.0,-0.09
732,8270.0,24.0,-0.01
733,8271.0,33.0,-0.12
734,8272.0,57.0,-0.02
735,8288.0,45.0,-0.1
736,8289.0,46.0,-0.14
737,8290.0,73.0,0.0
738,8291.0,52.0,0.1
739,8292.0,60.0,0.11
740,8293.0,24.0,0.12
741,8294.0,31.0,-0.03
742,8295.0,51.0,0.14
743,8296.0,0.0,-0.02
744,8312.0,54.0,0.02
745,8313.0,86.0,0.0
746,8314.0,79.0,0.11
747,8315.0,60.0,-0.09
748,8316.0,85.0,-0.08
749,8317.0,79.0,0.09
750,8318.0,37.0,-0.14
751,8319.0,64.0,-0.09
752,8320.0,29.0,0.02
753,8336.0,32.0,-0.1
754,8337.0,83.0,-0.14
755,8338.0,88.0,0.01
756,8339.0,80.0,-0.03
757,8340.0,42.0,0.1
758,8341.0,32.0,-0.02
759,8342.0,59.0,0.11
760,8343.0,24.0,-0.01
761,8344.0,51.0,0.01
762,8360.0,30.0,-0.14
763,8361.0,33.0,-0.09
764,8362.0,33.0,0.01
765,8363.0,29.0,0.12
766,8364.0,14.0,-0.1
767,8365.0,32.0,-0.1
768,8366.0,3.0,-0.06
769,8367.0,7.0,0.0
770,8368.0,54.0,-0.01
771,8384.0,8.0,0.0
772,8385.0,10.0,0.01
773,8386.0,54.0,-0.07
774,8387.0,25.0,-0.01
775,8388.0,32.0,0.12
776,8389.0,11.0,0.13
777,8390.0,2.0,-0.12
778,8391.0,41.0,-0.06
779,8392.0,65.0,-0.0
780,8408.0,73.0,-0.06
781,8409.0,18.0,0.01
782,8410.0,2.0,-0.02
783,8411.0,24.0,-0.05
784,8412.0,67.0,0.13
785,8413.0,25.0,-0.07
786,8414.0,27.0,-0.14
787,8415.0,36.0,-0.1
788,8416.0,5.0,-0.05
789,8432.0,40.0,-0.04
790,8433.0,35.0,0.0
791,8434.0,2.0,-0.07
792,8435.0,90.0,0.0
793,8436.0,55.0,0.08
794,8437.0,42.0,-0.03
795,8438.0,0.0,0.02
796,8439.0,14.0,-0.04
797,8440.0,61.0,-0.08
798,8456.0,53.0,-0.1
799,8457.0,24.0,-0.08
800,8458.0,3.0,-0.02
801,8459.0,3.0,0.01
802,8460.0,41.0,-0.01
803,8461.0,1.0,0.01
804,8462.0,55.0,-0.06
805,8463.0,22.0,-0.03
806,8464.0,37.0,-0.0
807,8480.0,11.0,0.02
808,8481.0,35.0,0.14
809,8482.0,51.0,0.14
810,8483.0,9.0,0.14
811,8484.0,76.0,0.01
812,8485.0,0.0,0.08
813,8486.0,37.0,-0.06
814,8487.0,5.0,-0.09
815,8488.0,56.0,-0.02
816,8504.0,42.0,-0.02
817,8505.0,51.0,-0.07
818,8506.0,75.0,0.09
819,8507.0,86.0,0.0
820,8508.0,43.0,0.11
821,8509.0,25.0,0.12
822,8510.0,90.0,-0.02
823,8511.0,8.0,-0.0
824,8512.0,45.0,-0.03
825,8528.0,60.0,-0.02
826,8529.0,52.0,-0.11
827,8530.0,0.0,-0.02
828,8531.0,29.0,-0.02
829,8532.0,89.0,0.1
830,8533.0,71.0,-0.1
831,8534.0,13.0,-0.05
832,8535.0,82.0,-0.12
833,8536.0,37.0,-0.04
834,8552.0,9.0,-0.04
835,8553.0,45.0,-0.14
836,8554.0,34.0,-0.05
837,8555.0,83.0,-0.09
838,8556.0,22.0,-0.06
839,8557.0,33.0,0.1
840,8558.0,65.0,-0.1
841,8559.0,50.0,-0.03
842,8560.0,40.0,-0.05
843,8576.0,53.0,0.02
844,8577.0,32.0,-0.05
845,8578.0,59.0,0.0
846,8579.0,31.0,-0.11
847,8580.0,6.0,-0.07
848,8581.0,89.0,-0.1
849,8582.0,44.0,0.1
850,8583.0,33.0,-0.03
851,8584.0,18.0,0.04
852,8600.0,19.0,-0.03
853,8601.0,67.0,-0.14
854,8602.0,4.0,-0.13
855,8603.0,44.0,0.11
856,8604.0,26.0,-0.08
857,8605.0,63.0,0.11
858,8606.0,57.0,0.12
859,8607.0,90.0,-0.09
860,8608.0,80.0,-0.05
861,8624.0,80.0,0.01
862,8625.0,32.0,0.01
863,8626.0,41.0,-0.11
864,8627.0,41.0,0.1
865,8628.0,75.0,0.11
866,8629.0,26.0,0.11
867,8630.0,88.0,-0.1
868,8631.0,0.0,-0.04
869,8632.0,72.0,-0.0
870,8648.0,4.0,-0.02
871,8649.0,38.0,0.01
872,8650.0,50.0,0.11
873,8651.0,90.0,-0.13
874,8652.0,3.0,0.1
875,8653.0,88.0,0.01
876,8654.0,29.0,-0.01
877,8655.0,11.0,-0.14
878,8656.0,18.0,-0.02
879,8672.0,1.0,-0.02
880,8673.0,53.0,-0.03
881,8674.0,31.0,0.02
882,8675.0,2.0,-0.07
883,8676.0,4.0,0.13
884,8677.0,44.0,-0.05
885,8678.0,28.0,-0.0
886,8679.0,31.0,-0.02
887,8680.0,35.0,-0.09
888,8696.0,45.0,-0.0
889,8697.0,84.0,-0.08
890,8698.0,1.0,-0.07
891,8699.0,64.0,0.11
892,8700.0,3.0,0.14
893,8701.0,3.0,0.01
894,8702.0,30.0,0.01
895,8703.0,0.0,-0.07
896,8704.0,13.0,0.04
897,8720.0,0.0,-0.06
898,8721.0,63.0,-0.06
899,8722.0,55.0,-0.09
900,8723.0,56.0,0.08
901,8724.0,70.0,0.13
902,8725.0,90.0,0.0
903,8726.0,36.0,0.0
904,8727.0,46.0,0.12
905,8728.0,19.0,-0.07
906,8744.0,88.0,-0.03
907,8745.0,39.0,0.0
908,8746.0,33.0,-0.11
909,8747.0,59.0,0.11
910,8748.0,62.0,-0.05
911,8749.0,39.0,0.1
912,8750.0,6.0,-0.13
913,8751.0,0.0,-0.03
914,8752.0,23.0,0.03
