Time,ROOM_2_D67BD6DB:SHENZHEN ANN HTG 99.6% CONDNS DB:Des Heat Load [W],ROOM_2_D67BD6DB:SHENZHEN ANN CLG .4% CONDNS DB=>MWB:Des Sens Cool Load [W],ROOM_2_D67BD6DB:SHENZHEN ANN HTG 99.6% CONDNS DB:Des Heat Mass Flow [kg/s],ROOM_2_D67BD6DB:SHENZHEN ANN CLG .4% CONDNS DB=>MWB:Des Cool Mass Flow [kg/s],ROOM_2_D67BD6DB::Des Latent Heat Load [W],ROOM_2_D67BD6DB::Des Latent Cool Load [W],ROOM_2_D67BD6DB::Des Latent Heat Mass Flow [kg/s],ROOM_2_D67BD6DB::Des Latent Cool Mass Flow [kg/s],ROOM_2_D67BD6DB::Des Heat Load No DOAS [W],ROOM_2_D67BD6DB::Des Sens Cool Load No DOAS [W],ROOM_2_D67BD6DB::Des Latent Heat Load No DOAS [W],ROOM_2_D67BD6DB::Des Latent Cool Load No DOAS [W],ROOM_2_D67BD6DB:SHENZHEN ANN HTG 99.6% CONDNS DB:Heating Zone Temperature [C],ROOM_2_D67BD6DB:SHENZHEN ANN HTG 99.6% CONDNS DB:Heating Zone Relative Humidity [%],ROOM_2_D67BD6DB:SHENZHEN ANN CLG .4% CONDNS DB=>MWB:Cooling Zone Temperature [C],ROOM_2_D67BD6DB:SHENZHEN ANN CLG .4% CONDNS DB=>MWB:Cooling Zone Relative Humidity [%]
00:10:00,1.556367E+02,5.136003E+02,6.254587E-03,3.967718E-02,0.000000E+00,0.000000E+00,0.000000E+00,0.000000E+00,0.000000E+00,0.000000E+00,0.000000E+00,0.000000E+00,1.559716E+01,5.952089E+01,2.668289E+01,5.591014E+01
00:20:00,1.648479E+02,5.171384E+02,6.624724E-03,3.995020E-02,0.000000E+00,0.000000E+00,0.000000E+00,0.000000E+00,0.000000E+00,0.000000E+00,0.000000E+00,0.000000E+00,1.559724E+01,5.968998E+01,2.668303E+01,5.581089E+01
00:30:00,1.733267E+02,5.193821E+02,6.965440E-03,4.012321E-02,0.000000E+00,0.000000E+00,0.000000E+00,0.000000E+00,0.000000E+00,0.000000E+00,0.000000E+00,0.000000E+00,1.559725E+01,5.985815E+01,2.668314E+01,5.575218E+01
00:40:00,1.814144E+02,5.205674E+02,7.290447E-03,4.021448E-02,0.000000E+00,0.000000E+00,0.000000E+00,0.000000E+00,0.000000E+00,0.000000E+00,0.000000E+00,0.000000E+00,1.559724E+01,6.001101E+01,2.668322E+01,5.573141E+01
00:50:00,1.896996E+02,5.208812E+02,7.623403E-03,4.023846E-02,0.000000E+00,0.000000E+00,0.000000E+00,0.000000E+00,0.000000E+00,0.000000E+00,0.000000E+00,0.000000E+00,1.559722E+01,6.014645E+01,2.668327E+01,5.572755E+01
01:00:00,1.972546E+02,5.204773E+02,7.927029E-03,4.020702E-02,0.000000E+00,0.000000E+00,0.000000E+00,0.000000E+00,0.000000E+00,0.000000E+00,0.000000E+00,0.000000E+00,1.559720E+01,6.026713E+01,2.668331E+01,5.573245E+01
01:10:00,2.053140E+02,5.206730E+02,8.250911E-03,4.022190E-02,0.000000E+00,0.000000E+00,0.000000E+00,0.000000E+00,0.000000E+00,0.000000E+00,0.000000E+00,0.000000E+00,1.559717E+01,6.037540E+01,2.668335E+01,5.574590E+01
01:20:00,2.127005E+02,5.204327E+02,8.547743E-03,4.020314E-02,0.000000E+00,0.000000E+00,0.000000E+00,0.000000E+00,0.000000E+00,0.000000E+00,0.000000E+00,0.000000E+00,1.559715E+01,6.047258E+01,2.668338E+01,5.576157E+01
01:30:00,2.194397E+02,5.198413E+02,8.818565E-03,4.015732E-02,0.000000E+00,0.000000E+00,0.000000E+00,0.000000E+00,0.000000E+00,0.000000E+00,0.000000E+00,0.000000E+00,1.559713E+01,6.055971E+01,2.668341E+01,5.578090E+01
01:40:00,2.255806E+02,5.189704E+02,9.065340E-03,4.008992E-02,0.000000E+00,0.000000E+00,0.000000E+00,0.000000E+00,0.000000E+00,0.000000E+00,0.000000E+00,0.000000E+00,1.559710E+01,6.063765E+01,2.668344E+01,5.580555E+01
01:50:00,2.311803E+02,5.178791E+02,9.290365E-03,4.000551E-02,0.000000E+00,0.000000E+00,0.000000E+00,0.000000E+00,0.000000E+00,0.000000E+00,0.000000E+00,0.000000E+00,1.559708E+01,6.070773E+01,2.668347E+01,5.583510E+01
02:00:00,2.362960E+02,5.166166E+02,9.495936E-03,3.990789E-02,0.000000E+00,0.000000E+00,0.000000E+00,0.000000E+00,0.000000E+00,0.000000E+00,0.000000E+00,0.000000E+00,1.559706E+01,6.077127E+01,2.668350E+01,5.586855E+01
02:10:00,2.409825E+02,5.151909E+02,9.684262E-03,3.979766E-02,0.000000E+00,0.000000E+00,0.000000E+00,0.000000E+00,0.000000E+00,0.000000E+00,0.000000E+00,0.000000E+00,1.559704E+01,6.082923E+01,2.668353E+01,5.590524E+01
02:20:00,2.452910E+02,5.136343E+02,9.857400E-03,3.967733E-02,0.000000E+00,0.000000E+00,0.000000E+00,0.000000E+00,0.000000E+00,0.000000E+00,0.000000E+00,0.000000E+00,1.559703E+01,6.088234E+01,2.668355E+01,5.594158E+01
02:30:00,2.492745E+02,5.119731E+02,1.001748E-02,3.954893E-02,0.000000E+00,0.000000E+00,0.000000E+00,0.000000E+00,0.000000E+00,0.000000E+00,0.000000E+00,0.000000E+00,1.559701E+01,6.093124E+01,2.668357E+01,5.597869E+01
02:40:00,2.529734E+02,5.102298E+02,1.016611E-02,3.941419E-02,0.000000E+00,0.000000E+00,0.000000E+00,0.000000E+00,0.000000E+00,0.000000E+00,0.000000E+00,0.000000E+00,1.559699E+01,6.097648E+01,2.668359E+01,5.601786E+01
02:50:00,2.564224E+02,5.084233E+02,1.030471E-02,3.927456E-02,0.000000E+00,0.000000E+00,0.000000E+00,0.000000E+00,0.000000E+00,0.000000E+00,0.000000E+00,0.000000E+00,1.559698E+01,6.101857E+01,2.668361E+01,5.605901E+01
03:00:00,2.596531E+02,5.065692E+02,1.043453E-02,3.913128E-02,0.000000E+00,0.000000E+00,0.000000E+00,0.000000E+00,0.000000E+00,0.000000E+00,0.000000E+00,0.000000E+00,1.559696E+01,6.105793E+01,2.668363E+01,5.610172E+01
03:10:00,2.626933E+02,5.046471E+02,1.055670E-02,3.898273E-02,0.000000E+00,0.000000E+00,0.000000E+00,0.000000E+00,0.000000E+00,0.000000E+00,0.000000E+00,0.000000E+00,1.559695E+01,6.109492E+01,2.668365E+01,5.614573E+01
03:20:00,2.655671E+02,5.026681E+02,1.067218E-02,3.882980E-02,0.000000E+00,0.000000E+00,0.000000E+00,0.000000E+00,0.000000E+00,0.000000E+00,0.000000E+00,0.000000E+00,1.559693E+01,6.112986E+01,2.668367E+01,5.619087E+01
03:30:00,2.682957E+02,5.006418E+02,1.078183E-02,3.867321E-02,0.000000E+00,0.000000E+00,0.000000E+00,0.000000E+00,0.000000E+00,0.000000E+00,0.000000E+00,0.000000E+00,1.559692E+01,6.116301E+01,2.668369E+01,5.623701E+01
03:40:00,2.708974E+02,4.985764E+02,1.088637E-02,3.851360E-02,0.000000E+00,0.000000E+00,0.000000E+00,0.000000E+00,0.000000E+00,0.000000E+00,0.000000E+00,0.000000E+00,1.559691E+01,6.119458E+01,2.668371E+01,5.628405E+01
03:50:00,2.733878E+02,4.964788E+02,1.098645E-02,3.835150E-02,0.000000E+00,0.000000E+00,0.000000E+00,0.000000E+00,0.000000E+00,0.000000E+00,0.000000E+00,0.000000E+00,1.559689E+01,6.122478E+01,2.668373E+01,5.633187E+01
04:00:00,2.757806E+02,4.943548E+02,1.108260E-02,3.818737E-02,0.000000E+00,0.000000E+00,0.000000E+00,0.000000E+00,0.000000E+00,0.000000E+00,0.000000E+00,0.000000E+00,1.559688E+01,6.125376E+01,2.668375E+01,5.638037E+01
04:10:00,2.780876E+02,4.922363E+02,1.117530E-02,3.802367E-02,0.000000E+00,0.000000E+00,0.000000E+00,0.000000E+00,0.000000E+00,0.000000E+00,0.000000E+00,0.000000E+00,1.559687E+01,6.128167E+01,2.668377E+01,5.642946E+01
04:20:00,2.803188E+02,4.901283E+02,1.126496E-02,3.786078E-02,0.000000E+00,0.000000E+00,0.000000E+00,0.000000E+00,0.000000E+00,0.000000E+00,0.000000E+00,0.000000E+00,1.559686E+01,6.130863E+01,2.668378E+01,5.647644E+01
04:30:00,2.824829E+02,4.880366E+02,1.135192E-02,3.769914E-02,0.000000E+00,0.000000E+00,0.000000E+00,0.000000E+00,0.000000E+00,0.000000E+00,0.000000E+00,0.000000E+00,1.559685E+01,6.133474E+01,2.668380E+01,5.652242E+01
04:40:00,2.845875E+02,4.859651E+02,1.143649E-02,3.753908E-02,0.000000E+00,0.000000E+00,0.000000E+00,0.000000E+00,0.000000E+00,0.000000E+00,0.000000E+00,0.000000E+00,1.559683E+01,6.136008E+01,2.668381E+01,5.656852E+01
04:50:00,2.866388E+02,4.839174E+02,1.151892E-02,3.738085E-02,0.000000E+00,0.000000E+00,0.000000E+00,0.000000E+00,0.000000E+00,0.000000E+00,0.000000E+00,0.000000E+00,1.559682E+01,6.138474E+01,2.668383E+01,5.661497E+01
05:00:00,2.886425E+02,4.818963E+02,1.159944E-02,3.722468E-02,0.000000E+00,0.000000E+00,0.000000E+00,0.000000E+00,0.000000E+00,0.000000E+00,0.000000E+00,0.000000E+00,1.559681E+01,6.140877E+01,2.668384E+01,5.666162E+01
05:10:00,3.560643E+02,5.140168E+02,1.461422E-02,4.012967E-02,0.000000E+00,0.000000E+00,0.000000E+00,0.000000E+00,0.000000E+00,0.000000E+00,0.000000E+00,0.000000E+00,1.722628E+01,5.727924E+01,2.608623E+01,5.672304E+01
05:20:00,4.253445E+02,5.487561E+02,1.781775E-02,4.357135E-02,0.000000E+00,0.000000E+00,0.000000E+00,0.000000E+00,0.000000E+00,0.000000E+00,0.000000E+00,0.000000E+00,1.759710E+01,5.704781E+01,2.569081E+01,5.570363E+01
05:30:00,4.950001E+02,5.834449E+02,2.103859E-02,4.701101E-02,0.000000E+00,0.000000E+00,0.000000E+00,0.000000E+00,0.000000E+00,0.000000E+00,0.000000E+00,0.000000E+00,1.759566E+01,5.760210E+01,2.568546E+01,5.497922E+01
05:40:00,5.584742E+02,6.154404E+02,2.399005E-02,5.022303E-02,0.000000E+00,0.000000E+00,0.000000E+00,0.000000E+00,0.000000E+00,0.000000E+00,0.000000E+00,0.000000E+00,1.759569E+01,5.760402E+01,2.568496E+01,5.506671E+01
05:50:00,6.184038E+02,6.457038E+02,2.678755E-02,5.328755E-02,0.000000E+00,0.000000E+00,0.000000E+00,0.000000E+00,0.000000E+00,0.000000E+00,0.000000E+00,0.000000E+00,1.759584E+01,5.730983E+01,2.568503E+01,5.547785E+01
06:00:00,6.755234E+02,6.746515E+02,2.946316E-02,5.623969E-02,0.000000E+00,0.000000E+00,0.000000E+00,0.000000E+00,0.000000E+00,0.000000E+00,0.000000E+00,0.000000E+00,1.759575E+01,5.714695E+01,2.568484E+01,5.569811E+01
06:10:00,6.974352E+02,6.933650E+02,3.096834E-02,5.839572E-02,0.000000E+00,0.000000E+00,0.000000E+00,0.000000E+00,0.000000E+00,0.000000E+00,0.000000E+00,0.000000E+00,1.921858E+01,5.384256E+01,2.541170E+01,5.415440E+01
06:20:00,7.200144E+02,7.107354E+02,3.255574E-02,6.052777E-02,0.000000E+00,0.000000E+00,0.000000E+00,0.000000E+00,0.000000E+00,0.000000E+00,0.000000E+00,0.000000E+00,1.959870E+01,5.423161E+01,2.502173E+01,4.913730E+01
06:30:00,7.385550E+02,7.271461E+02,3.395226E-02,6.259204E-02,0.000000E+00,0.000000E+00,0.000000E+00,0.000000E+00,0.000000E+00,0.000000E+00,0.000000E+00,0.000000E+00,1.959828E+01,5.478361E+01,2.499925E+01,4.802162E+01
06:40:00,7.545104E+02,7.439049E+02,3.519947E-02,6.467547E-02,0.000000E+00,0.000000E+00,0.000000E+00,0.000000E+00,0.000000E+00,0.000000E+00,0.000000E+00,0.000000E+00,1.959863E+01,5.483268E+01,2.499502E+01,4.831311E+01
06:50:00,7.684174E+02,7.606496E+02,3.633437E-02,6.674807E-02,0.000000E+00,0.000000E+00,0.000000E+00,0.000000E+00,0.000000E+00,0.000000E+00,0.000000E+00,0.000000E+00,1.959877E+01,5.451666E+01,2.499382E+01,4.883174E+01
07:00:00,7.807030E+02,7.773603E+02,3.738059E-02,6.880950E-02,0.000000E+00,0.000000E+00,0.000000E+00,0.000000E+00,0.000000E+00,0.000000E+00,0.000000E+00,0.000000E+00,1.959860E+01,5.436638E+01,2.499310E+01,4.891489E+01
07:10:00,8.118208E+02,8.058456E+02,3.942424E-02,7.255367E-02,0.000000E+00,0.000000E+00,0.000000E+00,0.000000E+00,0.000000E+00,0.000000E+00,0.000000E+00,0.000000E+00,2.058914E+01,5.138126E+01,2.442914E+01,4.985887E+01
07:20:00,8.384323E+02,8.347370E+02,4.129148E-02,7.657718E-02,0.000000E+00,0.000000E+00,0.000000E+00,0.000000E+00,0.000000E+00,0.000000E+00,0.000000E+00,0.000000E+00,2.099833E+01,5.034714E+01,2.400919E+01,5.028223E+01
07:30:00,8.637456E+02,8.628231E+02,4.308018E-02,8.050322E-02,0.000000E+00,0.000000E+00,0.000000E+00,0.000000E+00,0.000000E+00,0.000000E+00,0.000000E+00,0.000000E+00,2.099855E+01,5.041359E+01,2.399807E+01,5.000015E+01
07:40:00,8.903037E+02,8.896504E+02,4.490318E-02,8.428191E-02,0.000000E+00,0.000000E+00,0.000000E+00,0.000000E+00,0.000000E+00,0.000000E+00,0.000000E+00,0.000000E+00,2.099866E+01,5.038510E+01,2.399523E+01,5.004391E+01
07:50:00,9.172716E+02,9.156111E+02,4.672863E-02,8.795701E-02,0.000000E+00,0.000000E+00,0.000000E+00,0.000000E+00,0.000000E+00,0.000000E+00,0.000000E+00,0.000000E+00,2.099869E+01,5.030827E+01,2.399446E+01,5.020291E+01
08:00:00,9.445337E+02,9.409056E+02,4.855473E-02,9.155151E-02,0.000000E+00,0.000000E+00,0.000000E+00,0.000000E+00,0.000000E+00,0.000000E+00,0.000000E+00,0.000000E+00,2.099866E+01,5.025969E+01,2.399415E+01,5.029134E+01
08:10:00,9.193189E+02,9.289256E+02,4.744635E-02,9.103530E-02,0.000000E+00,0.000000E+00,0.000000E+00,0.000000E+00,0.000000E+00,0.000000E+00,0.000000E+00,0.000000E+00,2.099863E+01,5.023176E+01,2.399402E+01,5.034753E+01
08:20:00,8.932333E+02,9.140084E+02,4.610019E-02,8.959699E-02,0.000000E+00,0.000000E+00,0.000000E+00,0.000000E+00,0.000000E+00,0.000000E+00,0.000000E+00,0.000000E+00,2.099862E+01,5.020779E+01,2.399397E+01,5.040133E+01
08:30:00,8.697178E+02,8.999138E+02,4.488657E-02,8.822167E-02,0.000000E+00,0.000000E+00,0.000000E+00,0.000000E+00,0.000000E+00,0.000000E+00,0.000000E+00,0.000000E+00,2.099861E+01,5.018457E+01,2.399394E+01,5.045056E+01
08:40:00,8.517101E+02,8.886486E+02,4.395717E-02,8.711928E-02,0.000000E+00,0.000000E+00,0.000000E+00,0.000000E+00,0.000000E+00,0.000000E+00,0.000000E+00,0.000000E+00,2.099861E+01,5.016415E+01,2.399391E+01,5.049164E+01
08:50:00,8.371618E+02,8.794074E+02,4.320629E-02,8.621416E-02,0.000000E+00,0.000000E+00,0.000000E+00,0.000000E+00,0.000000E+00,0.000000E+00,0.000000E+00,0.000000E+00,2.099860E+01,5.014733E+01,2.399388E+01,5.052561E+01
09:00:00,8.252588E+02,8.717531E+02,4.259194E-02,8.546416E-02,0.000000E+00,0.000000E+00,0.000000E+00,0.000000E+00,0.000000E+00,0.000000E+00,0.000000E+00,0.000000E+00,2.099859E+01,5.013337E+01,2.399386E+01,5.055406E+01
09:10:00,8.154446E+02,8.653870E+02,4.208541E-02,8.484030E-02,0.000000E+00,0.000000E+00,0.000000E+00,0.000000E+00,0.000000E+00,0.000000E+00,0.000000E+00,0.000000E+00,2.099859E+01,5.012149E+01,2.399385E+01,5.057773E+01
09:20:00,8.072946E+02,8.600962E+02,4.166478E-02,8.432180E-02,0.000000E+00,0.000000E+00,0.000000E+00,0.000000E+00,0.000000E+00,0.000000E+00,0.000000E+00,0.000000E+00,2.099858E+01,5.011125E+01,2.399383E+01,5.059757E+01
09:30:00,8.004778E+02,8.557274E+02,4.131295E-02,8.389366E-02,0.000000E+00,0.000000E+00,0.000000E+00,0.000000E+00,0.000000E+00,0.000000E+00,0.000000E+00,0.000000E+00,2.099858E+01,5.010244E+01,2.399382E+01,5.061367E+01
09:40:00,7.947223E+02,8.521621E+02,4.101589E-02,8.354426E-02,0.000000E+00,0.000000E+00,0.000000E+00,0.000000E+00,0.000000E+00,0.000000E+00,0.000000E+00,0.000000E+00,2.099858E+01,5.009483E+01,2.399381E+01,5.062617E+01
09:50:00,7.898250E+02,8.493053E+02,4.076313E-02,8.326431E-02,0.000000E+00,0.000000E+00,0.000000E+00,0.000000E+00,0.000000E+00,0.000000E+00,0.000000E+00,0.000000E+00,2.099858E+01,5.008823E+01,2.399380E+01,5.063537E+01
10:00:00,7.856254E+02,8.470811E+02,4.054638E-02,8.304635E-02,0.000000E+00,0.000000E+00,0.000000E+00,0.000000E+00,0.000000E+00,0.000000E+00,0.000000E+00,0.000000E+00,2.099857E+01,5.008244E+01,2.399379E+01,5.064156E+01
10:10:00,7.819934E+02,8.454276E+02,4.035893E-02,8.288433E-02,0.000000E+00,0.000000E+00,0.000000E+00,0.000000E+00,0.000000E+00,0.000000E+00,0.000000E+00,0.000000E+00,2.099857E+01,5.007733E+01,2.399378E+01,5.064495E+01
10:20:00,7.788244E+02,8.442969E+02,4.019537E-02,8.277356E-02,0.000000E+00,0.000000E+00,0.000000E+00,0.000000E+00,0.000000E+00,0.000000E+00,0.000000E+00,0.000000E+00,2.099857E+01,5.007277E+01,2.399378E+01,5.064628E+01
10:30:00,7.760339E+02,8.436441E+02,4.005135E-02,8.270962E-02,0.000000E+00,0.000000E+00,0.000000E+00,0.000000E+00,0.000000E+00,0.000000E+00,0.000000E+00,0.000000E+00,2.099857E+01,5.006868E+01,2.399377E+01,5.064533E+01
10:40:00,7.735537E+02,8.434299E+02,3.992334E-02,8.268868E-02,0.000000E+00,0.000000E+00,0.000000E+00,0.000000E+00,0.000000E+00,0.000000E+00,0.000000E+00,0.000000E+00,2.099857E+01,5.006498E+01,2.399377E+01,5.064210E+01
10:50:00,7.713288E+02,8.436207E+02,3.980851E-02,8.270742E-02,0.000000E+00,0.000000E+00,0.000000E+00,0.000000E+00,0.000000E+00,0.000000E+00,0.000000E+00,0.000000E+00,2.099857E+01,5.006159E+01,2.399377E+01,5.063683E+01
11:00:00,7.693144E+02,8.441863E+02,3.970454E-02,8.276291E-02,0.000000E+00,0.000000E+00,0.000000E+00,0.000000E+00,0.000000E+00,0.000000E+00,0.000000E+00,0.000000E+00,2.099857E+01,5.005848E+01,2.399377E+01,5.062966E+01
11:10:00,7.674827E+02,8.450749E+02,3.961001E-02,8.285006E-02,0.000000E+00,0.000000E+00,0.000000E+00,0.000000E+00,0.000000E+00,0.000000E+00,0.000000E+00,0.000000E+00,2.099857E+01,5.005558E+01,2.399376E+01,5.062072E+01
11:20:00,7.658024E+02,8.462581E+02,3.952329E-02,8.296608E-02,0.000000E+00,0.000000E+00,0.000000E+00,0.000000E+00,0.000000E+00,0.000000E+00,0.000000E+00,0.000000E+00,2.099857E+01,5.005293E+01,2.399377E+01,5.061147E+01
11:30:00,7.642468E+02,8.477142E+02,3.944300E-02,8.310884E-02,0.000000E+00,0.000000E+00,0.000000E+00,0.000000E+00,0.000000E+00,0.000000E+00,0.000000E+00,0.000000E+00,2.099857E+01,5.005046E+01,2.399377E+01,5.060122E+01
11:40:00,7.627949E+02,8.494225E+02,3.936807E-02,8.327632E-02,0.000000E+00,0.000000E+00,0.000000E+00,0.000000E+00,0.000000E+00,0.000000E+00,0.000000E+00,0.000000E+00,2.099857E+01,5.004810E+01,2.399377E+01,5.058952E+01
11:50:00,7.614299E+02,8.513622E+02,3.929761E-02,8.346649E-02,0.000000E+00,0.000000E+00,0.000000E+00,0.000000E+00,0.000000E+00,0.000000E+00,0.000000E+00,0.000000E+00,2.099857E+01,5.004583E+01,2.399377E+01,5.057649E+01
12:00:00,7.601379E+02,8.535244E+02,3.923093E-02,8.367846E-02,0.000000E+00,0.000000E+00,0.000000E+00,0.000000E+00,0.000000E+00,0.000000E+00,0.000000E+00,0.000000E+00,2.099857E+01,5.004363E+01,2.399377E+01,5.056232E+01
12:10:00,7.588993E+02,8.559125E+02,3.916701E-02,8.391258E-02,0.000000E+00,0.000000E+00,0.000000E+00,0.000000E+00,0.000000E+00,0.000000E+00,0.000000E+00,0.000000E+00,2.099856E+01,5.004152E+01,2.399377E+01,5.054688E+01
12:20:00,7.577064E+02,8.585034E+02,3.910544E-02,8.416657E-02,0.000000E+00,0.000000E+00,0.000000E+00,0.000000E+00,0.000000E+00,0.000000E+00,0.000000E+00,0.000000E+00,2.099856E+01,5.003947E+01,2.399377E+01,5.053099E+01
12:30:00,7.565543E+02,8.612756E+02,3.904598E-02,8.443834E-02,0.000000E+00,0.000000E+00,0.000000E+00,0.000000E+00,0.000000E+00,0.000000E+00,0.000000E+00,0.000000E+00,2.099856E+01,5.003748E+01,2.399378E+01,5.051462E+01
12:40:00,7.554380E+02,8.642082E+02,3.898837E-02,8.472583E-02,0.000000E+00,0.000000E+00,0.000000E+00,0.000000E+00,0.000000E+00,0.000000E+00,0.000000E+00,0.000000E+00,2.099856E+01,5.003553E+01,2.399378E+01,5.049765E+01
12:50:00,7.543530E+02,8.672804E+02,3.893237E-02,8.502700E-02,0.000000E+00,0.000000E+00,0.000000E+00,0.000000E+00,0.000000E+00,0.000000E+00,0.000000E+00,0.000000E+00,2.099856E+01,5.003363E+01,2.399379E+01,5.048015E+01
13:00:00,7.532956E+02,8.704603E+02,3.887780E-02,8.533872E-02,0.000000E+00,0.000000E+00,0.000000E+00,0.000000E+00,0.000000E+00,0.000000E+00,0.000000E+00,0.000000E+00,2.099856E+01,5.003177E+01,2.399379E+01,5.046226E+01
13:10:00,7.522626E+02,8.737204E+02,3.882448E-02,8.565830E-02,0.000000E+00,0.000000E+00,0.000000E+00,0.000000E+00,0.000000E+00,0.000000E+00,0.000000E+00,0.000000E+00,2.099856E+01,5.002993E+01,2.399380E+01,5.044408E+01
13:20:00,7.512513E+02,8.770437E+02,3.877229E-02,8.598408E-02,0.000000E+00,0.000000E+00,0.000000E+00,0.000000E+00,0.000000E+00,0.000000E+00,0.000000E+00,0.000000E+00,2.099856E+01,5.002813E+01,2.399380E+01,5.042647E+01
13:30:00,7.502594E+02,8.804124E+02,3.872110E-02,8.631430E-02,0.000000E+00,0.000000E+00,0.000000E+00,0.000000E+00,0.000000E+00,0.000000E+00,0.000000E+00,0.000000E+00,2.099856E+01,5.002636E+01,2.399381E+01,5.040905E+01
13:40:00,7.492851E+02,8.838088E+02,3.867081E-02,8.664723E-02,0.000000E+00,0.000000E+00,0.000000E+00,0.000000E+00,0.000000E+00,0.000000E+00,0.000000E+00,0.000000E+00,2.099856E+01,5.002461E+01,2.399381E+01,5.039158E+01
13:50:00,7.483267E+02,8.872160E+02,3.862135E-02,8.698122E-02,0.000000E+00,0.000000E+00,0.000000E+00,0.000000E+00,0.000000E+00,0.000000E+00,0.000000E+00,0.000000E+00,2.099856E+01,5.002288E+01,2.399382E+01,5.037414E+01
14:00:00,7.473829E+02,8.906180E+02,3.857264E-02,8.731471E-02,0.000000E+00,0.000000E+00,0.000000E+00,0.000000E+00,0.000000E+00,0.000000E+00,0.000000E+00,0.000000E+00,2.099856E+01,5.002117E+01,2.399382E+01,5.035684E+01
14:10:00,7.464525E+02,8.939842E+02,3.852462E-02,8.764468E-02,0.000000E+00,0.000000E+00,0.000000E+00,0.000000E+00,0.000000E+00,0.000000E+00,0.000000E+00,0.000000E+00,2.099856E+01,5.001949E+01,2.399383E+01,5.033974E+01
14:20:00,7.455345E+02,8.973021E+02,3.847724E-02,8.796991E-02,0.000000E+00,0.000000E+00,0.000000E+00,0.000000E+00,0.000000E+00,0.000000E+00,0.000000E+00,0.000000E+00,2.099856E+01,5.001781E+01,2.399383E+01,5.032410E+01
14:30:00,7.446280E+02,9.005612E+02,3.843045E-02,8.828938E-02,0.000000E+00,0.000000E+00,0.000000E+00,0.000000E+00,0.000000E+00,0.000000E+00,0.000000E+00,0.000000E+00,2.099856E+01,5.001616E+01,2.399384E+01,5.030919E+01
14:40:00,7.437323E+02,9.037537E+02,3.838423E-02,8.860232E-02,0.000000E+00,0.000000E+00,0.000000E+00,0.000000E+00,0.000000E+00,0.000000E+00,0.000000E+00,0.000000E+00,2.099856E+01,5.001452E+01,2.399384E+01,5.029449E+01
14:50:00,7.428467E+02,9.068744E+02,3.833852E-02,8.890821E-02,0.000000E+00,0.000000E+00,0.000000E+00,0.000000E+00,0.000000E+00,0.000000E+00,0.000000E+00,0.000000E+00,2.099856E+01,5.001289E+01,2.399385E+01,5.028000E+01
15:00:00,7.419708E+02,9.099203E+02,3.829331E-02,8.920678E-02,0.000000E+00,0.000000E+00,0.000000E+00,0.000000E+00,0.000000E+00,0.000000E+00,0.000000E+00,0.000000E+00,2.099856E+01,5.001128E+01,2.399385E+01,5.026578E+01
15:10:00,7.411039E+02,9.128825E+02,3.824858E-02,8.949714E-02,0.000000E+00,0.000000E+00,0.000000E+00,0.000000E+00,0.000000E+00,0.000000E+00,0.000000E+00,0.000000E+00,2.099856E+01,5.000968E+01,2.399386E+01,5.025183E+01
15:20:00,7.402458E+02,9.157620E+02,3.820429E-02,8.977939E-02,0.000000E+00,0.000000E+00,0.000000E+00,0.000000E+00,0.000000E+00,0.000000E+00,0.000000E+00,0.000000E+00,2.099856E+01,5.000809E+01,2.399387E+01,5.023952E+01
15:30:00,7.393960E+02,9.185611E+02,3.816043E-02,9.005377E-02,0.000000E+00,0.000000E+00,0.000000E+00,0.000000E+00,0.000000E+00,0.000000E+00,0.000000E+00,0.000000E+00,2.099856E+01,5.000651E+01,2.399387E+01,5.022795E+01
15:40:00,7.385543E+02,9.212831E+02,3.811699E-02,9.032058E-02,0.000000E+00,0.000000E+00,0.000000E+00,0.000000E+00,0.000000E+00,0.000000E+00,0.000000E+00,0.000000E+00,2.099856E+01,5.000495E+01,2.399387E+01,5.021648E+01
15:50:00,7.377203E+02,9.239319E+02,3.807394E-02,9.058021E-02,0.000000E+00,0.000000E+00,0.000000E+00,0.000000E+00,0.000000E+00,0.000000E+00,0.000000E+00,0.000000E+00,2.099856E+01,5.000339E+01,2.399388E+01,5.020510E+01
16:00:00,7.368938E+02,9.265112E+02,3.803129E-02,9.083305E-02,0.000000E+00,0.000000E+00,0.000000E+00,0.000000E+00,0.000000E+00,0.000000E+00,0.000000E+00,0.000000E+00,2.099856E+01,5.000185E+01,2.399388E+01,5.019384E+01
16:10:00,7.360745E+02,9.290577E+02,3.798900E-02,9.108266E-02,0.000000E+00,0.000000E+00,0.000000E+00,0.000000E+00,0.000000E+00,0.000000E+00,0.000000E+00,0.000000E+00,2.099856E+01,5.000032E+01,2.399389E+01,5.018272E+01
16:20:00,7.352624E+02,9.315749E+02,3.794709E-02,9.132940E-02,0.000000E+00,0.000000E+00,0.000000E+00,0.000000E+00,0.000000E+00,0.000000E+00,0.000000E+00,0.000000E+00,2.099856E+01,4.999879E+01,2.399389E+01,5.017214E+01
16:30:00,7.344571E+02,9.340656E+02,3.790553E-02,9.157354E-02,0.000000E+00,0.000000E+00,0.000000E+00,0.000000E+00,0.000000E+00,0.000000E+00,0.000000E+00,0.000000E+00,2.099856E+01,4.999728E+01,2.399389E+01,5.016182E+01
16:40:00,7.336586E+02,9.365320E+02,3.786432E-02,9.181531E-02,0.000000E+00,0.000000E+00,0.000000E+00,0.000000E+00,0.000000E+00,0.000000E+00,0.000000E+00,0.000000E+00,2.099856E+01,4.999578E+01,2.399390E+01,5.015155E+01
16:50:00,7.328668E+02,9.389754E+02,3.782345E-02,9.205483E-02,0.000000E+00,0.000000E+00,0.000000E+00,0.000000E+00,0.000000E+00,0.000000E+00,0.000000E+00,0.000000E+00,2.099856E+01,4.999428E+01,2.399390E+01,5.014133E+01
17:00:00,7.320813E+02,9.413960E+02,3.778291E-02,9.229210E-02,0.000000E+00,0.000000E+00,0.000000E+00,0.000000E+00,0.000000E+00,0.000000E+00,0.000000E+00,0.000000E+00,2.099856E+01,4.999280E+01,2.399390E+01,5.013120E+01
17:10:00,7.313023E+02,9.437930E+02,3.774271E-02,9.252706E-02,0.000000E+00,0.000000E+00,0.000000E+00,0.000000E+00,0.000000E+00,0.000000E+00,0.000000E+00,0.000000E+00,2.099856E+01,4.999132E+01,2.399391E+01,5.012115E+01
17:20:00,7.305295E+02,9.461641E+02,3.770282E-02,9.275949E-02,0.000000E+00,0.000000E+00,0.000000E+00,0.000000E+00,0.000000E+00,0.000000E+00,0.000000E+00,0.000000E+00,2.099856E+01,4.998985E+01,2.399391E+01,5.011166E+01
17:30:00,7.297628E+02,9.485063E+02,3.766325E-02,9.298907E-02,0.000000E+00,0.000000E+00,0.000000E+00,0.000000E+00,0.000000E+00,0.000000E+00,0.000000E+00,0.000000E+00,2.099856E+01,4.998840E+01,2.399391E+01,5.010246E+01
17:40:00,7.290022E+02,9.508150E+02,3.762400E-02,9.321538E-02,0.000000E+00,0.000000E+00,0.000000E+00,0.000000E+00,0.000000E+00,0.000000E+00,0.000000E+00,0.000000E+00,2.099856E+01,4.998695E+01,2.399392E+01,5.009337E+01
17:50:00,7.282475E+02,9.530847E+02,3.758505E-02,9.343787E-02,0.000000E+00,0.000000E+00,0.000000E+00,0.000000E+00,0.000000E+00,0.000000E+00,0.000000E+00,0.000000E+00,2.099856E+01,4.998551E+01,2.399392E+01,5.008445E+01
18:00:00,7.274988E+02,9.553087E+02,3.754640E-02,9.365587E-02,0.000000E+00,0.000000E+00,0.000000E+00,0.000000E+00,0.000000E+00,0.000000E+00,0.000000E+00,0.000000E+00,2.099856E+01,4.998408E+01,2.399392E+01,5.007573E+01
18:10:00,7.708808E+02,9.574545E+02,3.978536E-02,9.386621E-02,0.000000E+00,0.000000E+00,0.000000E+00,0.000000E+00,0.000000E+00,0.000000E+00,0.000000E+00,0.000000E+00,2.099856E+01,4.998265E+01,2.399393E+01,5.006726E+01
18:20:00,8.142692E+02,9.595132E+02,4.202451E-02,9.406800E-02,0.000000E+00,0.000000E+00,0.000000E+00,0.000000E+00,0.000000E+00,0.000000E+00,0.000000E+00,0.000000E+00,2.099824E+01,4.843304E+01,2.399393E+01,5.006020E+01
18:30:00,8.576669E+02,9.614749E+02,4.426346E-02,9.426029E-02,0.000000E+00,0.000000E+00,0.000000E+00,0.000000E+00,0.000000E+00,0.000000E+00,0.000000E+00,0.000000E+00,2.099675E+01,4.774089E+01,2.399394E+01,5.005386E+01
18:40:00,9.010741E+02,9.633286E+02,4.650252E-02,9.444199E-02,0.000000E+00,0.000000E+00,0.000000E+00,0.000000E+00,0.000000E+00,0.000000E+00,0.000000E+00,0.000000E+00,2.099586E+01,4.777750E+01,2.399394E+01,5.004785E+01
18:50:00,9.444938E+02,9.650624E+02,4.874216E-02,9.461193E-02,0.000000E+00,0.000000E+00,0.000000E+00,0.000000E+00,0.000000E+00,0.000000E+00,0.000000E+00,0.000000E+00,2.099574E+01,4.787066E+01,2.399394E+01,5.004222E+01
19:00:00,9.879260E+02,9.666633E+02,5.098248E-02,9.476885E-02,0.000000E+00,0.000000E+00,0.000000E+00,0.000000E+00,0.000000E+00,0.000000E+00,0.000000E+00,0.000000E+00,2.099581E+01,4.786850E+01,2.399394E+01,5.003707E+01
19:10:00,9.872441E+02,9.681920E+02,5.094607E-02,9.491870E-02,0.000000E+00,0.000000E+00,0.000000E+00,0.000000E+00,0.000000E+00,0.000000E+00,0.000000E+00,0.000000E+00,2.099582E+01,4.784721E+01,2.399395E+01,5.003248E+01
19:20:00,9.865710E+02,9.696341E+02,5.091024E-02,9.506004E-02,0.000000E+00,0.000000E+00,0.000000E+00,0.000000E+00,0.000000E+00,0.000000E+00,0.000000E+00,0.000000E+00,2.099580E+01,4.784154E+01,2.399395E+01,5.002760E+01
19:30:00,9.859030E+02,9.709743E+02,5.087534E-02,9.519141E-02,0.000000E+00,0.000000E+00,0.000000E+00,0.000000E+00,0.000000E+00,0.000000E+00,0.000000E+00,0.000000E+00,2.099580E+01,4.784241E+01,2.399395E+01,5.002306E+01
19:40:00,9.852392E+02,9.721973E+02,5.084106E-02,9.531129E-02,0.000000E+00,0.000000E+00,0.000000E+00,0.000000E+00,0.000000E+00,0.000000E+00,0.000000E+00,0.000000E+00,2.099580E+01,4.784177E+01,2.399395E+01,5.001931E+01
19:50:00,9.845760E+02,9.732874E+02,5.080686E-02,9.541813E-02,0.000000E+00,0.000000E+00,0.000000E+00,0.000000E+00,0.000000E+00,0.000000E+00,0.000000E+00,0.000000E+00,2.099580E+01,4.783975E+01,2.399396E+01,5.001639E+01
20:00:00,9.839128E+02,9.742289E+02,5.077264E-02,9.551041E-02,0.000000E+00,0.000000E+00,0.000000E+00,0.000000E+00,0.000000E+00,0.000000E+00,0.000000E+00,0.000000E+00,2.099580E+01,4.783778E+01,2.399396E+01,5.001432E+01
20:10:00,9.832511E+02,9.749872E+02,5.073848E-02,9.558474E-02,0.000000E+00,0.000000E+00,0.000000E+00,0.000000E+00,0.000000E+00,0.000000E+00,0.000000E+00,0.000000E+00,2.099580E+01,4.783608E+01,2.399396E+01,5.001316E+01
20:20:00,9.825917E+02,9.755497E+02,5.070445E-02,9.563986E-02,0.000000E+00,0.000000E+00,0.000000E+00,0.000000E+00,0.000000E+00,0.000000E+00,0.000000E+00,0.000000E+00,2.099580E+01,4.783442E+01,2.399396E+01,5.001258E+01
20:30:00,9.819352E+02,9.759061E+02,5.067057E-02,9.567477E-02,0.000000E+00,0.000000E+00,0.000000E+00,0.000000E+00,0.000000E+00,0.000000E+00,0.000000E+00,0.000000E+00,2.099580E+01,4.783273E+01,2.399396E+01,5.001285E+01
20:40:00,9.812818E+02,9.760475E+02,5.063686E-02,9.568862E-02,0.000000E+00,0.000000E+00,0.000000E+00,0.000000E+00,0.000000E+00,0.000000E+00,0.000000E+00,0.000000E+00,2.099580E+01,4.783103E+01,2.399396E+01,5.001413E+01
20:50:00,9.806319E+02,9.759678E+02,5.060332E-02,9.568079E-02,0.000000E+00,0.000000E+00,0.000000E+00,0.000000E+00,0.000000E+00,0.000000E+00,0.000000E+00,0.000000E+00,2.099580E+01,4.782934E+01,2.399397E+01,5.001643E+01
21:00:00,9.799857E+02,9.756637E+02,5.056997E-02,9.565096E-02,0.000000E+00,0.000000E+00,0.000000E+00,0.000000E+00,0.000000E+00,0.000000E+00,0.000000E+00,0.000000E+00,2.099580E+01,4.782767E+01,2.399397E+01,5.001976E+01
21:10:00,9.793433E+02,9.751212E+02,5.053683E-02,9.559776E-02,0.000000E+00,0.000000E+00,0.000000E+00,0.000000E+00,0.000000E+00,0.000000E+00,0.000000E+00,0.000000E+00,2.099580E+01,4.782601E+01,2.399397E+01,5.002410E+01
21:20:00,9.787050E+02,9.743415E+02,5.050389E-02,9.552132E-02,0.000000E+00,0.000000E+00,0.000000E+00,0.000000E+00,0.000000E+00,0.000000E+00,0.000000E+00,0.000000E+00,2.099580E+01,4.782435E+01,2.399397E+01,5.002944E+01
21:30:00,9.780708E+02,9.733281E+02,5.047116E-02,9.542195E-02,0.000000E+00,0.000000E+00,0.000000E+00,0.000000E+00,0.000000E+00,0.000000E+00,0.000000E+00,0.000000E+00,2.099580E+01,4.782271E+01,2.399397E+01,5.003575E+01
21:40:00,9.774407E+02,9.720870E+02,5.043865E-02,9.530028E-02,0.000000E+00,0.000000E+00,0.000000E+00,0.000000E+00,0.000000E+00,0.000000E+00,0.000000E+00,0.000000E+00,2.099580E+01,4.782107E+01,2.399397E+01,5.004301E+01
21:50:00,9.768150E+02,9.706268E+02,5.040636E-02,9.515712E-02,0.000000E+00,0.000000E+00,0.000000E+00,0.000000E+00,0.000000E+00,0.000000E+00,0.000000E+00,0.000000E+00,2.099580E+01,4.781945E+01,2.399397E+01,5.005117E+01
22:00:00,9.761935E+02,9.689573E+02,5.037429E-02,9.499345E-02,0.000000E+00,0.000000E+00,0.000000E+00,0.000000E+00,0.000000E+00,0.000000E+00,0.000000E+00,0.000000E+00,2.099580E+01,4.781783E+01,2.399397E+01,5.006019E+01
22:10:00,8.132354E+02,8.669269E+02,4.196520E-02,8.378095E-02,0.000000E+00,0.000000E+00,0.000000E+00,0.000000E+00,0.000000E+00,0.000000E+00,0.000000E+00,0.000000E+00,1.738626E+01,5.581989E+01,2.631805E+01,5.405049E+01
22:20:00,6.503819E+02,7.740381E+02,3.356151E-02,7.323445E-02,0.000000E+00,0.000000E+00,0.000000E+00,0.000000E+00,0.000000E+00,0.000000E+00,0.000000E+00,0.000000E+00,1.623279E+01,5.767662E+01,2.669376E+01,5.844480E+01
22:30:00,4.876323E+02,6.783110E+02,2.516318E-02,6.247910E-02,0.000000E+00,0.000000E+00,0.000000E+00,0.000000E+00,0.000000E+00,0.000000E+00,0.000000E+00,0.000000E+00,1.591051E+01,5.648976E+01,2.668192E+01,5.968275E+01
22:40:00,3.279106E+02,5.893956E+02,1.688861E-02,5.225624E-02,0.000000E+00,0.000000E+00,0.000000E+00,0.000000E+00,0.000000E+00,0.000000E+00,0.000000E+00,0.000000E+00,1.578305E+01,5.683969E+01,2.668187E+01,5.952120E+01
22:50:00,1.750670E+02,5.044513E+02,8.890768E-03,4.234737E-02,0.000000E+00,0.000000E+00,0.000000E+00,0.000000E+00,0.000000E+00,0.000000E+00,0.000000E+00,0.000000E+00,1.560039E+01,5.673385E+01,2.668110E+01,5.805369E+01
23:00:00,2.701145E+01,4.227604E+02,1.086500E-03,3.269703E-02,0.000000E+00,0.000000E+00,0.000000E+00,0.000000E+00,0.000000E+00,0.000000E+00,0.000000E+00,0.000000E+00,1.559909E+01,5.704226E+01,2.668180E+01,5.723358E+01
23:10:00,4.555237E+01,4.439378E+02,1.831642E-03,3.429292E-02,0.000000E+00,0.000000E+00,0.000000E+00,0.000000E+00,0.000000E+00,0.000000E+00,0.000000E+00,0.000000E+00,1.559858E+01,5.776409E+01,2.668230E+01,5.689998E+01
23:20:00,6.715634E+01,4.580434E+02,2.699870E-03,3.538740E-02,0.000000E+00,0.000000E+00,0.000000E+00,0.000000E+00,0.000000E+00,0.000000E+00,0.000000E+00,0.000000E+00,1.559816E+01,5.841348E+01,2.668244E+01,5.663793E+01
23:30:00,9.101383E+01,4.766951E+02,3.658649E-03,3.682808E-02,0.000000E+00,0.000000E+00,0.000000E+00,0.000000E+00,0.000000E+00,0.000000E+00,0.000000E+00,0.000000E+00,1.559781E+01,5.885096E+01,2.668253E+01,5.637395E+01
23:40:00,1.137366E+02,4.899351E+02,4.570913E-03,3.785057E-02,0.000000E+00,0.000000E+00,0.000000E+00,0.000000E+00,0.000000E+00,0.000000E+00,0.000000E+00,0.000000E+00,1.559745E+01,5.913080E+01,2.668265E+01,5.615864E+01
23:50:00,1.307644E+02,5.003617E+02,5.255153E-03,3.865528E-02,0.000000E+00,0.000000E+00,0.000000E+00,0.000000E+00,0.000000E+00,0.000000E+00,0.000000E+00,0.000000E+00,1.559722E+01,5.933303E+01,2.668277E+01,5.600554E+01
24:00:00,1.450002E+02,5.084954E+02,5.827185E-03,3.928311E-02,0.000000E+00,0.000000E+00,0.000000E+00,0.000000E+00,0.000000E+00,0.000000E+00,0.000000E+00,0.000000E+00,1.559691E+01,5.947867E+01,2.668286E+01,5.589698E+01
Peak,9.879260E+02,9.760475E+02,5.098248E-02,9.568862E-02,0.000000E+00,0.000000E+00,0.000000E+00,0.000000E+00,0.000000E+00,0.000000E+00,0.000000E+00,0.000000E+00,,,,

Peak Vol Flow (m3/s),,,4.242386E-02,7.962501E-02,,,0.000000E+00,0.000000E+00,,,,,,,,
