2.254,0.108,90,-0.12
2.455,0.245,45,-0.11
2.682,0.35,50,-0.11
2.932,0.414,55,-0.11
3.196,0.429,60,-0.11
3.456,0.394,65,-0.11
3.698,0.312,70,-0.11
3.914,0.193,75,-0.11
4.106,0.045,80,-0.11
4.279,-0.122,85,-0.11
2.251,0.108,90,-0.11
2.452,0.246,30,-0.1
2.679,0.351,35,-0.1
2.93,0.415,40,-0.1
3.194,0.431,45,-0.1
3.454,0.396,50,-0.1
3.697,0.314,55,-0.1
3.913,0.195,60,-0.1
4.106,0.048,65,-0.1
4.279,-0.12,70,-0.1
2.249,0.108,75,-0.1
2.45,0.246,80,-0.1
2.677,0.352,85,-0.1
2.928,0.417,90,-0.1
3.192,0.433,25,-0.09
3.453,0.398,30,-0.09
3.695,0.317,35,-0.09
3.913,0.198,40,-0.09
4.105,0.05,45,-0.09
4.279,-0.117,50,-0.09
2.246,0.109,55,-0.09
2.447,0.247,60,-0.09
2.674,0.353,65,-0.09
2.925,0.418,70,-0.09
3.19,0.435,75,-0.09
3.451,0.4,80,-0.09
3.695,0.319,85,-0.09
3.912,0.2,90,-0.09
4.105,0.053,20,-0.08
4.279,-0.115,25,-0.08
2.243,0.109,30,-0.08
2.445,0.248,35,-0.08
2.672,0.354,40,-0.08
2.923,0.42,45,-0.08
3.188,0.437,50,-0.08
3.45,0.402,55,-0.08
3.694,0.322,60,-0.08
3.912,0.203,65,-0.08
4.105,0.056,70,-0.08
4.279,-0.112,75,-0.08
2.241,0.11,80,-0.08
2.442,0.248,85,-0.08
2.669,0.356,90,-0.08
2.921,0.421,20,-0.07
3.186,0.439,25,-0.07
3.449,0.405,30,-0.07
3.693,0.324,35,-0.07
3.911,0.206,40,-0.07
4.105,0.058,45,-0.07
4.28,-0.109,50,-0.07
2.238,0.11,55,-0.07
2.439,0.249,60,-0.07
2.667,0.357,65,-0.07
2.918,0.423,70,-0.07
3.184,0.441,75,-0.07
3.447,0.407,80,-0.07
3.692,0.327,85,-0.07
3.911,0.208,90,-0.07
4.105,0.061,15,-0.06
4.28,-0.107,20,-0.06
2.235,0.111,25,-0.06
2.437,0.251,30,-0.06
2.664,0.359,35,-0.06
2.916,0.425,40,-0.06
3.183,0.443,45,-0.06
3.446,0.41,50,-0.06
3.692,0.33,55,-0.06
3.911,0.211,60,-0.06
4.105,0.064,65,-0.06
4.281,-0.104,70,-0.06
2.232,0.112,75,-0.06
2.434,0.252,80,-0.06
2.661,0.36,85,-0.06
2.914,0.427,90,-0.06
3.181,0.446,15,-0.05
3.445,0.413,20,-0.05
3.691,0.333,25,-0.05
3.911,0.214,30,-0.05
4.106,0.067,35,-0.05
4.281,-0.101,40,-0.05
2.229,0.113,45,-0.05
2.431,0.253,50,-0.05
2.659,0.362,55,-0.05
2.911,0.43,60,-0.05
3.179,0.448,65,-0.05
3.444,0.416,70,-0.05
3.691,0.336,75,-0.05
3.911,0.217,80,-0.05
4.106,0.07,85,-0.05
4.282,-0.098,90,-0.05
2.226,0.114,15,-0.04
2.428,0.255,20,-0.04
2.656,0.364,25,-0.04
2.909,0.432,30,-0.04
3.177,0.451,35,-0.04
3.443,0.419,40,-0.04
3.69,0.339,45,-0.04
3.911,0.221,50,-0.04
4.107,0.073,55,-0.04
4.283,-0.095,60,-0.04
2.223,0.115,65,-0.04
2.425,0.256,70,-0.04
2.653,0.366,75,-0.04
2.907,0.435,80,-0.04
3.176,0.454,85,-0.04
3.442,0.422,90,-0.04
3.69,0.342,15,-0.03
3.912,0.224,20,-0.03
4.108,0.076,25,-0.03
4.284,-0.092,30,-0.03
2.22,0.116,35,-0.03
2.422,0.258,40,-0.03
2.651,0.368,45,-0.03
2.905,0.437,50,-0.03
3.174,0.457,55,-0.03
3.441,0.425,60,-0.03
3.69,0.346,65,-0.03
3.912,0.227,70,-0.03
4.108,0.08,75,-0.03
4.285,-0.088,80,-0.03
2.217,0.118,85,-0.03
2.419,0.26,90,-0.03
2.648,0.37,10,-0.02
2.902,0.44,15,-0.02
3.172,0.46,20,-0.02
3.44,0.428,25,-0.02
3.69,0.349,30,-0.02
3.912,0.231,35,-0.02
4.109,0.083,40,-0.02
4.286,-0.085,45,-0.02
2.214,0.119,50,-0.02
2.416,0.262,55,-0.02
2.645,0.373,60,-0.02
2.9,0.443,65,-0.02
3.171,0.463,70,-0.02
3.44,0.432,75,-0.02
3.69,0.353,80,-0.02
3.913,0.234,85,-0.02
4.11,0.086,90,-0.02
4.287,-0.082,10,-0.01
2.211,0.121,15,-0.01
2.413,0.264,20,-0.01
2.642,0.375,25,-0.01
2.898,0.446,30,-0.01
3.169,0.467,35,-0.01
3.439,0.435,40,-0.01
3.69,0.356,45,-0.01
3.914,0.238,50,-0.01
4.111,0.09,55,-0.01
4.289,-0.079,60,-0.01
2.208,0.123,65,-0.01
2.41,0.266,70,-0.01
2.64,0.378,75,-0.01
2.896,0.449,80,-0.01
3.168,0.47,85,-0.01
3.438,0.439,90,-0.01
3.69,0.36,10,0
3.915,0.241,15,0
4.113,0.093,20,0
4.29,-0.075,25,0
4.457,-0.257,30,0
2.204,0.125,35,0
2.407,0.268,40,0
2.637,0.381,45,0
2.894,0.452,50,0
3.167,0.474,55,0
3.438,0.443,60,0
3.69,0.364,65,0
3.915,0.245,70,0
4.114,0.097,75,0
4.292,-0.072,80,0
4.459,-0.254,85,0
2.201,0.127,90,0
2.404,0.271,10,0.01
2.634,0.384,15,0.01
2.891,0.455,20,0.01
3.165,0.477,25,0.01
3.438,0.447,30,0.01
3.691,0.367,35,0.01
3.916,0.249,40,0.01
4.115,0.1,45,0.01
4.294,-0.068,50,0.01
4.461,-0.251,55,0.01
2.198,0.129,60,0.01
2.401,0.273,65,0.01
2.631,0.387,70,0.01
2.889,0.459,75,0.01
3.164,0.481,80,0.01
3.437,0.451,85,0.01
3.691,0.371,90,0.01
3.918,0.252,10,0.02
4.117,0.104,15,0.02
4.296,-0.065,20,0.02
4.463,-0.247,25,0.02
2.194,0.131,30,0.02
2.398,0.276,35,0.02
2.629,0.39,40,0.02
2.887,0.462,45,0.02
3.163,0.485,50,0.02
3.437,0.455,55,0.02
3.692,0.375,60,0.02
3.919,0.256,65,0.02
4.119,0.108,70,0.02
4.298,-0.061,75,0.02
4.465,-0.244,80,0.02
2.191,0.133,85,0.02
2.394,0.278,90,0.02
2.626,0.393,15,0.03
2.885,0.466,20,0.03
3.162,0.489,25,0.03
3.437,0.459,30,0.03
3.693,0.379,35,0.03
3.92,0.26,40,0.03
4.12,0.111,45,0.03
4.3,-0.058,50,0.03
4.468,-0.241,55,0.03
2.187,0.136,60,0.03
2.391,0.281,65,0.03
2.623,0.396,70,0.03
2.883,0.47,75,0.03
3.16,0.493,80,0.03
3.437,0.463,85,0.03
3.693,0.384,90,0.03
3.921,0.264,15,0.04
4.122,0.115,20,0.04
4.302,-0.054,25,0.04
4.47,-0.237,30,0.04
2.184,0.138,35,0.04
2.388,0.284,40,0.04
2.62,0.4,45,0.04
2.881,0.474,50,0.04
3.159,0.497,55,0.04
3.437,0.467,60,0.04
3.694,0.388,65,0.04
3.923,0.268,70,0.04
4.124,0.119,75,0.04
4.304,-0.051,80,0.04
4.473,-0.234,85,0.04
2.18,0.141,90,0.04
2.385,0.287,15,0.05
2.618,0.403,20,0.05
2.879,0.478,25,0.05
3.158,0.502,30,0.05
3.437,0.472,35,0.05
3.695,0.392,40,0.05
3.925,0.272,45,0.05
4.126,0.123,50,0.05
4.307,-0.047,55,0.05
4.476,-0.23,60,0.05
2.177,0.144,65,0.05
2.382,0.291,70,0.05
2.615,0.407,75,0.05
2.877,0.482,80,0.05
3.157,0.506,85,0.05
3.437,0.476,90,0.05
3.696,0.397,15,0.06
3.926,0.277,20,0.06
4.129,0.127,25,0.06
4.309,-0.043,30,0.06
4.478,-0.227,35,0.06
2.173,0.147,40,0.06
2.378,0.294,45,0.06
2.612,0.411,50,0.06
2.875,0.486,55,0.06
3.156,0.511,60,0.06
3.437,0.481,65,0.06
3.697,0.401,70,0.06
3.928,0.281,75,0.06
4.131,0.131,80,0.06
4.312,-0.039,85,0.06
4.481,-0.223,90,0.06
2.17,0.15,20,0.07
2.375,0.297,25,0.07
2.609,0.415,30,0.07
2.873,0.49,35,0.07
3.156,0.515,40,0.07
3.437,0.485,45,0.07
3.699,0.406,50,0.07
3.93,0.285,55,0.07
4.133,0.135,60,0.07
4.315,-0.036,65,0.07
4.484,-0.219,70,0.07
2.166,0.153,75,0.07
2.372,0.301,80,0.07
2.607,0.419,85,0.07
2.871,0.495,90,0.07
3.155,0.52,20,0.08
3.438,0.49,25,0.08
3.7,0.41,30,0.08
3.932,0.289,35,0.08
4.136,0.139,40,0.08
4.318,-0.032,45,0.08
4.488,-0.216,50,0.08
2.163,0.156,55,0.08
2.368,0.305,60,0.08
2.604,0.423,65,0.08
2.869,0.499,70,0.08
3.154,0.525,75,0.08
3.438,0.495,80,0.08
3.701,0.415,85,0.08
3.934,0.294,90,0.08
4.138,0.143,25,0.09
4.321,-0.028,30,0.09
4.491,-0.212,35,0.09
2.159,0.159,40,0.09
2.365,0.308,45,0.09
2.601,0.427,50,0.09
2.867,0.504,55,0.09
3.153,0.53,60,0.09
3.439,0.5,65,0.09
3.703,0.419,70,0.09
3.937,0.298,75,0.09
4.141,0.147,80,0.09
4.324,-0.024,85,0.09
4.494,-0.208,90,0.09
2.155,0.163,30,0.1
2.362,0.312,35,0.1
2.598,0.431,40,0.1
2.865,0.509,45,0.1
3.153,0.535,50,0.1
3.439,0.505,55,0.1
3.705,0.424,60,0.1
3.939,0.303,65,0.1
4.144,0.151,70,0.1
4.327,-0.02,75,0.1
4.498,-0.205,80,0.1
2.151,0.166,85,0.1
2.358,0.316,90,0.1
2.596,0.436,45,0.11
2.864,0.514,50,0.11
3.152,0.54,55,0.11
3.44,0.51,60,0.11
3.707,0.429,65,0.11
3.942,0.307,70,0.11
4.147,0.155,75,0.11
4.33,-0.016,80,0.11
4.501,-0.201,85,0.11
2.148,0.17,90,0.11
2.355,0.32,90,0.12
2.593,0.44,,
2.862,0.518,,
3.152,0.545,,
3.441,0.515,,
3.708,0.434,,
3.944,0.312,,
4.15,0.16,,
4.334,-0.013,,
4.505,-0.197,,
2.144,0.173,,
2.352,0.324,,
2.59,0.445,,
2.86,0.523,,
3.151,0.55,,
3.442,0.52,,
3.71,0.439,,
3.947,0.316,,
4.153,0.164,,
4.337,-0.009,,
4.509,-0.194,,
2.14,0.177,,
2.348,0.328,,
2.587,0.449,,
2.858,0.528,,
3.151,0.555,,
3.443,0.525,,
3.712,0.444,,
3.95,0.321,,
4.156,0.168,,
4.341,-0.005,,
4.512,-0.19,,
2.137,0.181,,
2.345,0.333,,
2.585,0.454,,
2.857,0.534,,
3.151,0.561,,
3.444,0.531,,
3.715,0.449,,
3.953,0.325,,
4.16,0.172,,
4.344,-0.001,,
4.516,-0.186,,
2.133,0.185,,
2.342,0.337,,
2.582,0.459,,
2.855,0.539,,
3.15,0.566,,
3.445,0.536,,
3.717,0.454,,
3.956,0.33,,
4.163,0.177,,
4.348,0.003,,
4.52,-0.182,,
2.129,0.189,,
2.338,0.342,,
2.579,0.464,,
2.854,0.544,,
3.15,0.572,,
3.446,0.541,,
3.719,0.459,,
3.959,0.335,,
4.167,0.181,,
4.352,0.007,,
4.525,-0.179,,
2.125,0.193,,
2.335,0.346,,
2.577,0.469,,
2.852,0.55,,
3.15,0.577,,
3.448,0.547,,
3.722,0.464,,
3.962,0.339,,
4.17,0.185,,
4.356,0.011,,
4.529,-0.175,,
1.935,0.024,,
2.121,0.197,,
2.332,0.351,,
2.574,0.474,,
2.85,0.555,,
3.15,0.583,,
3.449,0.552,,
3.724,0.469,,
3.965,0.344,,
4.174,0.19,,
4.36,0.015,,
4.533,-0.171,,
1.931,0.028,,
2.118,0.202,,
2.328,0.356,,
2.571,0.479,,
2.849,0.561,,
3.15,0.589,,
3.451,0.558,,
3.727,0.474,,
3.969,0.349,,
4.178,0.194,,
4.364,0.019,,
4.537,-0.167,,
1.927,0.032,,
2.114,0.206,,
2.325,0.361,,
2.569,0.485,,
2.847,0.566,,
3.15,0.594,,
3.452,0.564,,
3.73,0.48,,
3.972,0.354,,
4.182,0.198,,
4.368,0.023,,
4.542,-0.163,,
1.923,0.036,,
2.11,0.211,,
2.321,0.365,,
2.566,0.49,,
2.846,0.572,,
3.15,0.6,,
3.454,0.569,,
3.733,0.485,,
3.976,0.359,,
4.186,0.203,,
4.372,0.027,,
4.546,-0.16,,
1.919,0.04,,
2.106,0.215,,
2.318,0.37,,
2.563,0.496,,
2.845,0.578,,
3.151,0.606,,
3.456,0.575,,
3.736,0.49,,
3.979,0.363,,
4.19,0.207,,
4.377,0.031,,
4.551,-0.156,,
1.915,0.045,,
2.102,0.22,,
2.315,0.376,,
2.561,0.501,,
2.843,0.584,,
3.151,0.612,,
3.458,0.581,,
3.739,0.496,,
3.983,0.368,,
4.194,0.211,,
4.381,0.035,,
4.556,-0.152,,
1.91,0.049,,
2.098,0.225,,
2.311,0.381,,
2.558,0.507,,
2.842,0.59,,
3.151,0.618,,
3.46,0.587,,
3.742,0.501,,
3.987,0.373,,
4.198,0.216,,
4.386,0.04,,
4.56,-0.148,,
1.906,0.054,,
2.095,0.229,,
2.308,0.386,,
2.555,0.512,,
2.841,0.596,,
3.152,0.624,,
3.462,0.593,,
3.745,0.506,,
3.991,0.378,,
4.203,0.22,,
4.39,0.044,,
4.565,-0.144,,
1.902,0.058,,
2.091,0.234,,
2.304,0.391,,
2.553,0.518,,
2.839,0.602,,
3.152,0.63,,
3.464,0.598,,
3.749,0.512,,
3.995,0.383,,
4.207,0.225,,
4.395,0.048,,
4.57,-0.14,,
1.898,0.063,,
2.087,0.239,,
2.301,0.397,,
2.55,0.524,,
2.838,0.608,,
3.153,0.637,,
3.466,0.604,,
3.752,0.517,,
3.999,0.388,,
4.212,0.229,,
4.4,0.052,,
4.575,-0.137,,
1.894,0.067,,
2.083,0.244,,
2.297,0.402,,
2.548,0.53,,
2.837,0.614,,
3.153,0.643,,
3.469,0.61,,
3.756,0.523,,
4.004,0.393,,
4.216,0.233,,
4.405,0.056,,
4.58,-0.133,,
1.89,0.072,,
2.079,0.249,,
2.294,0.407,,
2.545,0.536,,
2.836,0.621,,
3.154,0.649,,
3.471,0.616,,
3.76,0.528,,
4.008,0.397,,
4.221,0.238,,
4.409,0.06,,
4.585,-0.129,,
1.885,0.077,,
2.075,0.254,,
2.291,0.413,,
2.542,0.542,,
2.835,0.627,,
3.155,0.656,,
3.474,0.622,,
3.763,0.534,,
4.012,0.402,,
4.226,0.242,,
4.414,0.064,,
4.59,-0.125,,
1.881,0.082,,
2.071,0.26,,
2.287,0.419,,
2.54,0.548,,
2.834,0.633,,
3.156,0.662,,
3.476,0.628,,
3.767,0.539,,
4.017,0.407,,
4.231,0.247,,
4.419,0.068,,
4.596,-0.121,,
1.877,0.087,,
2.067,0.265,,
2.284,0.424,,
2.537,0.554,,
2.833,0.64,,
3.157,0.668,,
3.479,0.635,,
3.771,0.545,,
4.022,0.412,,
4.236,0.251,,
4.424,0.072,,
4.601,-0.117,,
1.873,0.092,,
2.063,0.27,,
2.28,0.43,,
2.535,0.56,,
2.831,0.646,,
3.158,0.675,,
3.482,0.641,,
3.775,0.55,,
4.026,0.417,,
4.24,0.255,,
4.43,0.076,,
4.606,-0.113,,
1.869,0.097,,
2.06,0.276,,
2.277,0.436,,
2.532,0.566,,
2.83,0.653,,
3.159,0.681,,
3.485,0.647,,
3.779,0.556,,
4.031,0.422,,
4.246,0.26,,
4.435,0.08,,
4.611,-0.11,,
1.865,0.102,,
2.056,0.281,,
2.273,0.442,,
2.53,0.572,,
2.83,0.659,,
3.16,0.688,,
3.488,0.653,,
3.784,0.561,,
4.036,0.427,,
4.251,0.264,,
4.44,0.084,,
4.617,-0.106,,
1.86,0.107,,
2.052,0.286,,
2.27,0.447,,
2.527,0.579,,
2.829,0.666,,
3.161,0.694,,
3.491,0.659,,
3.788,0.567,,
4.041,0.432,,
4.256,0.269,,
4.445,0.088,,
4.622,-0.102,,
1.855,0.114,,
2.047,0.293,,
2.266,0.455,,
2.524,0.587,,
2.827,0.674,,
3.162,0.703,,
3.495,0.667,,
3.794,0.574,,
4.047,0.438,,
4.262,0.274,,
4.452,0.093,,
4.629,-0.097,,
1.851,0.119,,
2.043,0.299,,
2.262,0.461,,
2.522,0.593,,
2.827,0.681,,
3.164,0.709,,
3.498,0.673,,
3.798,0.579,,
4.052,0.443,,
4.268,0.278,,
4.458,0.097,,
4.635,-0.093,,
1.847,0.124,,
2.039,0.305,,
2.259,0.467,,
2.519,0.599,,
2.826,0.687,,
3.165,0.716,,
3.502,0.679,,
3.803,0.585,,
4.057,0.448,,
4.273,0.283,,
4.463,0.101,,
4.64,-0.09,,
1.843,0.13,,
2.035,0.31,,
2.255,0.473,,
2.517,0.606,,
2.825,0.694,,
3.166,0.723,,
3.505,0.686,,
3.807,0.59,,
4.063,0.453,,
4.279,0.287,,
4.469,0.105,,
4.646,-0.086,,
1.838,0.135,,
2.031,0.316,,
2.252,0.479,,
2.514,0.612,,
2.824,0.701,,
3.168,0.729,,
3.509,0.692,,
3.812,0.596,,
4.068,0.457,,
4.284,0.291,,
4.474,0.109,,
4.652,-0.082,,
1.834,0.14,,
2.027,0.322,,
2.248,0.485,,
2.512,0.619,,
2.823,0.708,,
3.169,0.736,,
3.512,0.698,,
3.817,0.601,,
4.073,0.462,,
4.29,0.296,,
4.48,0.113,,
4.658,-0.078,,
1.83,0.146,,
2.023,0.327,,
2.245,0.491,,
2.509,0.625,,
2.823,0.715,,
3.171,0.743,,
3.516,0.704,,
3.822,0.607,,
4.079,0.467,,
4.295,0.3,,
4.486,0.117,,
4.663,-0.074,,
1.826,0.151,,
2.019,0.333,,
2.241,0.497,,
2.507,0.632,,
2.822,0.722,,
3.173,0.75,,
3.52,0.711,,
3.827,0.612,,
4.084,0.472,,
4.301,0.304,,
4.491,0.121,,
4.669,-0.071,,
1.822,0.157,,
2.015,0.339,,
2.238,0.503,,
2.504,0.639,,
2.821,0.728,,
3.174,0.757,,
3.524,0.717,,
3.832,0.618,,
4.09,0.477,,
4.307,0.308,,
4.497,0.125,,
4.675,-0.067,,
1.817,0.163,,
2.011,0.345,,
2.234,0.51,,
2.501,0.645,,
2.82,0.735,,
3.176,0.763,,
3.528,0.723,,
3.837,0.623,,
4.096,0.481,,
4.312,0.313,,
4.503,0.129,,
4.681,-0.063,,
1.813,0.168,,
2.007,0.351,,
2.231,0.516,,
2.499,0.652,,
2.82,0.742,,
3.178,0.77,,
3.532,0.729,,
3.843,0.629,,
4.101,0.486,,
4.318,0.317,,
4.509,0.132,,
4.687,-0.059,,
1.809,0.174,,
2.003,0.356,,
2.227,0.522,,
2.496,0.659,,
2.819,0.749,,
3.18,0.777,,
3.536,0.736,,
3.848,0.634,,
4.107,0.491,,
4.324,0.321,,
4.514,0.136,,
4.692,-0.056,,
1.805,0.179,,
1.999,0.362,,
2.224,0.528,,
2.494,0.665,,
2.818,0.756,,
3.182,0.784,,
3.54,0.742,,
3.853,0.64,,
4.113,0.496,,
4.33,0.325,,
4.52,0.14,,
4.698,-0.052,,
1.801,0.185,,
1.995,0.368,,
2.22,0.535,,
2.491,0.672,,
2.818,0.763,,
3.184,0.791,,
3.544,0.748,,
3.859,0.645,,
4.119,0.5,,
4.336,0.33,,
4.526,0.144,,
4.704,-0.048,,
1.797,0.191,,
1.991,0.374,,
2.216,0.541,,
2.489,0.679,,
2.817,0.77,,
3.186,0.798,,
3.549,0.754,,
3.864,0.651,,
4.125,0.505,,
4.342,0.334,,
4.532,0.148,,
4.71,-0.044,,
1.792,0.196,,
1.987,0.38,,
2.213,0.547,,
2.486,0.685,,
2.817,0.777,,
3.188,0.804,,
3.553,0.761,,
3.87,0.656,,
4.131,0.51,,
4.348,0.338,,
4.538,0.152,,
4.716,-0.041,,
1.788,0.202,,
1.983,0.386,,
2.209,0.554,,
2.484,0.692,,
2.816,0.784,,
3.19,0.811,,
3.558,0.767,,
3.876,0.661,,
4.137,0.514,,
4.354,0.342,,
4.544,0.156,,
4.722,-0.037,,
1.784,0.208,,
1.979,0.392,,
2.206,0.56,,
2.481,0.699,,
2.816,0.791,,
3.192,0.818,,
3.562,0.773,,
3.882,0.667,,
4.143,0.519,,
4.36,0.346,,
4.55,0.159,,
4.728,-0.033,,
1.78,0.213,,
1.975,0.398,,
2.202,0.566,,
2.478,0.706,,
2.815,0.798,,
3.195,0.825,,
3.567,0.779,,
3.887,0.672,,
4.149,0.524,,
4.366,0.35,,
4.556,0.163,,
4.734,-0.029,,
1.776,0.219,,
1.971,0.404,,
2.198,0.572,,
2.476,0.712,,
2.814,0.805,,
3.197,0.832,,
3.571,0.785,,
3.893,0.677,,
4.155,0.528,,
4.372,0.354,,
4.562,0.167,,
4.74,-0.026,,
1.771,0.225,,
1.967,0.41,,
2.195,0.579,,
2.473,0.719,,
2.814,0.812,,
3.199,0.839,,
3.576,0.792,,
3.899,0.683,,
4.161,0.533,,
4.378,0.358,,
4.568,0.171,,
4.746,-0.022,,
1.767,0.231,,
1.963,0.416,,
2.191,0.585,,
2.47,0.726,,
2.813,0.819,,
3.202,0.846,,
3.581,0.798,,
3.905,0.688,,
4.168,0.537,,
4.384,0.362,,
4.574,0.174,,
4.752,-0.018,,
1.763,0.236,,
1.959,0.422,,
2.187,0.591,,
2.468,0.732,,
2.813,0.826,,
3.204,0.852,,
3.586,0.804,,
3.911,0.693,,
4.174,0.542,,
4.391,0.366,,
4.58,0.178,,
4.758,-0.015,,
1.759,0.242,,
1.955,0.428,,
2.183,0.598,,
2.465,0.739,,
2.812,0.833,,
3.207,0.859,,
3.591,0.81,,
3.917,0.698,,
4.18,0.546,,
4.397,0.37,,
4.586,0.182,,
4.764,-0.011,,
1.755,0.248,,
1.95,0.433,,
2.18,0.604,,
2.462,0.746,,
2.812,0.84,,
3.209,0.866,,
3.596,0.816,,
3.923,0.704,,
4.186,0.551,,
4.403,0.374,,
4.592,0.186,,
4.77,-0.007,,
1.75,0.253,,
1.946,0.439,,
2.176,0.61,,
2.46,0.753,,
2.811,0.847,,
3.212,0.873,,
3.601,0.822,,
3.93,0.709,,
4.193,0.555,,
4.409,0.378,,
4.598,0.189,,
4.776,-0.004,,
1.746,0.259,,
1.942,0.445,,
2.172,0.616,,
2.457,0.759,,
2.811,0.854,,
3.214,0.879,,
3.606,0.828,,
3.936,0.714,,
4.199,0.559,,
4.415,0.382,,
4.604,0.193,,
4.782,0,,
1.742,0.265,,
1.938,0.451,,
2.168,0.623,,
2.454,0.766,,
2.81,0.861,,
3.217,0.886,,
3.611,0.834,,
3.942,0.719,,
4.206,0.564,,
4.422,0.386,,
4.61,0.197,,
4.788,0.004,,
1.738,0.27,,
1.934,0.457,,
2.164,0.629,,
2.451,0.772,,
2.81,0.868,,
3.22,0.893,,
3.617,0.84,,
3.948,0.724,,
4.212,0.568,,
4.428,0.39,,
4.616,0.2,,
4.793,0.007,,
1.733,0.276,,
1.93,0.463,,
2.161,0.635,,
2.448,0.779,,
2.809,0.875,,
3.223,0.9,,
3.622,0.846,,
3.955,0.729,,
4.218,0.572,,
4.434,0.394,,
4.622,0.204,,
4.799,0.011,,
1.729,0.281,,
1.925,0.468,,
2.157,0.641,,
2.445,0.786,,
2.808,0.882,,
3.225,0.906,,
3.627,0.852,,
3.961,0.734,,
4.225,0.577,,
4.44,0.397,,
4.628,0.207,,
4.805,0.014,,
1.725,0.287,,
1.921,0.474,,
2.153,0.647,,
2.442,0.792,,
2.808,0.889,,
3.228,0.913,,
3.633,0.858,,
3.967,0.739,,
4.231,0.581,,
4.446,0.401,,
4.634,0.211,,
4.811,0.018,,
1.721,0.292,,
1.917,0.48,,
2.149,0.653,,
2.439,0.799,,
2.807,0.895,,
3.231,0.919,,
3.638,0.863,,
3.974,0.744,,
4.238,0.585,,
4.453,0.405,,
4.64,0.214,,
4.817,0.021,,
1.717,0.298,,
1.913,0.486,,
2.145,0.659,,
2.436,0.805,,
2.807,0.902,,
3.234,0.926,,
3.644,0.869,,
3.98,0.749,,
4.244,0.589,,
4.459,0.409,,
4.646,0.218,,
4.823,0.025,,
1.712,0.303,,
1.908,0.491,,
2.141,0.665,,
2.433,0.812,,
2.806,0.909,,
3.237,0.933,,
3.649,0.875,,
3.987,0.754,,
4.251,0.593,,
4.465,0.412,,
4.652,0.222,,
4.828,0.029,,
1.708,0.309,,
1.904,0.497,,
2.137,0.671,,
2.43,0.818,,
2.805,0.916,,
3.24,0.939,,
3.655,0.881,,
3.993,0.758,,
4.257,0.598,,
4.471,0.416,,
4.658,0.225,,
4.834,0.032,,
1.704,0.314,,
1.9,0.502,,
2.133,0.677,,
2.427,0.824,,
2.804,0.922,,
3.242,0.946,,
3.661,0.886,,
4,0.763,,
4.264,0.602,,
4.477,0.42,,
4.664,0.229,,
4.84,0.036,,
1.7,0.319,,
1.896,0.508,,
2.129,0.683,,
2.424,0.831,,
2.804,0.929,,
3.245,0.952,,
3.666,0.892,,
4.006,0.768,,
4.27,0.606,,
4.483,0.423,,
4.669,0.232,,
4.846,0.039,,
1.695,0.325,,
1.891,0.513,,
2.124,0.689,,
2.421,0.837,,
2.803,0.936,,
3.248,0.958,,
3.672,0.898,,
4.013,0.773,,
4.276,0.61,,
4.489,0.427,,
4.675,0.236,,
4.851,0.043,,
1.691,0.33,,
1.887,0.519,,
2.12,0.695,,
2.418,0.843,,
2.802,0.942,,
3.251,0.965,,
3.678,0.903,,
4.019,0.777,,
4.283,0.614,,
4.495,0.431,,
4.681,0.239,,
4.857,0.046,,
1.687,0.335,,
1.883,0.524,,
2.116,0.7,,
2.414,0.849,,
2.801,0.949,,
3.254,0.971,,
3.683,0.909,,
4.026,0.782,,
4.289,0.618,,
4.502,0.434,,
4.687,0.242,,
4.862,0.05,,
1.683,0.34,,
1.878,0.529,,
2.112,0.706,,
2.411,0.856,,
2.801,0.955,,
3.257,0.977,,
3.689,0.914,,
4.033,0.786,,
4.296,0.621,,
4.508,0.438,,
4.693,0.246,,
4.868,0.053,,
1.679,0.345,,
1.874,0.535,,
2.108,0.712,,
2.408,0.862,,
2.8,0.962,,
3.26,0.984,,
3.695,0.92,,
4.039,0.791,,
4.302,0.625,,
4.514,0.441,,
4.698,0.249,,
4.873,0.057,,
1.674,0.35,,
1.87,0.54,,
2.103,0.717,,
2.404,0.868,,
2.799,0.968,,
3.263,0.99,,
3.701,0.925,,
4.046,0.795,,
4.308,0.629,,
4.519,0.445,,
4.704,0.253,,
4.879,0.06,,
1.67,0.355,,
1.865,0.545,,
2.099,0.723,,
2.401,0.874,,
2.798,0.974,,
3.266,0.996,,
3.706,0.93,,
4.052,0.8,,
4.315,0.633,,
4.525,0.448,,
4.709,0.256,,
4.884,0.064,,
1.666,0.36,,
1.861,0.55,,
2.095,0.728,,
2.397,0.88,,
2.797,0.981,,
3.269,1.002,,
3.712,0.936,,
4.059,0.804,,
4.321,0.637,,
4.531,0.452,,
4.715,0.259,,
4.889,0.067,,
1.662,0.365,,
1.856,0.555,,
2.09,0.733,,
2.394,0.885,,
2.796,0.987,,
3.272,1.008,,
3.718,0.941,,
4.065,0.809,,
4.327,0.641,,
4.537,0.455,,
4.72,0.263,,
4.895,0.07,,
1.657,0.37,,
1.852,0.56,,
2.086,0.739,,
2.39,0.891,,
2.795,0.993,,
3.275,1.014,,
3.724,0.946,,
4.072,0.813,,
4.333,0.644,,
4.543,0.458,,
4.726,0.266,,
4.9,0.074,,
1.653,0.375,,
1.848,0.565,,
2.081,0.744,,
2.386,0.897,,
2.793,0.999,,
3.278,1.02,,
3.73,0.951,,
4.078,0.817,,
4.34,0.648,,
4.549,0.462,,
4.731,0.269,,
4.905,0.077,,
1.649,0.38,,
1.843,0.57,,
2.077,0.749,,
2.382,0.902,,
2.792,1.005,,
3.281,1.026,,
3.736,0.956,,
4.085,0.821,,
4.346,0.652,,
4.554,0.465,,
4.737,0.272,,
4.91,0.081,,
1.645,0.384,,
1.839,0.575,,
2.072,0.754,,
2.379,0.908,,
2.791,1.011,,
3.284,1.032,,
3.741,0.961,,
4.091,0.826,,
4.352,0.655,,
4.56,0.468,,
4.742,0.276,,
4.915,0.084,,
1.465,0.195,,
1.641,0.389,,
1.834,0.579,,
2.068,0.759,,
2.375,0.914,,
2.79,1.017,,
3.287,1.038,,
3.747,0.966,,
4.097,0.83,,
4.358,0.659,,
4.566,0.472,,
4.747,0.279,,
4.92,0.087,,
1.461,0.2,,
1.636,0.393,,
1.83,0.584,,
2.063,0.764,,
2.371,0.919,,
2.788,1.023,,
3.29,1.044,,
3.753,0.971,,
4.104,0.834,,
4.364,0.662,,
4.571,0.475,,
4.752,0.282,,
4.925,0.091,,
1.457,0.204,,
1.632,0.398,,
1.825,0.589,,
2.059,0.769,,
2.367,0.924,,
2.787,1.029,,
3.293,1.049,,
3.759,0.976,,
4.11,0.838,,
4.37,0.666,,
4.577,0.478,,
4.757,0.285,,
4.93,0.094,,
1.453,0.209,,
1.628,0.402,,
1.821,0.593,,
2.054,0.774,,
2.363,0.93,,
2.785,1.035,,
3.296,1.055,,
3.765,0.981,,
4.116,0.842,,
4.376,0.669,,
4.582,0.481,,
4.762,0.288,,
4.934,0.097,,
1.449,0.213,,
1.624,0.406,,
1.816,0.597,,
2.05,0.778,,
2.359,0.935,,
2.784,1.04,,
3.299,1.06,,
3.77,0.986,,
4.123,0.846,,
4.382,0.673,,
4.587,0.485,,
4.767,0.292,,
4.939,0.101,,
1.445,0.217,,
1.62,0.41,,
1.812,0.602,,
2.045,0.783,,
2.355,0.94,,
2.782,1.046,,
3.301,1.066,,
3.776,0.99,,
4.129,0.85,,
4.387,0.676,,
4.593,0.488,,
4.772,0.295,,
4.944,0.104,,
1.441,0.221,,
1.616,0.415,,
1.808,0.606,,
2.04,0.788,,
2.351,0.945,,
2.78,1.052,,
3.304,1.071,,
3.782,0.995,,
4.135,0.854,,
4.393,0.679,,
4.598,0.491,,
4.777,0.298,,
4.948,0.107,,
1.438,0.225,,
1.611,0.419,,
1.803,0.61,,
2.036,0.792,,
2.346,0.95,,
2.778,1.057,,
3.307,1.077,,
3.787,1,,
4.141,0.857,,
4.399,0.683,,
4.603,0.494,,
4.782,0.301,,
4.953,0.11,,
1.434,0.229,,
1.607,0.423,,
1.799,0.614,,
2.031,0.796,,
2.342,0.955,,
2.777,1.062,,
3.31,1.082,,
3.793,1.004,,
4.147,0.861,,
4.404,0.686,,
4.608,0.497,,
4.787,0.304,,
4.957,0.113,,
1.43,0.233,,
1.603,0.426,,
1.794,0.618,,
2.026,0.801,,
2.338,0.96,,
2.775,1.068,,
3.312,1.087,,
3.798,1.009,,
4.153,0.865,,
4.41,0.689,,
4.613,0.5,,
4.791,0.307,,
4.962,0.117,,
1.426,0.237,,
1.599,0.43,,
1.79,0.622,,
2.022,0.805,,
2.334,0.964,,
2.773,1.073,,
3.315,1.092,,
3.804,1.013,,
4.159,0.869,,
4.415,0.693,,
4.618,0.503,,
4.796,0.31,,
4.966,0.12,,
1.422,0.241,,
1.595,0.434,,
1.785,0.626,,
2.017,0.809,,
2.329,0.969,,
2.771,1.078,,
3.317,1.097,,
3.809,1.017,,
4.165,0.872,,
4.421,0.696,,
4.623,0.506,,
4.8,0.313,,
4.97,0.123,,
1.419,0.245,,
1.591,0.438,,
1.781,0.63,,
2.012,0.813,,
2.325,0.973,,
2.768,1.083,,
3.32,1.102,,
3.815,1.022,,
4.17,0.876,,
4.426,0.699,,
4.628,0.509,,
4.805,0.316,,
4.974,0.126,,
1.415,0.248,,
1.587,0.441,,
1.777,0.633,,
2.008,0.817,,
2.32,0.978,,
2.766,1.088,,
3.322,1.107,,
3.82,1.026,,
4.176,0.879,,
4.431,0.702,,
4.632,0.512,,
4.809,0.319,,
4.978,0.129,,
1.411,0.252,,
1.583,0.445,,
1.772,0.637,,
2.003,0.821,,
2.316,0.982,,
2.764,1.093,,
3.325,1.112,,
3.825,1.03,,
4.182,0.883,,
4.436,0.705,,
4.637,0.515,,
4.813,0.322,,
4.982,0.132,,
1.408,0.255,,
1.579,0.448,,
1.768,0.64,,
1.998,0.824,,
2.311,0.986,,
2.762,1.098,,
3.327,1.117,,
3.831,1.034,,
4.187,0.886,,
4.441,0.708,,
4.642,0.518,,
4.817,0.325,,
4.986,0.135,,
1.404,0.259,,
1.575,0.451,,
1.763,0.644,,
1.993,0.828,,
2.307,0.99,,
2.759,1.102,,
3.329,1.122,,
3.836,1.038,,
4.193,0.89,,
4.446,0.711,,
4.646,0.521,,
4.821,0.328,,
4.99,0.138,,
1.4,0.262,,
1.571,0.454,,
1.759,0.647,,
1.989,0.832,,
2.302,0.994,,
2.756,1.107,,
3.331,1.126,,
3.841,1.042,,
4.198,0.893,,
4.451,0.714,,
4.65,0.524,,
4.825,0.331,,
4.993,0.141,,
1.397,0.265,,
1.567,0.458,,
1.755,0.65,,
1.984,0.835,,
2.297,0.998,,
2.754,1.111,,
3.333,1.131,,
3.846,1.046,,
4.203,0.896,,
4.456,0.717,,
4.655,0.526,,
4.829,0.333,,
4.997,0.144,,
1.393,0.268,,
1.563,0.461,,
1.751,0.653,,
1.979,0.838,,
2.293,1.002,,
2.751,1.116,,
3.335,1.135,,
3.85,1.05,,
4.208,0.9,,
4.46,0.72,,
4.659,0.529,,
4.833,0.336,,
5,0.147,,
1.39,0.271,,
1.56,0.464,,
1.746,0.656,,
1.975,0.842,,
2.288,1.006,,
2.748,1.12,,
3.337,1.14,,
3.855,1.054,,
4.213,0.903,,
4.465,0.723,,
4.663,0.532,,
4.837,0.339,,
5.004,0.15,,
1.387,0.274,,
1.556,0.466,,
1.742,0.659,,
1.97,0.845,,
2.283,1.009,,
2.746,1.124,,
3.339,1.144,,
3.86,1.058,,
4.218,0.906,,
4.47,0.726,,
4.667,0.534,,
4.84,0.342,,
5.007,0.153,,
1.383,0.277,,
1.552,0.469,,
1.738,0.662,,
1.965,0.848,,
2.278,1.013,,
2.743,1.128,,
3.34,1.148,,
3.864,1.061,,
4.223,0.909,,
4.474,0.728,,
4.671,0.537,,
4.844,0.344,,
5.01,0.156,,
1.38,0.28,,
1.548,0.472,,
1.734,0.665,,
1.961,0.851,,
2.274,1.016,,
2.74,1.132,,
3.342,1.153,,
3.869,1.065,,
4.228,0.912,,
4.478,0.731,,
4.675,0.54,,
4.847,0.347,,
5.014,0.158,,
1.376,0.282,,
1.545,0.474,,
1.73,0.667,,
1.956,0.853,,
2.269,1.02,,
2.736,1.136,,
3.344,1.157,,
3.873,1.068,,
4.232,0.915,,
4.482,0.734,,
4.678,0.542,,
4.851,0.35,,
5.017,0.161,,
1.373,0.285,,
1.541,0.477,,
1.726,0.67,,
1.952,0.856,,
2.264,1.023,,
2.733,1.14,,
3.345,1.161,,
3.877,1.072,,
4.237,0.918,,
4.486,0.736,,
4.682,0.545,,
4.854,0.352,,
5.02,0.164,,
1.37,0.287,,
1.538,0.479,,
1.722,0.672,,
1.947,0.859,,
2.259,1.026,,
2.73,1.144,,
3.346,1.165,,
3.882,1.075,,
4.241,0.921,,
4.49,0.739,,
4.685,0.547,,
4.857,0.355,,
5.022,0.167,,
1.367,0.29,,
1.534,0.481,,
1.718,0.674,,
1.943,0.861,,
2.255,1.029,,
2.727,1.147,,
3.347,1.168,,
3.886,1.079,,
4.245,0.924,,
4.494,0.742,,
4.689,0.55,,
4.86,0.357,,
5.025,0.169,,
1.364,0.292,,
1.531,0.484,,
1.714,0.677,,
1.938,0.864,,
2.25,1.032,,
2.723,1.151,,
3.348,1.172,,
3.889,1.082,,
4.249,0.926,,
4.498,0.744,,
4.692,0.552,,
4.863,0.36,,
5.028,0.172,,
1.361,0.294,,
1.527,0.486,,
1.71,0.679,,
1.934,0.866,,
2.245,1.034,,
2.72,1.154,,
3.349,1.176,,
3.893,1.085,,
4.253,0.929,,
4.501,0.747,,
4.695,0.555,,
4.866,0.362,,
5.03,0.174,,
1.357,0.296,,
1.524,0.488,,
1.706,0.681,,
1.93,0.868,,
2.241,1.037,,
2.717,1.158,,
3.35,1.179,,
3.897,1.088,,
4.257,0.932,,
4.505,0.749,,
4.698,0.557,,
4.869,0.365,,
5.033,0.177,,
1.354,0.298,,
1.521,0.49,,
1.703,0.683,,
1.925,0.87,,
2.236,1.039,,
2.713,1.161,,
3.351,1.183,,
3.9,1.091,,
4.261,0.935,,
4.508,0.752,,
4.701,0.56,,
4.871,0.367,,
5.035,0.18,,
1.352,0.3,,
1.517,0.491,,
1.699,0.684,,
1.921,0.872,,
2.231,1.042,,
2.709,1.164,,
3.351,1.186,,
3.903,1.094,,
4.264,0.937,,
4.511,0.754,,
4.704,0.562,,
4.874,0.369,,
5.038,0.182,,
1.349,0.302,,
1.514,0.493,,
1.696,0.686,,
1.917,0.874,,
2.227,1.044,,
2.706,1.167,,
3.352,1.189,,
3.907,1.097,,
4.268,0.94,,
4.514,0.756,,
4.707,0.564,,
4.876,0.372,,
5.04,0.184,,
1.346,0.303,,
1.511,0.495,,
1.692,0.688,,
1.913,0.876,,
2.222,1.046,,
2.702,1.169,,
3.352,1.192,,
3.91,1.1,,
4.271,0.942,,
4.517,0.759,,
4.709,0.566,,
4.878,0.374,,
5.042,0.187,,
1.343,0.305,,
1.508,0.496,,
1.689,0.689,,
1.909,0.878,,
2.218,1.048,,
2.699,1.172,,
3.352,1.195,,
3.912,1.103,,
4.274,0.945,,
4.52,0.761,,
4.712,0.569,,
4.881,0.376,,
5.044,0.189,,
5.213,0.012,,
1.34,0.306,,
1.505,0.498,,
1.685,0.691,,
1.905,0.879,,
2.213,1.05,,
2.695,1.175,,
3.352,1.198,,
3.915,1.105,,
4.277,0.947,,
4.523,0.763,,
4.714,0.571,,
4.883,0.378,,
5.046,0.191,,
5.215,0.015,,
1.338,0.308,,
1.502,0.499,,
1.682,0.692,,
1.901,0.881,,
2.209,1.052,,
2.691,1.177,,
3.352,1.201,,
3.918,1.108,,
4.28,0.949,,
4.525,0.765,,
4.717,0.573,,
4.885,0.38,,
5.047,0.194,,
5.216,0.017,,
1.335,0.309,,
1.499,0.5,,
1.679,0.693,,
1.898,0.882,,
2.205,1.054,,
2.687,1.18,,
3.352,1.204,,
3.92,1.11,,
4.283,0.951,,
4.528,0.767,,
4.719,0.575,,
4.887,0.383,,
5.049,0.196,,
5.218,0.019,,
1.333,0.31,,
1.497,0.501,,
1.676,0.695,,
1.894,0.883,,
2.2,1.056,,
2.684,1.182,,
3.352,1.207,,
3.922,1.113,,
4.285,0.954,,
4.53,0.769,,
4.721,0.577,,
4.888,0.385,,
5.051,0.198,,
5.219,0.022,,
1.33,0.312,,
1.494,0.502,,
1.673,0.696,,
1.89,0.885,,
2.196,1.057,,
2.68,1.184,,
3.351,1.209,,
3.924,1.115,,
4.288,0.956,,
4.532,0.771,,
4.723,0.579,,
4.89,0.387,,
5.052,0.2,,
5.22,0.024,,
1.328,0.313,,
1.491,0.503,,
1.67,0.697,,
1.887,0.886,,
2.192,1.059,,
2.676,1.186,,
3.35,1.212,,
3.926,1.118,,
4.29,0.958,,
4.534,0.773,,
4.724,0.581,,
4.892,0.389,,
5.054,0.202,,
5.221,0.026,,
1.326,0.314,,
1.489,0.504,,
1.667,0.697,,
1.883,0.887,,
2.188,1.06,,
2.672,1.188,,
3.35,1.214,,
3.928,1.12,,
4.292,0.96,,
4.536,0.775,,
4.726,0.583,,
4.893,0.39,,
5.055,0.204,,
5.223,0.028,,
1.324,0.314,,
1.487,0.505,,
1.664,0.698,,
1.88,0.888,,
2.184,1.061,,
2.669,1.189,,
3.349,1.216,,
3.929,1.122,,
4.294,0.962,,
4.538,0.777,,
4.728,0.584,,
4.894,0.392,,
5.056,0.206,,
5.223,0.03,,
1.321,0.315,,
1.484,0.506,,
1.661,0.699,,
1.877,0.888,,
2.18,1.062,,
2.665,1.191,,
3.348,1.218,,
3.931,1.124,,
4.296,0.964,,
4.54,0.779,,
4.729,0.586,,
4.896,0.394,,
5.057,0.208,,
5.224,0.032,,
1.319,0.316,,
1.482,0.506,,
1.659,0.699,,
1.874,0.889,,
2.177,1.063,,
2.661,1.193,,
3.347,1.22,,
3.932,1.126,,
4.297,0.965,,
4.541,0.78,,
4.73,0.588,,
4.897,0.396,,
5.058,0.209,,
5.225,0.034,,
1.317,0.316,,
1.48,0.507,,
1.656,0.7,,
1.871,0.89,,
2.173,1.064,,
2.657,1.194,,
3.345,1.222,,
3.933,1.128,,
4.299,0.967,,
4.542,0.782,,
4.731,0.59,,
4.898,0.397,,
5.059,0.211,,
5.226,0.035,,
1.316,0.317,,
1.478,0.507,,
1.654,0.7,,
1.868,0.89,,
2.17,1.065,,
2.654,1.195,,
3.344,1.224,,
3.933,1.13,,
4.3,0.969,,
4.544,0.784,,
4.733,0.591,,
4.899,0.399,,
5.06,0.213,,
5.226,0.037,,
1.314,0.317,,
1.476,0.508,,
1.652,0.701,,
1.866,0.891,,
2.166,1.065,,
2.65,1.196,,
3.343,1.225,,
3.934,1.131,,
4.301,0.97,,
4.545,0.785,,
4.733,0.593,,
4.9,0.401,,
5.06,0.214,,
5.227,0.039,,
1.312,0.318,,
1.474,0.508,,
1.65,0.701,,
1.863,0.891,,
2.163,1.066,,
2.647,1.197,,
3.341,1.227,,
3.934,1.133,,
4.302,0.972,,
4.546,0.787,,
4.734,0.594,,
4.9,0.402,,
5.061,0.216,,
5.227,0.04,,
1.31,0.318,,
1.472,0.508,,
1.648,0.701,,
1.861,0.891,,
2.16,1.066,,
2.643,1.198,,
3.339,1.228,,
3.935,1.134,,
4.303,0.973,,
4.546,0.788,,
4.735,0.596,,
4.901,0.404,,
5.061,0.217,,
5.228,0.042,,
1.309,0.318,,
1.47,0.508,,
1.646,0.701,,
1.858,0.891,,
2.157,1.067,,
2.64,1.199,,
3.337,1.23,,
3.935,1.136,,
4.303,0.975,,
4.547,0.79,,
4.735,0.597,,
4.901,0.405,,
5.062,0.219,,
5.228,0.043,,
1.307,0.318,,
1.469,0.508,,
1.644,0.701,,
1.856,0.891,,
2.154,1.067,,
2.637,1.2,,
3.335,1.231,,
3.935,1.137,,
4.304,0.976,,
4.548,0.791,,
4.736,0.598,,
4.902,0.406,,
5.062,0.22,,
5.228,0.045,,
1.306,0.318,,
1.467,0.508,,
1.642,0.701,,
1.854,0.891,,
2.152,1.067,,
2.634,1.2,,
3.333,1.232,,
3.934,1.139,,
4.304,0.978,,
4.548,0.792,,
4.736,0.599,,
4.902,0.407,,
5.062,0.221,,
5.228,0.046,,
1.305,0.318,,
1.466,0.508,,
1.641,0.701,,
1.852,0.891,,
2.149,1.067,,
2.631,1.201,,
3.331,1.233,,
3.934,1.14,,
4.304,0.979,,
4.548,0.793,,
4.736,0.601,,
4.902,0.409,,
5.062,0.222,,
5.228,0.047,,
1.304,0.318,,
1.465,0.508,,
1.639,0.701,,
1.85,0.891,,
2.147,1.067,,
2.628,1.201,,
3.329,1.234,,
3.933,1.141,,
4.304,0.98,,
4.548,0.794,,
4.737,0.602,,
4.902,0.41,,
5.062,0.224,,
5.228,0.048,,
1.302,0.318,,
1.464,0.507,,
1.638,0.7,,
1.849,0.891,,
2.145,1.067,,
2.625,1.201,,
3.327,1.235,,
3.932,1.142,,
4.304,0.981,,
4.548,0.795,,
4.736,0.603,,
4.902,0.411,,
5.062,0.225,,
5.228,0.049,,
1.301,0.317,,
1.462,0.507,,
1.637,0.7,,
1.847,0.89,,
2.143,1.067,,
2.622,1.202,,
3.324,1.235,,
3.931,1.143,,
4.303,0.982,,
4.548,0.796,,
4.736,0.604,,
4.902,0.412,,
5.062,0.226,,
5.227,0.05,,
1.301,0.317,,
1.462,0.506,,
1.635,0.7,,
1.846,0.89,,
2.141,1.067,,
2.619,1.202,,
3.322,1.236,,
3.93,1.143,,
4.303,0.983,,
4.547,0.797,,
4.736,0.605,,
4.901,0.413,,
5.061,0.226,,
5.227,0.051,,
1.3,0.316,,
1.461,0.506,,
1.635,0.699,,
1.845,0.889,,
2.139,1.066,,
2.617,1.201,,
3.319,1.236,,
3.929,1.144,,
4.302,0.984,,
4.547,0.798,,
4.736,0.606,,
4.901,0.413,,
5.061,0.227,,
5.227,0.052,,
1.299,0.316,,
1.46,0.505,,
1.634,0.698,,
1.844,0.889,,
2.138,1.066,,
2.614,1.201,,
3.317,1.236,,
3.927,1.145,,
4.301,0.984,,
4.546,0.799,,
4.735,0.606,,
4.901,0.414,,
5.06,0.228,,
5.226,0.052,,
1.298,0.315,,
1.459,0.505,,
1.633,0.698,,
1.843,0.888,,
2.136,1.065,,
2.612,1.201,,
3.314,1.236,,
3.925,1.145,,
4.3,0.985,,
4.546,0.8,,
4.734,0.607,,
4.9,0.415,,
5.06,0.229,,
5.225,0.053,,
1.298,0.314,,
1.459,0.504,,
1.632,0.697,,
1.842,0.887,,
2.135,1.064,,
2.61,1.2,,
3.311,1.236,,
3.923,1.146,,
4.299,0.985,,
4.545,0.8,,
4.734,0.608,,
4.899,0.415,,
5.059,0.229,,
5.225,0.053,,
1.297,0.313,,
1.458,0.503,,
1.632,0.696,,
1.841,0.887,,
2.134,1.064,,
2.608,1.2,,
3.309,1.236,,
3.921,1.146,,
4.297,0.986,,
4.544,0.801,,
4.733,0.608,,
4.899,0.416,,
5.058,0.23,,
5.224,0.054,,
1.297,0.313,,
1.458,0.502,,
1.632,0.695,,
1.841,0.886,,
2.133,1.063,,
2.606,1.199,,
3.306,1.236,,
3.919,1.146,,
4.296,0.986,,
4.542,0.801,,
4.732,0.609,,
4.898,0.416,,
5.058,0.23,,
5.223,0.054,,
1.297,0.312,,
1.458,0.501,,
1.631,0.694,,
1.841,0.885,,
2.133,1.062,,
2.605,1.198,,
3.303,1.236,,
3.917,1.146,,
4.294,0.987,,
4.541,0.802,,
4.731,0.609,,
4.897,0.417,,
5.057,0.23,,
5.222,0.054,,
1.297,0.311,,
1.458,0.5,,
1.631,0.693,,
1.84,0.884,,
2.132,1.061,,
2.603,1.198,,
3.3,1.235,,
3.914,1.146,,
4.292,0.987,,
4.54,0.802,,
4.73,0.609,,
4.896,0.417,,
5.056,0.231,,
5.221,0.055,,
1.297,0.31,,
1.458,0.499,,
1.631,0.692,,
1.84,0.883,,
2.132,1.06,,
2.602,1.197,,
3.298,1.235,,
3.912,1.146,,
4.29,0.987,,
4.538,0.802,,
4.728,0.61,,
4.894,0.417,,
5.054,0.231,,
5.22,0.055,,
1.297,0.308,,
1.458,0.498,,
1.632,0.691,,
1.841,0.882,,
2.132,1.059,,
2.601,1.195,,
3.295,1.234,,
3.909,1.146,,
4.288,0.987,,
4.537,0.802,,
4.727,0.61,,
4.893,0.417,,
5.053,0.231,,
5.219,0.055,,
1.297,0.307,,
1.458,0.497,,
1.632,0.69,,
1.841,0.88,,
2.132,1.057,,
2.6,1.194,,
3.292,1.233,,
3.906,1.145,,
4.286,0.987,,
4.535,0.802,,
4.725,0.61,,
4.892,0.417,,
5.052,0.231,,
5.217,0.054,,
1.298,0.306,,
1.459,0.496,,
1.633,0.689,,
1.841,0.879,,
2.132,1.056,,
2.599,1.193,,
3.289,1.232,,
3.903,1.145,,
4.284,0.987,,
4.533,0.802,,
4.724,0.61,,
4.89,0.417,,
5.051,0.231,,
5.216,0.054,,
1.298,0.305,,
1.459,0.494,,
1.633,0.687,,
1.842,0.878,,
2.133,1.055,,
2.599,1.192,,
3.287,1.231,,
3.9,1.144,,
4.281,0.986,,
4.531,0.802,,
4.722,0.61,,
4.889,0.417,,
5.049,0.23,,
5.215,0.054,,
1.298,0.303,,
1.46,0.493,,
1.634,0.686,,
1.843,0.876,,
2.133,1.053,,
2.598,1.19,,
3.284,1.23,,
3.896,1.144,,
4.278,0.986,,
4.529,0.802,,
4.72,0.609,,
4.887,0.417,,
5.047,0.23,,
5.213,0.053,,
1.299,0.302,,
1.461,0.491,,
1.635,0.684,,
1.844,0.875,,
2.134,1.052,,
2.598,1.188,,
3.281,1.229,,
3.893,1.143,,
4.276,0.986,,
4.526,0.802,,
4.718,0.609,,
4.885,0.417,,
5.046,0.23,,
5.212,0.053,,
1.3,0.3,,
1.462,0.49,,
1.636,0.683,,
1.845,0.873,,
2.135,1.05,,
2.598,1.187,,
3.279,1.227,,
3.89,1.142,,
4.273,0.985,,
4.524,0.801,,
4.716,0.609,,
4.883,0.416,,
5.044,0.229,,
5.21,0.052,,
1.301,0.299,,
1.463,0.488,,
1.637,0.681,,
1.846,0.872,,
2.136,1.048,,
2.598,1.185,,
3.276,1.226,,
3.886,1.141,,
4.27,0.984,,
4.521,0.801,,
4.714,0.608,,
4.881,0.416,,
5.042,0.229,,
5.208,0.052,,
1.302,0.297,,
1.464,0.487,,
1.638,0.68,,
1.848,0.87,,
2.138,1.047,,
2.598,1.183,,
3.274,1.224,,
3.882,1.14,,
4.266,0.984,,
4.519,0.8,,
4.712,0.608,,
4.88,0.415,,
5.041,0.228,,
5.207,0.051,,
1.303,0.295,,
1.465,0.485,,
1.64,0.678,,
1.849,0.868,,
2.139,1.045,,
2.599,1.181,,
3.271,1.222,,
3.879,1.139,,
4.263,0.983,,
4.516,0.799,,
4.709,0.607,,
4.877,0.415,,
5.039,0.227,,
5.205,0.05,,
1.304,0.294,,
1.466,0.483,,
1.641,0.676,,
1.851,0.867,,
2.141,1.043,,
2.6,1.179,,
3.269,1.22,,
3.875,1.137,,
4.26,0.982,,
4.513,0.799,,
4.707,0.607,,
4.875,0.414,,
5.037,0.226,,
5.203,0.049,,
1.305,0.292,,
1.468,0.482,,
1.643,0.675,,
1.853,0.865,,
2.143,1.041,,
2.6,1.177,,
3.266,1.218,,
3.871,1.136,,
4.256,0.981,,
4.51,0.798,,
4.704,0.606,,
4.873,0.413,,
5.035,0.225,,
5.201,0.048,,
1.306,0.29,,
1.469,0.48,,
1.645,0.673,,
1.855,0.863,,
2.145,1.039,,
2.601,1.175,,
3.264,1.216,,
3.867,1.134,,
4.253,0.98,,
4.507,0.797,,
4.702,0.605,,
4.871,0.412,,
5.033,0.224,,
5.199,0.047,,
1.308,0.288,,
1.471,0.478,,
1.646,0.671,,
1.857,0.861,,
2.147,1.037,,
2.603,1.172,,
3.262,1.214,,
3.863,1.133,,
4.249,0.979,,
4.504,0.796,,
4.699,0.604,,
4.868,0.411,,
5.03,0.223,,
5.197,0.045,,
1.31,0.286,,
1.473,0.476,,
1.649,0.669,,
1.859,0.859,,
2.15,1.035,,
2.604,1.17,,
3.26,1.211,,
3.859,1.131,,
4.245,0.977,,
4.501,0.795,,
4.696,0.603,,
4.866,0.41,,
5.028,0.222,,
5.195,0.044,,
1.311,0.284,,
1.475,0.474,,
1.651,0.667,,
1.862,0.857,,
2.152,1.033,,
2.606,1.167,,
3.258,1.209,,
3.855,1.129,,
4.241,0.976,,
4.498,0.793,,
4.694,0.602,,
4.863,0.409,,
5.026,0.221,,
5.193,0.042,,
1.313,0.282,,
1.477,0.472,,
1.653,0.665,,
1.865,0.855,,
2.155,1.03,,
2.607,1.165,,
3.256,1.206,,
3.851,1.127,,
4.238,0.974,,
4.494,0.792,,
4.691,0.6,,
4.861,0.407,,
5.023,0.219,,
5.191,0.041,,
1.315,0.28,,
1.479,0.47,,
1.655,0.663,,
1.867,0.853,,
2.158,1.028,,
2.609,1.162,,
3.254,1.203,,
3.847,1.125,,
4.234,0.972,,
4.491,0.791,,
4.688,0.599,,
4.858,0.406,,
5.021,0.218,,
5.188,0.039,,
1.317,0.278,,
1.481,0.468,,
1.658,0.661,,
1.87,0.851,,
2.161,1.026,,
2.611,1.159,,
3.252,1.201,,
3.843,1.122,,
4.23,0.971,,
4.488,0.789,,
4.685,0.597,,
4.855,0.405,,
5.018,0.216,,
5.186,0.037,,
1.319,0.276,,
1.483,0.466,,
1.661,0.659,,
1.873,0.849,,
2.164,1.023,,
2.613,1.156,,
3.251,1.198,,
3.838,1.12,,
4.225,0.969,,
4.484,0.788,,
4.682,0.596,,
4.853,0.403,,
5.016,0.214,,
5.184,0.035,,
1.321,0.274,,
1.486,0.464,,
1.664,0.657,,
1.876,0.846,,
2.168,1.021,,
2.616,1.154,,
3.249,1.195,,
3.834,1.118,,
4.221,0.967,,
4.48,0.786,,
4.678,0.594,,
4.85,0.401,,
5.013,0.213,,
5.181,0.033,,
1.324,0.271,,
1.489,0.462,,
1.666,0.655,,
1.88,0.844,,
2.171,1.018,,
2.618,1.15,,
3.248,1.192,,
3.83,1.115,,
4.217,0.965,,
4.477,0.784,,
4.675,0.592,,
4.847,0.399,,
5.011,0.211,,
5.179,0.031,,
1.326,0.269,,
1.491,0.46,,
1.669,0.653,,
1.883,0.842,,
2.175,1.015,,
2.621,1.147,,
3.246,1.188,,
3.826,1.112,,
4.213,0.962,,
4.473,0.782,,
4.672,0.591,,
4.844,0.398,,
5.008,0.209,,
5.176,0.029,,
1.329,0.267,,
1.494,0.457,,
1.673,0.65,,
1.887,0.839,,
2.179,1.013,,
2.623,1.144,,
3.245,1.185,,
3.822,1.109,,
4.208,0.96,,
4.469,0.78,,
4.668,0.589,,
4.841,0.396,,
5.005,0.207,,
5.174,0.027,,
1.331,0.264,,
1.497,0.455,,
1.676,0.648,,
1.891,0.837,,
2.183,1.01,,
2.626,1.141,,
3.244,1.181,,
3.817,1.106,,
4.204,0.958,,
4.465,0.778,,
4.665,0.587,,
4.838,0.394,,
5.002,0.204,,
5.171,0.024,,
1.334,0.262,,
1.5,0.453,,
1.679,0.646,,
1.894,0.835,,
2.187,1.007,,
2.629,1.138,,
3.243,1.178,,
3.813,1.103,,
4.2,0.955,,
4.461,0.776,,
4.662,0.585,,
4.835,0.391,,
5,0.202,,
5.169,0.022,,
1.337,0.26,,
1.503,0.45,,
1.683,0.644,,
1.898,0.832,,
2.191,1.004,,
2.633,1.134,,
3.242,1.174,,
3.809,1.1,,
4.195,0.953,,
4.457,0.773,,
4.658,0.582,,
4.832,0.389,,
4.997,0.2,,
5.166,0.019,,
1.34,0.257,,
1.506,0.448,,
1.686,0.641,,
1.902,0.829,,
2.196,1.001,,
2.636,1.131,,
3.241,1.171,,
3.805,1.097,,
4.191,0.95,,
4.453,0.771,,
4.655,0.58,,
4.828,0.387,,
4.994,0.197,,
5.163,0.017,,
1.343,0.255,,
1.51,0.446,,
1.69,0.639,,
1.907,0.827,,
2.2,0.998,,
2.639,1.127,,
3.24,1.167,,
3.801,1.093,,
4.186,0.947,,
4.449,0.768,,
4.651,0.578,,
4.825,0.384,,
4.991,0.195,,
5.16,0.014,,
1.346,0.252,,
1.513,0.443,,
1.694,0.636,,
1.911,0.824,,
2.205,0.995,,
2.643,1.123,,
3.24,1.163,,
3.797,1.09,,
4.182,0.944,,
4.445,0.766,,
4.647,0.575,,
4.822,0.382,,
4.988,0.192,,
5.158,0.011,,
1.349,0.25,,
1.517,0.441,,
1.698,0.634,,
1.915,0.822,,
2.21,0.992,,
2.647,1.12,,
3.239,1.159,,
3.793,1.086,,
4.177,0.941,,
4.441,0.763,,
4.644,0.572,,
4.819,0.379,,
4.985,0.189,,
5.155,0.008,,
1.352,0.247,,
1.52,0.438,,
1.702,0.631,,
1.92,0.819,,
2.215,0.989,,
2.65,1.116,,
3.239,1.155,,
3.789,1.083,,
4.173,0.938,,
4.437,0.76,,
4.64,0.57,,
4.815,0.376,,
4.982,0.186,,
5.152,0.005,,
1.356,0.244,,
1.524,0.436,,
1.706,0.629,,
1.925,0.816,,
2.22,0.986,,
2.654,1.112,,
3.238,1.15,,
3.785,1.079,,
4.168,0.935,,
4.432,0.757,,
4.636,0.567,,
4.812,0.374,,
4.979,0.183,,
5.149,0.002,,
1.359,0.242,,
1.528,0.433,,
1.71,0.626,,
1.929,0.813,,
2.225,0.983,,
2.658,1.108,,
3.238,1.146,,
3.781,1.075,,
4.163,0.931,,
4.428,0.754,,
4.632,0.564,,
4.808,0.371,,
4.975,0.18,,
5.146,-0.001,,
1.363,0.239,,
1.532,0.431,,
1.715,0.624,,
1.934,0.81,,
2.23,0.979,,
2.662,1.104,,
3.238,1.142,,
3.778,1.071,,
4.159,0.928,,
4.424,0.751,,
4.628,0.561,,
4.805,0.368,,
4.972,0.177,,
5.143,-0.005,,
1.367,0.236,,
1.536,0.428,,
1.719,0.621,,
1.939,0.808,,
2.235,0.976,,
2.666,1.1,,
3.238,1.137,,
3.774,1.067,,
4.154,0.924,,
4.42,0.748,,
4.625,0.558,,
4.801,0.365,,
4.969,0.174,,
5.14,-0.008,,
1.37,0.234,,
1.54,0.425,,
1.724,0.618,,
1.944,0.805,,
2.241,0.972,,
2.671,1.096,,
3.238,1.132,,
3.77,1.063,,
4.15,0.92,,
4.415,0.744,,
4.621,0.555,,
4.798,0.361,,
4.966,0.171,,
5.137,-0.012,,
1.374,0.231,,
1.544,0.423,,
1.728,0.615,,
1.95,0.802,,
2.246,0.969,,
2.675,1.092,,
3.238,1.128,,
3.767,1.058,,
4.145,0.917,,
4.411,0.741,,
4.617,0.551,,
4.794,0.358,,
4.962,0.167,,
5.134,-0.015,,
1.378,0.228,,
1.548,0.42,,
1.733,0.613,,
1.955,0.799,,
2.252,0.965,,
2.679,1.087,,
3.238,1.123,,
3.763,1.054,,
4.141,0.913,,
4.407,0.737,,
4.613,0.548,,
4.791,0.355,,
4.959,0.164,,
5.131,-0.019,,
1.382,0.225,,
1.553,0.417,,
1.738,0.61,,
1.96,0.796,,
2.257,0.962,,
2.684,1.083,,
3.238,1.118,,
3.76,1.049,,
4.136,0.909,,
4.402,0.734,,
4.609,0.545,,
4.787,0.351,,
4.956,0.16,,
5.128,-0.023,,
1.386,0.223,,
1.557,0.415,,
1.743,0.607,,
1.966,0.793,,
2.263,0.958,,
2.688,1.079,,
3.238,1.113,,
3.756,1.045,,
4.132,0.905,,
4.398,0.73,,
4.605,0.541,,
4.783,0.348,,
4.952,0.157,,
1.39,0.22,,
1.562,0.412,,
1.748,0.604,,
1.971,0.79,,
2.269,0.955,,
2.693,1.074,,
3.239,1.108,,
3.753,1.04,,
4.127,0.901,,
4.394,0.726,,
4.601,0.537,,
4.78,0.344,,
4.949,0.153,,
1.395,0.217,,
1.566,0.409,,
1.753,0.602,,
1.977,0.786,,
2.275,0.951,,
2.697,1.07,,
3.239,1.103,,
3.749,1.035,,
4.123,0.896,,
4.389,0.722,,
4.597,0.534,,
4.776,0.34,,
4.946,0.149,,
1.399,0.214,,
1.571,0.406,,
1.758,0.599,,
1.983,0.783,,
2.281,0.947,,
2.702,1.065,,
3.24,1.098,,
3.746,1.03,,
4.118,0.892,,
4.385,0.718,,
4.593,0.53,,
4.772,0.337,,
4.942,0.145,,
1.576,0.404,,
1.763,0.596,,
1.988,0.78,,
2.287,0.943,,
2.707,1.06,,
3.241,1.093,,
3.743,1.025,,
4.114,0.887,,
4.381,0.714,,
4.589,0.526,,
4.768,0.333,,
4.939,0.141,,
1.581,0.401,,
1.769,0.593,,
1.994,0.777,,
2.293,0.939,,
2.712,1.055,,
3.241,1.088,,
3.74,1.02,,
4.11,0.883,,
4.376,0.71,,
4.585,0.522,,
4.765,0.329,,
4.935,0.137,,
1.586,0.398,,
1.774,0.59,,
2,0.773,,
2.299,0.935,,
2.717,1.051,,
3.242,1.082,,
3.737,1.015,,
4.105,0.878,,
4.372,0.706,,
4.58,0.518,,
4.761,0.325,,
4.932,0.133,,
1.59,0.395,,
1.78,0.587,,
2.006,0.77,,
2.305,0.931,,
2.721,1.046,,
3.243,1.077,,
3.734,1.01,,
4.101,0.874,,
4.367,0.702,,
4.576,0.514,,
4.757,0.321,,
4.928,0.129,,
1.596,0.392,,
1.785,0.584,,
2.012,0.767,,
2.312,0.927,,
2.726,1.041,,
3.244,1.071,,
3.731,1.005,,
4.097,0.869,,
4.363,0.697,,
4.572,0.51,,
4.753,0.316,,
4.925,0.125,,
1.601,0.389,,
1.791,0.581,,
2.018,0.763,,
2.318,0.923,,
2.731,1.036,,
3.245,1.066,,
3.728,0.999,,
4.093,0.864,,
4.359,0.693,,
4.568,0.505,,
4.749,0.312,,
4.921,0.12,,
1.606,0.386,,
1.796,0.578,,
2.025,0.76,,
2.324,0.919,,
2.736,1.031,,
3.245,1.06,,
3.725,0.994,,
4.088,0.859,,
4.354,0.688,,
4.564,0.501,,
4.746,0.308,,
4.918,0.116,,
1.611,0.383,,
1.802,0.575,,
2.031,0.756,,
2.331,0.915,,
2.741,1.026,,
3.246,1.054,,
3.723,0.988,,
4.084,0.854,,
4.35,0.683,,
4.56,0.496,,
4.742,0.303,,
4.914,0.111,,
1.616,0.38,,
1.808,0.572,,
2.037,0.753,,
2.337,0.911,,
2.746,1.021,,
3.248,1.049,,
3.72,0.983,,
4.08,0.849,,
4.346,0.679,,
4.556,0.492,,
4.738,0.299,,
4.91,0.107,,
1.622,0.377,,
1.814,0.568,,
2.043,0.749,,
2.344,0.907,,
2.751,1.015,,
3.249,1.043,,
3.717,0.977,,
4.076,0.844,,
4.342,0.674,,
4.552,0.487,,
4.734,0.294,,
4.907,0.102,,
1.627,0.374,,
1.819,0.565,,
2.05,0.746,,
2.35,0.902,,
2.756,1.01,,
3.25,1.037,,
3.715,0.971,,
4.072,0.838,,
4.337,0.669,,
4.548,0.483,,
4.73,0.29,,
4.903,0.097,,
1.633,0.371,,
1.825,0.562,,
2.056,0.742,,
2.357,0.898,,
2.761,1.005,,
3.251,1.031,,
3.712,0.966,,
4.068,0.833,,
4.333,0.664,,
4.544,0.478,,
4.726,0.285,,
4.899,0.093,,
1.638,0.368,,
1.831,0.559,,
2.063,0.738,,
2.363,0.893,,
2.766,0.999,,
3.252,1.025,,
3.71,0.96,,
4.064,0.828,,
4.329,0.659,,
4.539,0.473,,
4.722,0.28,,
4.896,0.088,,
1.644,0.365,,
1.837,0.555,,
2.069,0.735,,
2.37,0.889,,
2.772,0.994,,
3.253,1.019,,
3.708,0.954,,
4.06,0.822,,
4.325,0.654,,
4.535,0.468,,
4.719,0.276,,
4.892,0.083,,
1.65,0.362,,
1.844,0.552,,
2.076,0.731,,
2.376,0.884,,
2.777,0.989,,
3.255,1.013,,
3.705,0.948,,
4.056,0.817,,
4.32,0.649,,
4.531,0.463,,
4.715,0.271,,
4.888,0.078,,
1.655,0.359,,
1.85,0.549,,
2.082,0.727,,
2.383,0.88,,
2.782,0.983,,
3.256,1.007,,
3.703,0.942,,
4.052,0.811,,
4.316,0.644,,
4.527,0.458,,
4.711,0.266,,
4.885,0.073,,
1.661,0.356,,
1.856,0.546,,
2.089,0.723,,
2.39,0.875,,
2.787,0.977,,
3.257,1.001,,
3.701,0.936,,
4.049,0.805,,
4.312,0.638,,
4.523,0.453,,
4.707,0.261,,
4.881,0.068,,
1.667,0.353,,
1.862,0.542,,
2.095,0.719,,
2.396,0.871,,
2.792,0.972,,
3.259,0.994,,
3.699,0.929,,
4.045,0.8,,
4.308,0.633,,
4.519,0.448,,
4.703,0.256,,
4.877,0.063,,
1.673,0.35,,
1.868,0.539,,
2.102,0.716,,
2.403,0.866,,
2.797,0.966,,
3.26,0.988,,
3.696,0.923,,
4.041,0.794,,
4.304,0.628,,
4.515,0.443,,
4.699,0.251,,
4.874,0.058,,
1.679,0.346,,
1.875,0.535,,
2.109,0.712,,
2.409,0.861,,
2.802,0.96,,
3.261,0.982,,
3.694,0.917,,
4.038,0.788,,
4.3,0.622,,
4.511,0.438,,
4.695,0.245,,
4.87,0.053,,
1.685,0.343,,
1.881,0.532,,
2.115,0.708,,
2.416,0.856,,
2.807,0.955,,
3.263,0.975,,
3.692,0.911,,
4.034,0.782,,
4.296,0.617,,
4.507,0.432,,
4.691,0.24,,
4.866,0.047,,
1.69,0.34,,
1.887,0.528,,
2.122,0.704,,
2.423,0.852,,
2.812,0.949,,
3.264,0.969,,
3.69,0.904,,
4.03,0.776,,
4.292,0.611,,
4.503,0.427,,
4.687,0.235,,
4.862,0.042,,
1.696,0.337,,
1.893,0.525,,
2.129,0.7,,
2.429,0.847,,
2.816,0.943,,
3.266,0.962,,
3.689,0.898,,
4.027,0.77,,
4.287,0.605,,
4.499,0.422,,
4.683,0.23,,
4.859,0.037,,
1.702,0.333,,
1.9,0.521,,
2.135,0.696,,
2.436,0.842,,
2.821,0.937,,
3.267,0.956,,
3.687,0.891,,
4.023,0.764,,
4.283,0.6,,
4.495,0.416,,
4.679,0.224,,
4.855,0.031,,
1.708,0.33,,
1.906,0.518,,
2.142,0.691,,
2.442,0.837,,
2.826,0.931,,
3.268,0.949,,
3.685,0.885,,
4.02,0.758,,
4.279,0.594,,
4.491,0.411,,
4.675,0.219,,
4.851,0.026,,
1.715,0.327,,
1.913,0.514,,
2.149,0.687,,
2.449,0.832,,
2.831,0.925,,
3.27,0.943,,
3.683,0.878,,
4.016,0.752,,
4.276,0.588,,
4.487,0.405,,
4.672,0.214,,
4.847,0.02,,
1.721,0.323,,
1.919,0.511,,
2.156,0.683,,
2.455,0.827,,
2.836,0.919,,
3.271,0.936,,
3.681,0.872,,
4.013,0.746,,
4.272,0.582,,
4.482,0.4,,
4.668,0.208,,
4.843,0.015,,
1.727,0.32,,
1.925,0.507,,
2.162,0.679,,
2.462,0.822,,
2.841,0.913,,
3.273,0.929,,
3.68,0.865,,
4.009,0.739,,
4.268,0.577,,
4.478,0.394,,
4.664,0.203,,
4.84,0.009,,
1.733,0.317,,
1.932,0.503,,
2.169,0.675,,
2.468,0.817,,
2.845,0.907,,
3.274,0.923,,
3.678,0.858,,
4.006,0.733,,
4.264,0.571,,
4.474,0.389,,
4.66,0.197,,
4.836,0.004,,
1.739,0.313,,
1.938,0.5,,
2.176,0.67,,
2.474,0.811,,
2.85,0.901,,
3.275,0.916,,
3.676,0.852,,
4.003,0.727,,
4.26,0.565,,
4.47,0.383,,
4.656,0.192,,
4.832,-0.002,,
1.745,0.31,,
1.945,0.496,,
2.182,0.666,,
2.481,0.806,,
2.855,0.895,,
3.277,0.909,,
3.674,0.845,,
4,0.721,,
4.256,0.559,,
4.466,0.377,,
4.652,0.186,,
4.828,-0.007,,
1.751,0.307,,
1.951,0.492,,
2.189,0.662,,
2.487,0.801,,
2.859,0.889,,
3.278,0.903,,
3.673,0.838,,
3.996,0.714,,
4.252,0.553,,
4.462,0.371,,
4.648,0.18,,
4.824,-0.013,,
1.758,0.303,,
1.958,0.488,,
2.196,0.657,,
2.493,0.796,,
2.864,0.882,,
3.28,0.896,,
3.671,0.832,,
3.993,0.708,,
4.248,0.547,,
4.459,0.366,,
4.644,0.175,,
4.82,-0.019,,
1.764,0.3,,
1.964,0.484,,
2.202,0.653,,
2.499,0.79,,
2.868,0.876,,
3.281,0.889,,
3.67,0.825,,
3.99,0.701,,
4.244,0.541,,
4.455,0.36,,
4.64,0.169,,
4.817,-0.024,,
1.77,0.296,,
1.971,0.481,,
2.209,0.648,,
2.506,0.785,,
2.873,0.87,,
3.282,0.882,,
3.668,0.818,,
3.987,0.695,,
4.241,0.535,,
4.451,0.354,,
4.636,0.163,,
4.813,-0.03,,
1.776,0.293,,
1.977,0.477,,
2.215,0.644,,
2.512,0.78,,
2.877,0.864,,
3.284,0.875,,
3.667,0.811,,
3.984,0.688,,
4.237,0.529,,
4.447,0.348,,
4.632,0.158,,
4.809,-0.036,,
1.782,0.289,,
1.983,0.473,,
2.222,0.639,,
2.518,0.774,,
2.881,0.857,,
3.285,0.868,,
3.665,0.804,,
3.98,0.682,,
4.233,0.523,,
4.443,0.342,,
4.628,0.152,,
4.805,-0.041,,
1.789,0.286,,
1.99,0.469,,
2.228,0.635,,
2.524,0.769,,
2.886,0.851,,
3.286,0.862,,
3.664,0.798,,
3.977,0.675,,
4.229,0.517,,
4.439,0.337,,
4.624,0.146,,
4.801,-0.047,,
1.795,0.282,,
1.996,0.465,,
2.235,0.63,,
2.53,0.763,,
2.89,0.845,,
3.287,0.855,,
3.662,0.791,,
3.974,0.669,,
4.226,0.51,,
4.435,0.331,,
4.62,0.141,,
4.797,-0.053,,
1.801,0.278,,
2.003,0.461,,
2.241,0.626,,
2.536,0.758,,
2.894,0.838,,
3.289,0.848,,
3.661,0.784,,
3.971,0.662,,
4.222,0.504,,
4.431,0.325,,
4.616,0.135,,
4.793,-0.058,,
1.807,0.275,,
2.009,0.457,,
2.248,0.621,,
2.541,0.753,,
2.898,0.832,,
3.29,0.841,,
3.659,0.777,,
3.968,0.656,,
4.218,0.498,,
4.427,0.319,,
4.612,0.129,,
4.789,-0.064,,
1.813,0.271,,
2.015,0.453,,
2.254,0.616,,
2.547,0.747,,
2.902,0.825,,
3.291,0.834,,
3.658,0.77,,
3.965,0.649,,
4.215,0.492,,
4.423,0.313,,
4.608,0.123,,
4.785,-0.07,,
1.819,0.268,,
2.022,0.449,,
2.26,0.612,,
2.553,0.741,,
2.906,0.819,,
3.292,0.827,,
3.656,0.763,,
3.962,0.643,,
4.211,0.486,,
4.419,0.307,,
4.604,0.118,,
4.781,-0.076,,
1.826,0.264,,
2.028,0.445,,
2.266,0.607,,
2.559,0.736,,
2.91,0.813,,
3.293,0.82,,
3.655,0.756,,
3.959,0.636,,
4.207,0.48,,
4.415,0.301,,
4.6,0.112,,
4.777,-0.081,,
1.832,0.26,,
2.034,0.441,,
2.273,0.602,,
2.564,0.73,,
2.914,0.806,,
3.294,0.813,,
3.653,0.749,,
3.956,0.63,,
4.204,0.473,,
4.411,0.295,,
4.596,0.106,,
4.773,-0.087,,
1.838,0.257,,
2.04,0.437,,
2.279,0.597,,
2.57,0.725,,
2.918,0.8,,
3.296,0.806,,
3.652,0.743,,
3.953,0.623,,
4.2,0.467,,
4.407,0.29,,
4.592,0.101,,
4.769,-0.093,,
1.844,0.253,,
2.046,0.433,,
2.285,0.593,,
2.575,0.719,,
2.921,0.793,,
3.297,0.799,,
3.651,0.736,,
3.95,0.617,,
4.196,0.461,,
4.404,0.284,,
4.588,0.095,,
4.765,-0.098,,
1.85,0.249,,
2.053,0.428,,
2.291,0.588,,
2.58,0.713,,
2.925,0.787,,
3.298,0.792,,
3.649,0.729,,
3.948,0.61,,
4.193,0.455,,
4.4,0.278,,
4.584,0.089,,
4.761,-0.104,,
1.856,0.245,,
2.059,0.424,,
2.297,0.583,,
2.586,0.708,,
2.928,0.78,,
3.299,0.786,,
3.648,0.722,,
3.945,0.604,,
4.189,0.449,,
4.396,0.272,,
4.58,0.083,,
4.757,-0.11,,
1.862,0.242,,
2.065,0.42,,
2.303,0.578,,
2.591,0.702,,
2.932,0.774,,
3.299,0.779,,
3.646,0.715,,
3.942,0.597,,
4.186,0.443,,
4.392,0.266,,
4.576,0.078,,
4.753,-0.115,,
1.868,0.238,,
2.071,0.416,,
2.309,0.573,,
2.596,0.696,,
2.935,0.767,,
3.3,0.772,,
3.645,0.708,,
3.939,0.591,,
4.182,0.437,,
4.388,0.26,,
4.572,0.072,,
4.749,-0.121,,
1.874,0.234,,
2.077,0.412,,
2.314,0.568,,
2.601,0.691,,
2.939,0.761,,
3.301,0.765,,
3.643,0.701,,
3.936,0.584,,
4.178,0.43,,
4.384,0.255,,
4.568,0.066,,
4.745,-0.127,,
1.88,0.23,,
2.083,0.407,,
2.32,0.563,,
2.606,0.685,,
2.942,0.754,,
3.302,0.758,,
3.642,0.695,,
3.933,0.578,,
4.175,0.424,,
4.38,0.249,,
4.564,0.061,,
4.741,-0.132,,
1.886,0.226,,
2.089,0.403,,
2.326,0.558,,
2.611,0.679,,
2.945,0.748,,
3.303,0.751,,
3.64,0.688,,
3.93,0.571,,
4.171,0.418,,
4.376,0.243,,
4.56,0.055,,
4.737,-0.138,,
1.892,0.223,,
2.094,0.399,,
2.331,0.554,,
2.616,0.673,,
2.948,0.741,,
3.303,0.744,,
3.639,0.681,,
3.927,0.565,,
4.168,0.412,,
4.373,0.237,,
4.556,0.05,,
4.732,-0.143,,
1.897,0.219,,
2.1,0.394,,
2.337,0.549,,
2.621,0.668,,
2.951,0.735,,
3.304,0.737,,
3.638,0.674,,
3.925,0.558,,
4.164,0.406,,
4.369,0.232,,
4.552,0.044,,
4.728,-0.149,,
1.903,0.215,,
2.106,0.39,,
2.342,0.544,,
2.625,0.662,,
2.954,0.729,,
3.305,0.731,,
3.636,0.668,,
3.922,0.552,,
4.161,0.4,,
4.365,0.226,,
4.548,0.039,,
4.724,-0.154,,
1.909,0.211,,
2.111,0.386,,
2.348,0.539,,
2.63,0.656,,
2.957,0.722,,
3.305,0.724,,
3.635,0.661,,
3.919,0.546,,
4.157,0.394,,
4.361,0.22,,
4.544,0.033,,
4.72,-0.16,,
1.915,0.207,,
2.117,0.381,,
2.353,0.534,,
2.634,0.65,,
2.96,0.716,,
3.306,0.717,,
3.633,0.654,,
3.916,0.539,,
4.154,0.388,,
4.357,0.215,,
4.54,0.028,,
4.716,-0.165,,
1.92,0.203,,
2.123,0.377,,
2.358,0.529,,
2.639,0.645,,
2.963,0.709,,
3.306,0.71,,
3.631,0.648,,
3.913,0.533,,
4.15,0.382,,
4.353,0.209,,
4.536,0.022,,
4.712,-0.17,,
1.926,0.199,,
2.128,0.373,,
2.363,0.524,,
2.643,0.639,,
2.965,0.703,,
3.307,0.704,,
3.63,0.641,,
3.91,0.527,,
4.147,0.377,,
4.349,0.203,,
4.532,0.017,,
4.707,-0.175,,
1.931,0.195,,
2.133,0.368,,
2.368,0.518,,
2.647,0.633,,
2.968,0.696,,
3.307,0.697,,
3.628,0.634,,
3.908,0.521,,
4.143,0.371,,
4.346,0.198,,
4.528,0.012,,
4.703,-0.181,,
1.937,0.191,,
2.139,0.364,,
2.373,0.513,,
2.651,0.627,,
2.97,0.69,,
3.308,0.69,,
3.627,0.628,,
3.905,0.514,,
4.14,0.365,,
4.342,0.193,,
4.524,0.007,,
1.942,0.187,,
2.144,0.359,,
2.378,0.508,,
2.655,0.622,,
2.973,0.684,,
3.308,0.684,,
3.625,0.621,,
3.902,0.508,,
4.136,0.359,,
4.338,0.187,,
4.52,0.001,,
1.947,0.183,,
2.149,0.355,,
2.383,0.503,,
2.659,0.616,,
2.975,0.677,,
3.308,0.677,,
3.624,0.615,,
3.899,0.502,,
4.133,0.354,,
4.334,0.182,,
4.516,-0.004,,
1.953,0.179,,
2.154,0.351,,
2.388,0.498,,
2.663,0.61,,
2.977,0.671,,
3.308,0.671,,
3.622,0.609,,
3.896,0.496,,
4.129,0.348,,
4.33,0.176,,
4.512,-0.009,,
1.958,0.175,,
2.159,0.346,,
2.393,0.493,,
2.667,0.604,,
2.979,0.665,,
3.308,0.664,,
3.62,0.602,,
3.893,0.49,,
4.126,0.342,,
4.326,0.171,,
4.508,-0.014,,
1.963,0.171,,
2.164,0.342,,
2.397,0.488,,
2.67,0.599,,
2.981,0.659,,
3.308,0.658,,
3.619,0.596,,
3.891,0.484,,
4.122,0.337,,
4.322,0.166,,
4.504,-0.019,,
1.968,0.167,,
2.169,0.337,,
2.402,0.483,,
2.674,0.593,,
2.983,0.652,,
3.309,0.651,,
3.617,0.59,,
3.888,0.478,,
4.119,0.331,,
4.319,0.161,,
4.499,-0.024,,
1.973,0.163,,
2.174,0.333,,
2.406,0.478,,
2.677,0.587,,
2.985,0.646,,
3.309,0.645,,
3.615,0.584,,
3.885,0.473,,
4.115,0.326,,
4.315,0.156,,
4.495,-0.029,,
1.978,0.159,,
2.179,0.328,,
2.41,0.473,,
2.681,0.582,,
2.987,0.64,,
3.308,0.639,,
3.614,0.577,,
3.882,0.467,,
4.112,0.321,,
4.311,0.151,,
4.491,-0.033,,
1.983,0.155,,
2.183,0.324,,
2.414,0.468,,
2.684,0.576,,
2.989,0.634,,
3.308,0.632,,
3.612,0.571,,
3.879,0.461,,
4.108,0.315,,
4.307,0.146,,
4.487,-0.038,,
1.988,0.151,,
2.188,0.319,,
2.418,0.463,,
2.687,0.57,,
2.991,0.628,,
3.308,0.626,,
3.61,0.565,,
3.876,0.455,,
4.105,0.31,,
4.303,0.141,,
4.483,-0.043,,
1.992,0.147,,
2.192,0.315,,
2.422,0.458,,
2.69,0.565,,
2.992,0.622,,
3.308,0.62,,
3.608,0.559,,
3.874,0.45,,
4.101,0.305,,
4.299,0.136,,
4.479,-0.047,,
1.997,0.143,,
2.197,0.31,,
2.426,0.453,,
2.693,0.559,,
2.994,0.616,,
3.308,0.614,,
3.606,0.554,,
3.871,0.444,,
4.098,0.3,,
4.296,0.131,,
4.475,-0.052,,
2.002,0.139,,
2.201,0.306,,
2.43,0.448,,
2.696,0.554,,
2.995,0.61,,
3.307,0.608,,
3.605,0.548,,
3.868,0.439,,
4.094,0.295,,
4.292,0.127,,
4.471,-0.056,,
2.006,0.135,,
2.205,0.301,,
2.434,0.443,,
2.699,0.548,,
2.996,0.604,,
3.307,0.602,,
3.603,0.542,,
3.865,0.434,,
4.091,0.29,,
4.288,0.122,,
4.467,-0.061,,
2.01,0.131,,
2.209,0.297,,
2.437,0.438,,
2.701,0.543,,
2.998,0.598,,
3.307,0.596,,
3.601,0.536,,
3.862,0.428,,
4.087,0.285,,
4.284,0.118,,
4.463,-0.065,,
2.015,0.127,,
2.213,0.293,,
2.441,0.433,,
2.704,0.537,,
2.999,0.593,,
3.306,0.59,,
3.599,0.531,,
3.859,0.423,,
4.084,0.28,,
4.28,0.113,,
4.459,-0.069,,
2.019,0.123,,
2.217,0.288,,
2.444,0.428,,
2.707,0.532,,
3,0.587,,
3.306,0.585,,
3.597,0.525,,
3.856,0.418,,
4.081,0.275,,
4.277,0.109,,
4.455,-0.073,,
2.023,0.119,,
2.221,0.284,,
2.447,0.423,,
2.709,0.527,,
3.001,0.581,,
3.305,0.579,,
3.595,0.52,,
3.853,0.413,,
4.077,0.271,,
4.273,0.104,,
4.45,-0.077,,
2.027,0.115,,
2.225,0.279,,
2.451,0.419,,
2.711,0.521,,
3.002,0.576,,
3.304,0.573,,
3.593,0.514,,
3.85,0.408,,
4.074,0.266,,
4.269,0.1,,
4.446,-0.081,,
2.031,0.111,,
2.228,0.275,,
2.454,0.414,,
2.713,0.516,,
3.003,0.57,,
3.304,0.568,,
3.591,0.509,,
3.848,0.403,,
4.07,0.262,,
4.265,0.096,,
4.442,-0.085,,
2.035,0.107,,
2.232,0.271,,
2.457,0.409,,
2.715,0.511,,
3.003,0.565,,
3.303,0.562,,
3.589,0.504,,
3.845,0.398,,
4.067,0.257,,
4.261,0.092,,
4.438,-0.089,,
2.039,0.103,,
2.235,0.266,,
2.46,0.404,,
2.717,0.506,,
3.004,0.559,,
3.302,0.557,,
3.587,0.499,,
3.842,0.393,,
4.063,0.253,,
4.258,0.088,,
4.434,-0.092,,
2.042,0.099,,
2.238,0.262,,
2.462,0.399,,
2.719,0.501,,
3.005,0.554,,
3.301,0.551,,
3.585,0.494,,
3.839,0.389,,
4.06,0.249,,
4.254,0.084,,
4.43,-0.096,,
2.046,0.095,,
2.242,0.258,,
2.465,0.395,,
2.721,0.496,,
3.005,0.549,,
3.3,0.546,,
3.583,0.489,,
3.836,0.384,,
4.056,0.245,,
4.25,0.081,,
4.426,-0.099,,
2.049,0.091,,
2.245,0.253,,
2.468,0.39,,
2.723,0.49,,
3.006,0.543,,
3.3,0.541,,
3.581,0.484,,
3.833,0.38,,
4.053,0.241,,
4.246,0.077,,
4.422,-0.103,,
2.053,0.087,,
2.248,0.249,,
2.47,0.385,,
2.724,0.486,,
3.006,0.538,,
3.299,0.536,,
3.579,0.479,,
3.83,0.375,,
4.05,0.237,,
4.243,0.073,,
4.418,-0.106,,
2.056,0.084,,
2.251,0.245,,
2.472,0.381,,
2.726,0.481,,
3.006,0.533,,
3.297,0.531,,
3.576,0.474,,
3.827,0.371,,
4.046,0.233,,
4.239,0.07,,
4.414,-0.109,,
2.059,0.08,,
2.254,0.241,,
2.475,0.376,,
2.727,0.476,,
3.007,0.528,,
3.296,0.526,,
3.574,0.47,,
3.824,0.367,,
4.043,0.229,,
4.235,0.067,,
4.41,-0.112,,
2.062,0.076,,
2.256,0.237,,
2.477,0.372,,
2.728,0.471,,
3.007,0.523,,
3.295,0.521,,
3.572,0.465,,
3.821,0.363,,
4.039,0.226,,
4.232,0.063,,
4.407,-0.115,,
2.065,0.072,,
2.259,0.232,,
2.479,0.367,,
2.73,0.466,,
3.007,0.518,,
3.294,0.517,,
3.57,0.461,,
3.818,0.359,,
4.036,0.222,,
4.228,0.06,,
4.403,-0.118,,
2.068,0.068,,
2.261,0.228,,
2.481,0.363,,
2.731,0.462,,
3.007,0.514,,
3.293,0.512,,
3.567,0.457,,
3.815,0.355,,
4.033,0.219,,
4.224,0.057,,
4.399,-0.121,,
2.071,0.064,,
2.264,0.224,,
2.483,0.359,,
2.732,0.457,,
3.007,0.509,,
3.292,0.507,,
3.565,0.452,,
3.812,0.351,,
4.029,0.215,,
4.221,0.054,,
4.395,-0.124,,
2.073,0.061,,
2.266,0.22,,
2.484,0.354,,
2.733,0.453,,
3.006,0.504,,
3.29,0.503,,
3.563,0.448,,
3.81,0.348,,
4.026,0.212,,
4.217,0.051,,
4.391,-0.126,,
2.076,0.057,,
2.268,0.216,,
2.486,0.35,,
2.733,0.448,,
3.006,0.5,,
3.289,0.499,,
3.561,0.444,,
3.807,0.344,,
4.023,0.209,,
4.214,0.049,,
4.387,-0.129,,
2.078,0.053,,
2.27,0.212,,
2.487,0.346,,
2.734,0.444,,
3.006,0.496,,
3.287,0.494,,
3.558,0.44,,
3.804,0.341,,
4.02,0.206,,
4.21,0.046,,
4.384,-0.131,,
2.081,0.05,,
2.272,0.208,,
2.489,0.342,,
2.735,0.439,,
3.005,0.491,,
3.286,0.49,,
3.556,0.437,,
3.801,0.337,,
4.016,0.203,,
4.207,0.043,,
4.38,-0.133,,
2.083,0.046,,
2.274,0.204,,
2.49,0.338,,
2.735,0.435,,
3.005,0.487,,
3.284,0.486,,
3.554,0.433,,
3.798,0.334,,
4.013,0.2,,
4.203,0.041,,
4.376,-0.135,,
2.085,0.042,,
2.276,0.201,,
2.491,0.334,,
2.736,0.431,,
3.004,0.483,,
3.283,0.482,,
3.551,0.429,,
3.795,0.331,,
4.01,0.198,,
4.2,0.039,,
4.373,-0.137,,
2.087,0.039,,
2.277,0.197,,
2.492,0.33,,
2.736,0.427,,
3.004,0.479,,
3.281,0.478,,
3.549,0.426,,
3.792,0.328,,
4.007,0.195,,
4.196,0.036,,
4.369,-0.139,,
2.089,0.035,,
2.279,0.193,,
2.493,0.326,,
2.736,0.423,,
3.003,0.475,,
3.28,0.475,,
3.547,0.423,,
3.789,0.325,,
4.003,0.192,,
4.193,0.034,,
4.365,-0.141,,
2.091,0.032,,
2.28,0.19,,
2.494,0.322,,
2.736,0.419,,
3.002,0.471,,
3.278,0.471,,
3.544,0.419,,
3.786,0.322,,
4,0.19,,
4.19,0.032,,
4.362,-0.143,,
2.092,0.028,,
2.282,0.186,,
2.495,0.318,,
2.736,0.415,,
3.002,0.467,,
3.276,0.468,,
3.542,0.416,,
3.783,0.32,,
3.997,0.188,,
4.186,0.031,,
4.358,-0.144,,
2.094,0.025,,
2.283,0.182,,
2.496,0.315,,
2.736,0.412,,
3.001,0.464,,
3.275,0.464,,
3.539,0.413,,
3.781,0.317,,
3.994,0.186,,
4.183,0.029,,
4.355,-0.146,,
2.096,0.022,,
2.284,0.179,,
2.496,0.311,,
2.736,0.408,,
3,0.46,,
3.273,0.461,,
3.537,0.41,,
3.778,0.315,,
3.991,0.184,,
4.18,0.027,,
4.352,-0.147,,
2.097,0.018,,
2.285,0.176,,
2.497,0.307,,
2.736,0.404,,
2.999,0.457,,
3.271,0.458,,
3.534,0.408,,
3.775,0.313,,
3.988,0.182,,
4.177,0.026,,
4.348,-0.148,,
2.098,0.015,,
2.286,0.172,,
2.497,0.304,,
2.736,0.401,,
2.998,0.453,,
3.269,0.455,,
3.532,0.405,,
3.772,0.31,,
3.985,0.18,,
4.174,0.024,,
4.345,-0.15,,
2.099,0.012,,
2.286,0.169,,
2.497,0.301,,
2.735,0.398,,
2.997,0.45,,
3.267,0.452,,
3.53,0.403,,
3.769,0.308,,
3.982,0.179,,
4.17,0.023,,
4.342,-0.151,,
2.1,0.009,,
2.287,0.166,,
2.498,0.297,,
2.735,0.394,,
2.995,0.447,,
3.265,0.449,,
3.527,0.4,,
3.767,0.306,,
3.979,0.177,,
4.167,0.022,,
4.339,-0.152,,
2.101,0.006,,
2.288,0.163,,
2.498,0.294,,
2.734,0.391,,
2.994,0.444,,
3.264,0.447,,
3.525,0.398,,
3.764,0.305,,
3.976,0.176,,
4.164,0.021,,
4.336,-0.152,,
2.102,0.003,,
2.288,0.159,,
2.498,0.291,,
2.734,0.388,,
2.993,0.441,,
3.262,0.444,,
3.522,0.396,,
3.761,0.303,,
3.973,0.174,,
4.161,0.02,,
4.333,-0.153,,
2.103,0,,
2.288,0.156,,
2.497,0.288,,
2.733,0.385,,
2.991,0.439,,
3.26,0.442,,
3.52,0.394,,
3.758,0.301,,
3.97,0.173,,
4.159,0.019,,
4.33,-0.154,,
2.103,-0.003,,
2.289,0.153,,
2.497,0.285,,
2.732,0.382,,
2.99,0.436,,
3.258,0.439,,
3.517,0.392,,
3.756,0.3,,
3.968,0.172,,
4.156,0.018,,
4.327,-0.154,,
2.104,-0.006,,
2.289,0.151,,
2.497,0.282,,
2.731,0.38,,
2.989,0.433,,
3.256,0.437,,
3.515,0.39,,
3.753,0.299,,
3.965,0.171,,
4.153,0.018,,
4.324,-0.154,,
2.104,-0.009,,
2.289,0.148,,
2.497,0.279,,
2.73,0.377,,
2.987,0.431,,
3.253,0.435,,
3.513,0.389,,
3.751,0.297,,
3.962,0.17,,
4.15,0.017,,
4.321,-0.155,,
2.104,-0.011,,
2.289,0.145,,
2.496,0.277,,
2.729,0.374,,
2.985,0.429,,
3.251,0.433,,
3.51,0.387,,
3.748,0.296,,
3.96,0.17,,
4.148,0.017,,
4.318,-0.155,,
2.104,-0.014,,
2.288,0.143,,
2.495,0.274,,
2.728,0.372,,
2.984,0.427,,
3.249,0.431,,
3.508,0.386,,
3.745,0.295,,
3.957,0.169,,
4.145,0.017,,
4.316,-0.155,,
2.104,-0.017,,
2.288,0.14,,
2.495,0.272,,
2.727,0.37,,
2.982,0.425,,
3.247,0.43,,
3.505,0.385,,
3.743,0.295,,
3.955,0.169,,
4.143,0.016,,
4.313,-0.155,,
2.104,-0.019,,
2.288,0.138,,
2.494,0.269,,
2.726,0.368,,
2.98,0.423,,
3.245,0.428,,
3.503,0.383,,
3.74,0.294,,
3.952,0.168,,
4.14,0.016,,
4.311,-0.154,,
2.104,-0.022,,
2.287,0.135,,
2.493,0.267,,
2.725,0.365,,
2.979,0.421,,
3.243,0.427,,
3.501,0.382,,
3.738,0.293,,
3.95,0.168,,
4.138,0.017,,
4.308,-0.154,,
2.104,-0.024,,
2.287,0.133,,
2.492,0.265,,
2.723,0.364,,
2.977,0.419,,
3.241,0.425,,
3.498,0.382,,
3.736,0.293,,
3.947,0.168,,
4.135,0.017,,
4.306,-0.154,,
2.103,-0.026,,
2.286,0.131,,
2.491,0.263,,
2.722,0.362,,
2.975,0.418,,
3.239,0.424,,
3.496,0.381,,
3.733,0.293,,
3.945,0.168,,
4.133,0.017,,
4.304,-0.153,,
2.103,-0.028,,
2.285,0.129,,
2.49,0.261,,
2.72,0.36,,
2.973,0.416,,
3.236,0.423,,
3.494,0.38,,
3.731,0.292,,
3.943,0.168,,
4.131,0.017,,
4.302,-0.152,,
2.102,-0.03,,
2.284,0.127,,
2.489,0.259,,
2.719,0.358,,
2.971,0.415,,
3.234,0.422,,
3.491,0.38,,
3.729,0.292,,
3.941,0.169,,
4.129,0.018,,
4.3,-0.152,,
2.101,-0.032,,
2.283,0.125,,
2.488,0.257,,
2.717,0.357,,
2.969,0.414,,
3.232,0.422,,
3.489,0.379,,
3.726,0.292,,
3.938,0.169,,
4.127,0.019,,
4.298,-0.151,,
2.1,-0.034,,
2.282,0.123,,
2.486,0.256,,
2.716,0.355,,
2.967,0.413,,
3.23,0.421,,
3.487,0.379,,
3.724,0.293,,
3.936,0.17,,
4.125,0.019,,
4.296,-0.15,,
2.099,-0.036,,
2.281,0.121,,
2.485,0.254,,
2.714,0.354,,
2.965,0.412,,
3.228,0.421,,
3.485,0.379,,
3.722,0.293,,
3.934,0.17,,
4.123,0.02,,
4.294,-0.149,,
2.098,-0.038,,
2.28,0.12,,
2.483,0.253,,
2.712,0.353,,
2.963,0.411,,
3.226,0.42,,
3.483,0.379,,
3.72,0.293,,
3.933,0.171,,
4.121,0.021,,
4.292,-0.148,,
2.097,-0.04,,
2.279,0.118,,
2.482,0.252,,
2.71,0.352,,
2.961,0.41,,
3.223,0.42,,
3.48,0.38,,
3.718,0.294,,
3.931,0.172,,
4.12,0.022,,
4.291,-0.147,,
2.096,-0.041,,
2.277,0.117,,
2.48,0.25,,
2.708,0.351,,
2.959,0.41,,
3.221,0.42,,
3.478,0.38,,
3.716,0.295,,
3.929,0.173,,
4.118,0.024,,
4.289,-0.145,,
2.276,0.115,,
2.478,0.249,,
2.706,0.35,,
2.957,0.41,,
3.219,0.42,,
3.476,0.38,,
3.714,0.295,,
3.927,0.174,,
4.116,0.025,,
4.288,-0.144,,
2.274,0.114,,
2.476,0.248,,
2.704,0.35,,
2.955,0.409,,
3.217,0.42,,
3.474,0.381,,
3.712,0.296,,
3.926,0.175,,
4.115,0.026,,
4.286,-0.142,,
2.272,0.113,,
2.475,0.248,,
2.702,0.349,,
2.953,0.409,,
3.215,0.42,,
3.472,0.382,,
3.711,0.297,,
3.924,0.176,,
4.114,0.028,,
4.285,-0.141,,
2.27,0.112,,
2.473,0.247,,
2.7,0.349,,
2.95,0.409,,
3.213,0.421,,
3.47,0.382,,
3.709,0.299,,
3.923,0.178,,
4.112,0.029,,
4.284,-0.139,,
2.269,0.111,,
2.471,0.246,,
2.698,0.349,,
2.948,0.409,,
3.21,0.421,,
3.468,0.383,,
3.707,0.3,,
3.921,0.179,,
4.111,0.031,,
4.283,-0.137,,
2.267,0.111,,
2.469,0.246,,
2.696,0.349,,
2.946,0.41,,
3.208,0.422,,
3.466,0.385,,
3.706,0.301,,
3.92,0.181,,
4.11,0.033,,
4.282,-0.135,,
2.265,0.11,,
2.466,0.245,,
2.694,0.349,,
2.944,0.41,,
3.206,0.423,,
3.464,0.386,,
3.704,0.303,,
3.919,0.183,,
4.109,0.035,,
4.281,-0.133,,
2.263,0.109,,
2.464,0.245,,
2.691,0.349,,
2.941,0.411,,
3.204,0.424,,
3.463,0.387,,
3.703,0.304,,
3.918,0.185,,
4.108,0.037,,
4.281,-0.131,,
2.26,0.109,,
2.462,0.245,,
2.689,0.349,,
2.939,0.411,,
3.202,0.425,,
3.461,0.389,,
3.701,0.306,,
3.917,0.187,,
4.108,0.039,,
4.28,-0.129,,
2.258,0.109,,
2.46,0.245,,
2.687,0.349,,
2.937,0.412,,
3.2,0.426,,
3.459,0.39,,
3.7,0.308,,
3.916,0.189,,
4.107,0.041,,
4.28,-0.127,,
2.256,0.108,,
2.457,0.245,,
2.684,0.35,,
2.935,0.413,,
3.198,0.428,,
3.458,0.392,,
3.699,0.31,,
3.915,0.191,,
4.106,0.043,,
4.279,-0.125,,
