,vis,sd_angle,sd_location
0,0.95652174,0,-0.15
1,0.95652174,1,-0.15
2,0.95652174,2,-0.15
3,0.95652174,3,-0.15
4,0.95652174,4,-0.15
5,0.95652174,5,-0.15
6,0.95652174,6,-0.15
7,0.95652174,7,-0.15
8,0.95652174,8,-0.15
9,0.95652174,9,-0.15
10,0.95652174,10,-0.15
11,0.95652174,11,-0.15
12,0.95652174,12,-0.15
13,0.95652174,13,-0.15
14,0.95652174,14,-0.15
15,0.95652174,15,-0.15
16,0.95652174,16,-0.15
17,0.95652174,17,-0.15
18,0.95652174,18,-0.15
19,0.95652174,19,-0.15
20,0.95652174,20,-0.15
21,0.95652174,21,-0.15
22,0.95652174,22,-0.15
23,0.95652174,23,-0.15
24,0.95652174,24,-0.15
25,0.95652174,25,-0.15
26,0.95652174,26,-0.15
27,0.95652174,27,-0.15
28,0.95652174,28,-0.15
29,0.95652174,29,-0.15
30,0.95652174,30,-0.15
31,0.95652174,31,-0.15
32,0.95652174,32,-0.15
33,0.95652174,33,-0.15
34,0.95652174,34,-0.15
35,0.95652174,35,-0.15
36,0.95652174,36,-0.15
37,0.95652174,37,-0.15
38,0.95652174,38,-0.15
39,0.95652174,39,-0.15
40,0.95652174,40,-0.15
41,0.95652174,41,-0.15
42,0.95652174,42,-0.15
43,0.95652174,43,-0.15
44,0.95652174,44,-0.15
45,0.95652174,45,-0.15
46,0.95652174,46,-0.15
47,0.95652174,47,-0.15
48,0.95652174,48,-0.15
49,0.95652174,49,-0.15
50,0.95652174,50,-0.15
51,0.95652174,51,-0.15
52,0.95652174,52,-0.15
53,0.95652174,53,-0.15
54,0.95652174,54,-0.15
55,0.95652174,55,-0.15
56,0.95652174,56,-0.15
57,0.95652174,57,-0.15
58,0.95652174,58,-0.15
59,0.95652174,59,-0.15
60,0.95652174,60,-0.15
61,0.95652174,61,-0.15
62,0.95652174,62,-0.15
63,0.95652174,63,-0.15
64,0.95652174,64,-0.15
65,0.95652174,65,-0.15
66,0.95652174,66,-0.15
67,0.95652174,67,-0.15
68,0.95652174,68,-0.15
69,0.95652174,69,-0.15
70,0.95652174,70,-0.15
71,0.95652174,71,-0.15
72,0.95652174,72,-0.15
73,0.95652174,73,-0.15
74,0.95652174,74,-0.15
75,0.95652174,75,-0.15
76,0.95652174,76,-0.15
77,0.95652174,77,-0.15
78,0.95652174,78,-0.15
79,0.95652174,79,-0.15
80,0.95652174,80,-0.15
81,0.95652174,81,-0.15
82,0.95652174,82,-0.15
83,0.95652174,83,-0.15
84,0.95652174,84,-0.15
85,0.95652174,85,-0.15
86,0.95652174,86,-0.15
87,0.95652174,87,-0.15
88,0.95652174,88,-0.15
89,0.95652174,89,-0.15
90,0.95652174,90,-0.15
91,0.86956522,0,-0.14
92,0.86956522,1,-0.14
93,0.86956522,2,-0.14
94,0.86956522,3,-0.14
95,0.86956522,4,-0.14
96,0.86956522,5,-0.14
97,0.86956522,6,-0.14
98,0.86956522,7,-0.14
99,0.86956522,8,-0.14
100,0.86956522,9,-0.14
101,0.86956522,10,-0.14
102,0.86956522,11,-0.14
103,0.86956522,12,-0.14
104,0.86956522,13,-0.14
105,0.86956522,14,-0.14
106,0.91304348,15,-0.14
107,0.91304348,16,-0.14
108,0.91304348,17,-0.14
109,0.91304348,18,-0.14
110,0.91304348,19,-0.14
111,0.91304348,20,-0.14
112,0.91304348,21,-0.14
113,0.91304348,22,-0.14
114,0.91304348,23,-0.14
115,0.91304348,24,-0.14
116,0.91304348,25,-0.14
117,0.91304348,26,-0.14
118,0.91304348,27,-0.14
119,0.91304348,28,-0.14
120,0.91304348,29,-0.14
121,0.91304348,30,-0.14
122,0.91304348,31,-0.14
123,0.91304348,32,-0.14
124,0.91304348,33,-0.14
125,0.91304348,34,-0.14
126,0.91304348,35,-0.14
127,0.91304348,36,-0.14
128,0.91304348,37,-0.14
129,0.91304348,38,-0.14
130,0.91304348,39,-0.14
131,0.91304348,40,-0.14
132,0.91304348,41,-0.14
133,0.91304348,42,-0.14
134,0.91304348,43,-0.14
135,0.91304348,44,-0.14
136,0.91304348,45,-0.14
137,0.91304348,46,-0.14
138,0.91304348,47,-0.14
139,0.91304348,48,-0.14
140,0.91304348,49,-0.14
141,0.91304348,50,-0.14
142,0.91304348,51,-0.14
143,0.91304348,52,-0.14
144,0.91304348,53,-0.14
145,0.91304348,54,-0.14
146,0.91304348,55,-0.14
147,0.91304348,56,-0.14
148,0.91304348,57,-0.14
149,0.91304348,58,-0.14
150,0.91304348,59,-0.14
151,0.91304348,60,-0.14
152,0.91304348,61,-0.14
153,0.91304348,62,-0.14
154,0.91304348,63,-0.14
155,0.91304348,64,-0.14
156,0.91304348,65,-0.14
157,0.91304348,66,-0.14
158,0.91304348,67,-0.14
159,0.91304348,68,-0.14
160,0.91304348,69,-0.14
161,0.91304348,70,-0.14
162,0.91304348,71,-0.14
163,0.91304348,72,-0.14
164,0.91304348,73,-0.14
165,0.91304348,74,-0.14
166,0.91304348,75,-0.14
167,0.91304348,76,-0.14
168,0.91304348,77,-0.14
169,0.91304348,78,-0.14
170,0.91304348,79,-0.14
171,0.91304348,80,-0.14
172,0.91304348,81,-0.14
173,0.91304348,82,-0.14
174,0.91304348,83,-0.14
175,0.91304348,84,-0.14
176,0.91304348,85,-0.14
177,0.91304348,86,-0.14
178,0.91304348,87,-0.14
179,0.91304348,88,-0.14
180,0.91304348,89,-0.14
181,0.91304348,90,-0.14
182,0.82608696,0,-0.13
183,0.82608696,1,-0.13
184,0.82608696,2,-0.13
185,0.82608696,3,-0.13
186,0.82608696,4,-0.13
187,0.82608696,5,-0.13
188,0.82608696,6,-0.13
189,0.82608696,7,-0.13
190,0.82608696,8,-0.13
191,0.82608696,9,-0.13
192,0.82608696,10,-0.13
193,0.82608696,11,-0.13
194,0.82608696,12,-0.13
195,0.82608696,13,-0.13
196,0.82608696,14,-0.13
197,0.82608696,15,-0.13
198,0.82608696,16,-0.13
199,0.82608696,17,-0.13
200,0.82608696,18,-0.13
201,0.82608696,19,-0.13
202,0.82608696,20,-0.13
203,0.82608696,21,-0.13
204,0.82608696,22,-0.13
205,0.82608696,23,-0.13
206,0.82608696,24,-0.13
207,0.82608696,25,-0.13
208,0.82608696,26,-0.13
209,0.82608696,27,-0.13
210,0.82608696,28,-0.13
211,0.82608696,29,-0.13
212,0.82608696,30,-0.13
213,0.82608696,31,-0.13
214,0.82608696,32,-0.13
215,0.82608696,33,-0.13
216,0.82608696,34,-0.13
217,0.82608696,35,-0.13
218,0.82608696,36,-0.13
219,0.82608696,37,-0.13
220,0.82608696,38,-0.13
221,0.82608696,39,-0.13
222,0.82608696,40,-0.13
223,0.82608696,41,-0.13
224,0.82608696,42,-0.13
225,0.82608696,43,-0.13
226,0.82608696,44,-0.13
227,0.82608696,45,-0.13
228,0.82608696,46,-0.13
229,0.82608696,47,-0.13
230,0.82608696,48,-0.13
231,0.82608696,49,-0.13
232,0.82608696,50,-0.13
233,0.82608696,51,-0.13
234,0.82608696,52,-0.13
235,0.82608696,53,-0.13
236,0.82608696,54,-0.13
237,0.82608696,55,-0.13
238,0.82608696,56,-0.13
239,0.82608696,57,-0.13
240,0.82608696,58,-0.13
241,0.82608696,59,-0.13
242,0.82608696,60,-0.13
243,0.82608696,61,-0.13
244,0.82608696,62,-0.13
245,0.82608696,63,-0.13
246,0.82608696,64,-0.13
247,0.82608696,65,-0.13
248,0.82608696,66,-0.13
249,0.82608696,67,-0.13
250,0.82608696,68,-0.13
251,0.82608696,69,-0.13
252,0.82608696,70,-0.13
253,0.82608696,71,-0.13
254,0.82608696,72,-0.13
255,0.82608696,73,-0.13
256,0.82608696,74,-0.13
257,0.82608696,75,-0.13
258,0.82608696,76,-0.13
259,0.82608696,77,-0.13
260,0.82608696,78,-0.13
261,0.82608696,79,-0.13
262,0.82608696,80,-0.13
263,0.82608696,81,-0.13
264,0.82608696,82,-0.13
265,0.82608696,83,-0.13
266,0.82608696,84,-0.13
267,0.82608696,85,-0.13
268,0.82608696,86,-0.13
269,0.82608696,87,-0.13
270,0.82608696,88,-0.13
271,0.82608696,89,-0.13
272,0.82608696,90,-0.13
273,0.7826087,0,-0.12
274,0.7826087,1,-0.12
275,0.7826087,2,-0.12
276,0.7826087,3,-0.12
277,0.7826087,4,-0.12
278,0.7826087,5,-0.12
279,0.7826087,6,-0.12
280,0.7826087,7,-0.12
281,0.7826087,8,-0.12
282,0.7826087,9,-0.12
283,0.7826087,10,-0.12
284,0.7826087,11,-0.12
285,0.7826087,12,-0.12
286,0.7826087,13,-0.12
287,0.7826087,14,-0.12
288,0.7826087,15,-0.12
289,0.7826087,16,-0.12
290,0.7826087,17,-0.12
291,0.7826087,18,-0.12
292,0.7826087,19,-0.12
293,0.7826087,20,-0.12
294,0.7826087,21,-0.12
295,0.7826087,22,-0.12
296,0.7826087,23,-0.12
297,0.7826087,24,-0.12
298,0.7826087,25,-0.12
299,0.7826087,26,-0.12
300,0.7826087,27,-0.12
301,0.7826087,28,-0.12
302,0.7826087,29,-0.12
303,0.7826087,30,-0.12
304,0.7826087,31,-0.12
305,0.7826087,32,-0.12
306,0.7826087,33,-0.12
307,0.7826087,34,-0.12
308,0.7826087,35,-0.12
309,0.7826087,36,-0.12
310,0.7826087,37,-0.12
311,0.7826087,38,-0.12
312,0.7826087,39,-0.12
313,0.7826087,40,-0.12
314,0.7826087,41,-0.12
315,0.7826087,42,-0.12
316,0.7826087,43,-0.12
317,0.7826087,44,-0.12
318,0.7826087,45,-0.12
319,0.7826087,46,-0.12
320,0.7826087,47,-0.12
321,0.7826087,48,-0.12
322,0.7826087,49,-0.12
323,0.7826087,50,-0.12
324,0.7826087,51,-0.12
325,0.7826087,52,-0.12
326,0.7826087,53,-0.12
327,0.7826087,54,-0.12
328,0.7826087,55,-0.12
329,0.7826087,56,-0.12
330,0.7826087,57,-0.12
331,0.7826087,58,-0.12
332,0.7826087,59,-0.12
333,0.7826087,60,-0.12
334,0.7826087,61,-0.12
335,0.7826087,62,-0.12
336,0.7826087,63,-0.12
337,0.7826087,64,-0.12
338,0.7826087,65,-0.12
339,0.7826087,66,-0.12
340,0.7826087,67,-0.12
341,0.7826087,68,-0.12
342,0.7826087,69,-0.12
343,0.7826087,70,-0.12
344,0.7826087,71,-0.12
345,0.7826087,72,-0.12
346,0.7826087,73,-0.12
347,0.7826087,74,-0.12
348,0.7826087,75,-0.12
349,0.7826087,76,-0.12
350,0.7826087,77,-0.12
351,0.7826087,78,-0.12
352,0.7826087,79,-0.12
353,0.7826087,80,-0.12
354,0.7826087,81,-0.12
355,0.7826087,82,-0.12
356,0.7826087,83,-0.12
357,0.7826087,84,-0.12
358,0.7826087,85,-0.12
359,0.7826087,86,-0.12
360,0.7826087,87,-0.12
361,0.7826087,88,-0.12
362,0.7826087,89,-0.12
363,0.7826087,90,-0.12
364,0.69565217,0,-0.11
365,0.69565217,1,-0.11
366,0.69565217,2,-0.11
367,0.69565217,3,-0.11
368,0.69565217,4,-0.11
369,0.69565217,5,-0.11
370,0.69565217,6,-0.11
371,0.69565217,7,-0.11
372,0.69565217,8,-0.11
373,0.69565217,9,-0.11
374,0.69565217,10,-0.11
375,0.69565217,11,-0.11
376,0.69565217,12,-0.11
377,0.69565217,13,-0.11
378,0.69565217,14,-0.11
379,0.69565217,15,-0.11
380,0.69565217,16,-0.11
381,0.69565217,17,-0.11
382,0.69565217,18,-0.11
383,0.69565217,19,-0.11
384,0.69565217,20,-0.11
385,0.69565217,21,-0.11
386,0.69565217,22,-0.11
387,0.69565217,23,-0.11
388,0.69565217,24,-0.11
389,0.69565217,25,-0.11
390,0.69565217,26,-0.11
391,0.69565217,27,-0.11
392,0.69565217,28,-0.11
393,0.69565217,29,-0.11
394,0.69565217,30,-0.11
395,0.69565217,31,-0.11
396,0.69565217,32,-0.11
397,0.69565217,33,-0.11
398,0.69565217,34,-0.11
399,0.69565217,35,-0.11
400,0.69565217,36,-0.11
401,0.69565217,37,-0.11
402,0.69565217,38,-0.11
403,0.69565217,39,-0.11
404,0.69565217,40,-0.11
405,0.69565217,41,-0.11
406,0.69565217,42,-0.11
407,0.69565217,43,-0.11
408,0.69565217,44,-0.11
409,0.69565217,45,-0.11
410,0.69565217,46,-0.11
411,0.69565217,47,-0.11
412,0.69565217,48,-0.11
413,0.69565217,49,-0.11
414,0.69565217,50,-0.11
415,0.69565217,51,-0.11
416,0.69565217,52,-0.11
417,0.69565217,53,-0.11
418,0.69565217,54,-0.11
419,0.69565217,55,-0.11
420,0.69565217,56,-0.11
421,0.69565217,57,-0.11
422,0.69565217,58,-0.11
423,0.69565217,59,-0.11
424,0.69565217,60,-0.11
425,0.69565217,61,-0.11
426,0.69565217,62,-0.11
427,0.69565217,63,-0.11
428,0.69565217,64,-0.11
429,0.69565217,65,-0.11
430,0.69565217,66,-0.11
431,0.69565217,67,-0.11
432,0.69565217,68,-0.11
433,0.69565217,69,-0.11
434,0.69565217,70,-0.11
435,0.69565217,71,-0.11
436,0.69565217,72,-0.11
437,0.69565217,73,-0.11
438,0.69565217,74,-0.11
439,0.69565217,75,-0.11
440,0.69565217,76,-0.11
441,0.69565217,77,-0.11
442,0.69565217,78,-0.11
443,0.69565217,79,-0.11
444,0.69565217,80,-0.11
445,0.69565217,81,-0.11
446,0.69565217,82,-0.11
447,0.69565217,83,-0.11
448,0.69565217,84,-0.11
449,0.69565217,85,-0.11
450,0.69565217,86,-0.11
451,0.69565217,87,-0.11
452,0.69565217,88,-0.11
453,0.69565217,89,-0.11
454,0.69565217,90,-0.11
455,0.65217391,0,-0.1
456,0.65217391,1,-0.1
457,0.65217391,2,-0.1
458,0.65217391,3,-0.1
459,0.65217391,4,-0.1
460,0.65217391,5,-0.1
461,0.65217391,6,-0.1
462,0.65217391,7,-0.1
463,0.65217391,8,-0.1
464,0.65217391,9,-0.1
465,0.65217391,10,-0.1
466,0.65217391,11,-0.1
467,0.65217391,12,-0.1
468,0.65217391,13,-0.1
469,0.65217391,14,-0.1
470,0.65217391,15,-0.1
471,0.65217391,16,-0.1
472,0.65217391,17,-0.1
473,0.65217391,18,-0.1
474,0.65217391,19,-0.1
475,0.65217391,20,-0.1
476,0.65217391,21,-0.1
477,0.65217391,22,-0.1
478,0.65217391,23,-0.1
479,0.65217391,24,-0.1
480,0.65217391,25,-0.1
481,0.65217391,26,-0.1
482,0.65217391,27,-0.1
483,0.65217391,28,-0.1
484,0.65217391,29,-0.1
485,0.65217391,30,-0.1
486,0.65217391,31,-0.1
487,0.65217391,32,-0.1
488,0.65217391,33,-0.1
489,0.65217391,34,-0.1
490,0.65217391,35,-0.1
491,0.65217391,36,-0.1
492,0.65217391,37,-0.1
493,0.65217391,38,-0.1
494,0.65217391,39,-0.1
495,0.65217391,40,-0.1
496,0.65217391,41,-0.1
497,0.65217391,42,-0.1
498,0.65217391,43,-0.1
499,0.65217391,44,-0.1
500,0.65217391,45,-0.1
501,0.65217391,46,-0.1
502,0.65217391,47,-0.1
503,0.65217391,48,-0.1
504,0.65217391,49,-0.1
505,0.65217391,50,-0.1
506,0.65217391,51,-0.1
507,0.65217391,52,-0.1
508,0.65217391,53,-0.1
509,0.65217391,54,-0.1
510,0.65217391,55,-0.1
511,0.65217391,56,-0.1
512,0.65217391,57,-0.1
513,0.65217391,58,-0.1
514,0.65217391,59,-0.1
515,0.65217391,60,-0.1
516,0.65217391,61,-0.1
517,0.65217391,62,-0.1
518,0.65217391,63,-0.1
519,0.65217391,64,-0.1
520,0.65217391,65,-0.1
521,0.65217391,66,-0.1
522,0.65217391,67,-0.1
523,0.65217391,68,-0.1
524,0.65217391,69,-0.1
525,0.65217391,70,-0.1
526,0.65217391,71,-0.1
527,0.65217391,72,-0.1
528,0.65217391,73,-0.1
529,0.65217391,74,-0.1
530,0.65217391,75,-0.1
531,0.65217391,76,-0.1
532,0.65217391,77,-0.1
533,0.65217391,78,-0.1
534,0.65217391,79,-0.1
535,0.65217391,80,-0.1
536,0.65217391,81,-0.1
537,0.65217391,82,-0.1
538,0.65217391,83,-0.1
539,0.65217391,84,-0.1
540,0.65217391,85,-0.1
541,0.65217391,86,-0.1
542,0.65217391,87,-0.1
543,0.65217391,88,-0.1
544,0.65217391,89,-0.1
545,0.65217391,90,-0.1
546,0.56521739,0,-0.09
547,0.56521739,1,-0.09
548,0.56521739,2,-0.09
549,0.56521739,3,-0.09
550,0.56521739,4,-0.09
551,0.56521739,5,-0.09
552,0.56521739,6,-0.09
553,0.56521739,7,-0.09
554,0.56521739,8,-0.09
555,0.56521739,9,-0.09
556,0.56521739,10,-0.09
557,0.56521739,11,-0.09
558,0.56521739,12,-0.09
559,0.56521739,13,-0.09
560,0.56521739,14,-0.09
561,0.56521739,15,-0.09
562,0.56521739,16,-0.09
563,0.56521739,17,-0.09
564,0.56521739,18,-0.09
565,0.56521739,19,-0.09
566,0.56521739,20,-0.09
567,0.56521739,21,-0.09
568,0.56521739,22,-0.09
569,0.56521739,23,-0.09
570,0.56521739,24,-0.09
571,0.56521739,25,-0.09
572,0.56521739,26,-0.09
573,0.56521739,27,-0.09
574,0.56521739,28,-0.09
575,0.56521739,29,-0.09
576,0.56521739,30,-0.09
577,0.56521739,31,-0.09
578,0.56521739,32,-0.09
579,0.56521739,33,-0.09
580,0.56521739,34,-0.09
581,0.56521739,35,-0.09
582,0.56521739,36,-0.09
583,0.56521739,37,-0.09
584,0.56521739,38,-0.09
585,0.56521739,39,-0.09
586,0.56521739,40,-0.09
587,0.56521739,41,-0.09
588,0.56521739,42,-0.09
589,0.56521739,43,-0.09
590,0.56521739,44,-0.09
591,0.56521739,45,-0.09
592,0.56521739,46,-0.09
593,0.56521739,47,-0.09
594,0.56521739,48,-0.09
595,0.56521739,49,-0.09
596,0.56521739,50,-0.09
597,0.56521739,51,-0.09
598,0.56521739,52,-0.09
599,0.56521739,53,-0.09
600,0.56521739,54,-0.09
601,0.56521739,55,-0.09
602,0.56521739,56,-0.09
603,0.56521739,57,-0.09
604,0.56521739,58,-0.09
605,0.56521739,59,-0.09
606,0.56521739,60,-0.09
607,0.56521739,61,-0.09
608,0.56521739,62,-0.09
609,0.56521739,63,-0.09
610,0.56521739,64,-0.09
611,0.56521739,65,-0.09
612,0.56521739,66,-0.09
613,0.56521739,67,-0.09
614,0.56521739,68,-0.09
615,0.56521739,69,-0.09
616,0.56521739,70,-0.09
617,0.56521739,71,-0.09
618,0.56521739,72,-0.09
619,0.56521739,73,-0.09
620,0.56521739,74,-0.09
621,0.56521739,75,-0.09
622,0.56521739,76,-0.09
623,0.56521739,77,-0.09
624,0.56521739,78,-0.09
625,0.56521739,79,-0.09
626,0.56521739,80,-0.09
627,0.56521739,81,-0.09
628,0.56521739,82,-0.09
629,0.56521739,83,-0.09
630,0.56521739,84,-0.09
631,0.56521739,85,-0.09
632,0.56521739,86,-0.09
633,0.56521739,87,-0.09
634,0.56521739,88,-0.09
635,0.56521739,89,-0.09
636,0.56521739,90,-0.09
637,0.52173913,0,-0.08
638,0.52173913,1,-0.08
639,0.52173913,2,-0.08
640,0.52173913,3,-0.08
641,0.52173913,4,-0.08
642,0.52173913,5,-0.08
643,0.52173913,6,-0.08
644,0.52173913,7,-0.08
645,0.52173913,8,-0.08
646,0.52173913,9,-0.08
647,0.52173913,10,-0.08
648,0.52173913,11,-0.08
649,0.52173913,12,-0.08
650,0.52173913,13,-0.08
651,0.52173913,14,-0.08
652,0.52173913,15,-0.08
653,0.52173913,16,-0.08
654,0.52173913,17,-0.08
655,0.52173913,18,-0.08
656,0.52173913,19,-0.08
657,0.52173913,20,-0.08
658,0.52173913,21,-0.08
659,0.52173913,22,-0.08
660,0.52173913,23,-0.08
661,0.52173913,24,-0.08
662,0.52173913,25,-0.08
663,0.52173913,26,-0.08
664,0.52173913,27,-0.08
665,0.52173913,28,-0.08
666,0.52173913,29,-0.08
667,0.52173913,30,-0.08
668,0.52173913,31,-0.08
669,0.52173913,32,-0.08
670,0.52173913,33,-0.08
671,0.52173913,34,-0.08
672,0.52173913,35,-0.08
673,0.52173913,36,-0.08
674,0.52173913,37,-0.08
675,0.52173913,38,-0.08
676,0.52173913,39,-0.08
677,0.52173913,40,-0.08
678,0.52173913,41,-0.08
679,0.52173913,42,-0.08
680,0.52173913,43,-0.08
681,0.52173913,44,-0.08
682,0.52173913,45,-0.08
683,0.52173913,46,-0.08
684,0.52173913,47,-0.08
685,0.52173913,48,-0.08
686,0.52173913,49,-0.08
687,0.52173913,50,-0.08
688,0.52173913,51,-0.08
689,0.52173913,52,-0.08
690,0.52173913,53,-0.08
691,0.52173913,54,-0.08
692,0.52173913,55,-0.08
693,0.52173913,56,-0.08
694,0.52173913,57,-0.08
695,0.52173913,58,-0.08
696,0.52173913,59,-0.08
697,0.52173913,60,-0.08
698,0.52173913,61,-0.08
699,0.52173913,62,-0.08
700,0.52173913,63,-0.08
701,0.52173913,64,-0.08
702,0.52173913,65,-0.08
703,0.52173913,66,-0.08
704,0.52173913,67,-0.08
705,0.52173913,68,-0.08
706,0.52173913,69,-0.08
707,0.52173913,70,-0.08
708,0.52173913,71,-0.08
709,0.52173913,72,-0.08
710,0.52173913,73,-0.08
711,0.52173913,74,-0.08
712,0.52173913,75,-0.08
713,0.52173913,76,-0.08
714,0.52173913,77,-0.08
715,0.52173913,78,-0.08
716,0.52173913,79,-0.08
717,0.52173913,80,-0.08
718,0.52173913,81,-0.08
719,0.52173913,82,-0.08
720,0.52173913,83,-0.08
721,0.52173913,84,-0.08
722,0.52173913,85,-0.08
723,0.52173913,86,-0.08
724,0.52173913,87,-0.08
725,0.52173913,88,-0.08
726,0.52173913,89,-0.08
727,0.52173913,90,-0.08
728,0.43478261,0,-0.07
729,0.43478261,1,-0.07
730,0.43478261,2,-0.07
731,0.43478261,3,-0.07
732,0.43478261,4,-0.07
733,0.43478261,5,-0.07
734,0.43478261,6,-0.07
735,0.43478261,7,-0.07
736,0.43478261,8,-0.07
737,0.43478261,9,-0.07
738,0.43478261,10,-0.07
739,0.43478261,11,-0.07
740,0.43478261,12,-0.07
741,0.43478261,13,-0.07
742,0.43478261,14,-0.07
743,0.43478261,15,-0.07
744,0.43478261,16,-0.07
745,0.43478261,17,-0.07
746,0.43478261,18,-0.07
747,0.43478261,19,-0.07
748,0.43478261,20,-0.07
749,0.43478261,21,-0.07
750,0.43478261,22,-0.07
751,0.43478261,23,-0.07
752,0.43478261,24,-0.07
753,0.43478261,25,-0.07
754,0.43478261,26,-0.07
755,0.43478261,27,-0.07
756,0.43478261,28,-0.07
757,0.43478261,29,-0.07
758,0.43478261,30,-0.07
759,0.43478261,31,-0.07
760,0.43478261,32,-0.07
761,0.43478261,33,-0.07
762,0.43478261,34,-0.07
763,0.43478261,35,-0.07
764,0.43478261,36,-0.07
765,0.43478261,37,-0.07
766,0.43478261,38,-0.07
767,0.43478261,39,-0.07
768,0.43478261,40,-0.07
769,0.43478261,41,-0.07
770,0.43478261,42,-0.07
771,0.43478261,43,-0.07
772,0.43478261,44,-0.07
773,0.43478261,45,-0.07
774,0.43478261,46,-0.07
775,0.43478261,47,-0.07
776,0.43478261,48,-0.07
777,0.43478261,49,-0.07
778,0.43478261,50,-0.07
779,0.43478261,51,-0.07
780,0.43478261,52,-0.07
781,0.43478261,53,-0.07
782,0.43478261,54,-0.07
783,0.43478261,55,-0.07
784,0.43478261,56,-0.07
785,0.43478261,57,-0.07
786,0.43478261,58,-0.07
787,0.43478261,59,-0.07
788,0.43478261,60,-0.07
789,0.43478261,61,-0.07
790,0.43478261,62,-0.07
791,0.43478261,63,-0.07
792,0.43478261,64,-0.07
793,0.43478261,65,-0.07
794,0.43478261,66,-0.07
795,0.43478261,67,-0.07
796,0.43478261,68,-0.07
797,0.43478261,69,-0.07
798,0.43478261,70,-0.07
799,0.43478261,71,-0.07
800,0.43478261,72,-0.07
801,0.43478261,73,-0.07
802,0.43478261,74,-0.07
803,0.43478261,75,-0.07
804,0.43478261,76,-0.07
805,0.43478261,77,-0.07
806,0.43478261,78,-0.07
807,0.43478261,79,-0.07
808,0.43478261,80,-0.07
809,0.43478261,81,-0.07
810,0.43478261,82,-0.07
811,0.43478261,83,-0.07
812,0.43478261,84,-0.07
813,0.43478261,85,-0.07
814,0.43478261,86,-0.07
815,0.43478261,87,-0.07
816,0.43478261,88,-0.07
817,0.43478261,89,-0.07
818,0.43478261,90,-0.07
819,0.39130435,0,-0.06
820,0.39130435,1,-0.06
821,0.39130435,2,-0.06
822,0.39130435,3,-0.06
823,0.39130435,4,-0.06
824,0.39130435,5,-0.06
825,0.39130435,6,-0.06
826,0.39130435,7,-0.06
827,0.39130435,8,-0.06
828,0.39130435,9,-0.06
829,0.39130435,10,-0.06
830,0.39130435,11,-0.06
831,0.39130435,12,-0.06
832,0.39130435,13,-0.06
833,0.39130435,14,-0.06
834,0.39130435,15,-0.06
835,0.39130435,16,-0.06
836,0.39130435,17,-0.06
837,0.39130435,18,-0.06
838,0.39130435,19,-0.06
839,0.39130435,20,-0.06
840,0.39130435,21,-0.06
841,0.39130435,22,-0.06
842,0.39130435,23,-0.06
843,0.39130435,24,-0.06
844,0.39130435,25,-0.06
845,0.39130435,26,-0.06
846,0.39130435,27,-0.06
847,0.39130435,28,-0.06
848,0.39130435,29,-0.06
849,0.39130435,30,-0.06
850,0.39130435,31,-0.06
851,0.39130435,32,-0.06
852,0.39130435,33,-0.06
853,0.39130435,34,-0.06
854,0.39130435,35,-0.06
855,0.39130435,36,-0.06
856,0.39130435,37,-0.06
857,0.39130435,38,-0.06
858,0.39130435,39,-0.06
859,0.39130435,40,-0.06
860,0.39130435,41,-0.06
861,0.39130435,42,-0.06
862,0.39130435,43,-0.06
863,0.39130435,44,-0.06
864,0.39130435,45,-0.06
865,0.39130435,46,-0.06
866,0.39130435,47,-0.06
867,0.39130435,48,-0.06
868,0.39130435,49,-0.06
869,0.39130435,50,-0.06
870,0.39130435,51,-0.06
871,0.39130435,52,-0.06
872,0.39130435,53,-0.06
873,0.39130435,54,-0.06
874,0.39130435,55,-0.06
875,0.39130435,56,-0.06
876,0.39130435,57,-0.06
877,0.39130435,58,-0.06
878,0.39130435,59,-0.06
879,0.39130435,60,-0.06
880,0.39130435,61,-0.06
881,0.39130435,62,-0.06
882,0.39130435,63,-0.06
883,0.39130435,64,-0.06
884,0.39130435,65,-0.06
885,0.39130435,66,-0.06
886,0.39130435,67,-0.06
887,0.39130435,68,-0.06
888,0.39130435,69,-0.06
889,0.39130435,70,-0.06
890,0.39130435,71,-0.06
891,0.39130435,72,-0.06
892,0.39130435,73,-0.06
893,0.39130435,74,-0.06
894,0.39130435,75,-0.06
895,0.39130435,76,-0.06
896,0.39130435,77,-0.06
897,0.39130435,78,-0.06
898,0.43478261,79,-0.06
899,0.43478261,80,-0.06
900,0.47826087,81,-0.06
901,0.47826087,82,-0.06
902,0.47826087,83,-0.06
903,0.47826087,84,-0.06
904,0.47826087,85,-0.06
905,0.47826087,86,-0.06
906,0.47826087,87,-0.06
907,0.47826087,88,-0.06
908,0.47826087,89,-0.06
909,0.47826087,90,-0.06
910,0.30434783,0,-0.05
911,0.30434783,1,-0.05
912,0.30434783,2,-0.05
913,0.30434783,3,-0.05
914,0.30434783,4,-0.05
915,0.30434783,5,-0.05
916,0.30434783,6,-0.05
917,0.30434783,7,-0.05
918,0.30434783,8,-0.05
919,0.30434783,9,-0.05
920,0.30434783,10,-0.05
921,0.30434783,11,-0.05
922,0.30434783,12,-0.05
923,0.30434783,13,-0.05
924,0.30434783,14,-0.05
925,0.30434783,15,-0.05
926,0.30434783,16,-0.05
927,0.30434783,17,-0.05
928,0.30434783,18,-0.05
929,0.30434783,19,-0.05
930,0.30434783,20,-0.05
931,0.30434783,21,-0.05
932,0.30434783,22,-0.05
933,0.30434783,23,-0.05
934,0.30434783,24,-0.05
935,0.30434783,25,-0.05
936,0.30434783,26,-0.05
937,0.30434783,27,-0.05
938,0.30434783,28,-0.05
939,0.30434783,29,-0.05
940,0.30434783,30,-0.05
941,0.30434783,31,-0.05
942,0.30434783,32,-0.05
943,0.30434783,33,-0.05
944,0.30434783,34,-0.05
945,0.30434783,35,-0.05
946,0.30434783,36,-0.05
947,0.30434783,37,-0.05
948,0.30434783,38,-0.05
949,0.30434783,39,-0.05
950,0.30434783,40,-0.05
951,0.30434783,41,-0.05
952,0.30434783,42,-0.05
953,0.30434783,43,-0.05
954,0.30434783,44,-0.05
955,0.30434783,45,-0.05
956,0.30434783,46,-0.05
957,0.30434783,47,-0.05
958,0.30434783,48,-0.05
959,0.30434783,49,-0.05
960,0.30434783,50,-0.05
961,0.30434783,51,-0.05
962,0.30434783,52,-0.05
963,0.30434783,53,-0.05
964,0.30434783,54,-0.05
965,0.30434783,55,-0.05
966,0.30434783,56,-0.05
967,0.30434783,57,-0.05
968,0.30434783,58,-0.05
969,0.30434783,59,-0.05
970,0.30434783,60,-0.05
971,0.30434783,61,-0.05
972,0.30434783,62,-0.05
973,0.30434783,63,-0.05
974,0.30434783,64,-0.05
975,0.30434783,65,-0.05
976,0.30434783,66,-0.05
977,0.30434783,67,-0.05
978,0.30434783,68,-0.05
979,0.30434783,69,-0.05
980,0.30434783,70,-0.05
981,0.30434783,71,-0.05
982,0.30434783,72,-0.05
983,0.30434783,73,-0.05
984,0.30434783,74,-0.05
985,0.30434783,75,-0.05
986,0.30434783,76,-0.05
987,0.30434783,77,-0.05
988,0.30434783,78,-0.05
989,0.30434783,79,-0.05
990,0.30434783,80,-0.05
991,0.30434783,81,-0.05
992,0.30434783,82,-0.05
993,0.30434783,83,-0.05
994,0.30434783,84,-0.05
995,0.30434783,85,-0.05
996,0.30434783,86,-0.05
997,0.30434783,87,-0.05
998,0.30434783,88,-0.05
999,0.30434783,89,-0.05
1000,0.30434783,90,-0.05
1001,0.26086957,0,-0.04
1002,0.26086957,1,-0.04
1003,0.26086957,2,-0.04
1004,0.26086957,3,-0.04
1005,0.26086957,4,-0.04
1006,0.26086957,5,-0.04
1007,0.26086957,6,-0.04
1008,0.26086957,7,-0.04
1009,0.26086957,8,-0.04
1010,0.26086957,9,-0.04
1011,0.26086957,10,-0.04
1012,0.26086957,11,-0.04
1013,0.26086957,12,-0.04
1014,0.26086957,13,-0.04
1015,0.26086957,14,-0.04
1016,0.26086957,15,-0.04
1017,0.26086957,16,-0.04
1018,0.26086957,17,-0.04
1019,0.26086957,18,-0.04
1020,0.26086957,19,-0.04
1021,0.26086957,20,-0.04
1022,0.26086957,21,-0.04
1023,0.26086957,22,-0.04
1024,0.26086957,23,-0.04
1025,0.26086957,24,-0.04
1026,0.26086957,25,-0.04
1027,0.26086957,26,-0.04
1028,0.26086957,27,-0.04
1029,0.26086957,28,-0.04
1030,0.26086957,29,-0.04
1031,0.26086957,30,-0.04
1032,0.26086957,31,-0.04
1033,0.26086957,32,-0.04
1034,0.26086957,33,-0.04
1035,0.26086957,34,-0.04
1036,0.26086957,35,-0.04
1037,0.26086957,36,-0.04
1038,0.26086957,37,-0.04
1039,0.26086957,38,-0.04
1040,0.26086957,39,-0.04
1041,0.26086957,40,-0.04
1042,0.26086957,41,-0.04
1043,0.26086957,42,-0.04
1044,0.26086957,43,-0.04
1045,0.26086957,44,-0.04
1046,0.26086957,45,-0.04
1047,0.26086957,46,-0.04
1048,0.26086957,47,-0.04
1049,0.26086957,48,-0.04
1050,0.26086957,49,-0.04
1051,0.26086957,50,-0.04
1052,0.26086957,51,-0.04
1053,0.26086957,52,-0.04
1054,0.26086957,53,-0.04
1055,0.26086957,54,-0.04
1056,0.26086957,55,-0.04
1057,0.26086957,56,-0.04
1058,0.26086957,57,-0.04
1059,0.26086957,58,-0.04
1060,0.26086957,59,-0.04
1061,0.26086957,60,-0.04
1062,0.26086957,61,-0.04
1063,0.26086957,62,-0.04
1064,0.26086957,63,-0.04
1065,0.26086957,64,-0.04
1066,0.26086957,65,-0.04
1067,0.26086957,66,-0.04
1068,0.26086957,67,-0.04
1069,0.26086957,68,-0.04
1070,0.26086957,69,-0.04
1071,0.26086957,70,-0.04
1072,0.26086957,71,-0.04
1073,0.26086957,72,-0.04
1074,0.26086957,73,-0.04
1075,0.26086957,74,-0.04
1076,0.26086957,75,-0.04
1077,0.30434783,76,-0.04
1078,0.30434783,77,-0.04
1079,0.30434783,78,-0.04
1080,0.30434783,79,-0.04
1081,0.30434783,80,-0.04
1082,0.30434783,81,-0.04
1083,0.34782609,82,-0.04
1084,0.39130435,83,-0.04
1085,0.43478261,84,-0.04
1086,0.43478261,85,-0.04
1087,0.43478261,86,-0.04
1088,0.43478261,87,-0.04
1089,0.47826087,88,-0.04
1090,0.47826087,89,-0.04
1091,0.52173913,90,-0.04
1092,0.17391304,0,-0.03
1093,0.17391304,1,-0.03
1094,0.17391304,2,-0.03
1095,0.17391304,3,-0.03
1096,0.17391304,4,-0.03
1097,0.17391304,5,-0.03
1098,0.17391304,6,-0.03
1099,0.17391304,7,-0.03
1100,0.17391304,8,-0.03
1101,0.17391304,9,-0.03
1102,0.17391304,10,-0.03
1103,0.17391304,11,-0.03
1104,0.17391304,12,-0.03
1105,0.17391304,13,-0.03
1106,0.17391304,14,-0.03
1107,0.17391304,15,-0.03
1108,0.17391304,16,-0.03
1109,0.17391304,17,-0.03
1110,0.17391304,18,-0.03
1111,0.17391304,19,-0.03
1112,0.17391304,20,-0.03
1113,0.17391304,21,-0.03
1114,0.17391304,22,-0.03
1115,0.17391304,23,-0.03
1116,0.17391304,24,-0.03
1117,0.17391304,25,-0.03
1118,0.17391304,26,-0.03
1119,0.17391304,27,-0.03
1120,0.17391304,28,-0.03
1121,0.17391304,29,-0.03
1122,0.17391304,30,-0.03
1123,0.17391304,31,-0.03
1124,0.17391304,32,-0.03
1125,0.17391304,33,-0.03
1126,0.17391304,34,-0.03
1127,0.17391304,35,-0.03
1128,0.17391304,36,-0.03
1129,0.17391304,37,-0.03
1130,0.17391304,38,-0.03
1131,0.17391304,39,-0.03
1132,0.17391304,40,-0.03
1133,0.17391304,41,-0.03
1134,0.17391304,42,-0.03
1135,0.17391304,43,-0.03
1136,0.17391304,44,-0.03
1137,0.17391304,45,-0.03
1138,0.17391304,46,-0.03
1139,0.17391304,47,-0.03
1140,0.17391304,48,-0.03
1141,0.17391304,49,-0.03
1142,0.17391304,50,-0.03
1143,0.17391304,51,-0.03
1144,0.17391304,52,-0.03
1145,0.17391304,53,-0.03
1146,0.17391304,54,-0.03
1147,0.17391304,55,-0.03
1148,0.17391304,56,-0.03
1149,0.17391304,57,-0.03
1150,0.17391304,58,-0.03
1151,0.17391304,59,-0.03
1152,0.17391304,60,-0.03
1153,0.2173913,61,-0.03
1154,0.2173913,62,-0.03
1155,0.2173913,63,-0.03
1156,0.2173913,64,-0.03
1157,0.2173913,65,-0.03
1158,0.2173913,66,-0.03
1159,0.2173913,67,-0.03
1160,0.2173913,68,-0.03
1161,0.2173913,69,-0.03
1162,0.2173913,70,-0.03
1163,0.2173913,71,-0.03
1164,0.2173913,72,-0.03
1165,0.34782609,73,-0.03
1166,0.34782609,74,-0.03
1167,0.34782609,75,-0.03
1168,0.34782609,76,-0.03
1169,0.34782609,77,-0.03
1170,0.34782609,78,-0.03
1171,0.34782609,79,-0.03
1172,0.34782609,80,-0.03
1173,0.34782609,81,-0.03
1174,0.34782609,82,-0.03
1175,0.34782609,83,-0.03
1176,0.39130435,84,-0.03
1177,0.47826087,85,-0.03
1178,0.47826087,86,-0.03
1179,0.47826087,87,-0.03
1180,0.47826087,88,-0.03
1181,0.47826087,89,-0.03
1182,0.47826087,90,-0.03
1183,0.13043478,0,-0.02
1184,0.13043478,1,-0.02
1185,0.13043478,2,-0.02
1186,0.13043478,3,-0.02
1187,0.13043478,4,-0.02
1188,0.13043478,5,-0.02
1189,0.13043478,6,-0.02
1190,0.13043478,7,-0.02
1191,0.13043478,8,-0.02
1192,0.13043478,9,-0.02
1193,0.13043478,10,-0.02
1194,0.13043478,11,-0.02
1195,0.13043478,12,-0.02
1196,0.13043478,13,-0.02
1197,0.13043478,14,-0.02
1198,0.13043478,15,-0.02
1199,0.13043478,16,-0.02
1200,0.13043478,17,-0.02
1201,0.13043478,18,-0.02
1202,0.13043478,19,-0.02
1203,0.13043478,20,-0.02
1204,0.13043478,21,-0.02
1205,0.13043478,22,-0.02
1206,0.13043478,23,-0.02
1207,0.13043478,24,-0.02
1208,0.13043478,25,-0.02
1209,0.13043478,26,-0.02
1210,0.13043478,27,-0.02
1211,0.13043478,28,-0.02
1212,0.13043478,29,-0.02
1213,0.13043478,30,-0.02
1214,0.13043478,31,-0.02
1215,0.13043478,32,-0.02
1216,0.13043478,33,-0.02
1217,0.13043478,34,-0.02
1218,0.13043478,35,-0.02
1219,0.13043478,36,-0.02
1220,0.13043478,37,-0.02
1221,0.13043478,38,-0.02
1222,0.13043478,39,-0.02
1223,0.13043478,40,-0.02
1224,0.13043478,41,-0.02
1225,0.13043478,42,-0.02
1226,0.13043478,43,-0.02
1227,0.13043478,44,-0.02
1228,0.13043478,45,-0.02
1229,0.13043478,46,-0.02
1230,0.13043478,47,-0.02
1231,0.13043478,48,-0.02
1232,0.13043478,49,-0.02
1233,0.13043478,50,-0.02
1234,0.13043478,51,-0.02
1235,0.13043478,52,-0.02
1236,0.13043478,53,-0.02
1237,0.13043478,54,-0.02
1238,0.17391304,55,-0.02
1239,0.2173913,56,-0.02
1240,0.2173913,57,-0.02
1241,0.2173913,58,-0.02
1242,0.2173913,59,-0.02
1243,0.2173913,60,-0.02
1244,0.2173913,61,-0.02
1245,0.2173913,62,-0.02
1246,0.2173913,63,-0.02
1247,0.2173913,64,-0.02
1248,0.2173913,65,-0.02
1249,0.2173913,66,-0.02
1250,0.2173913,67,-0.02
1251,0.2173913,68,-0.02
1252,0.2173913,69,-0.02
1253,0.26086957,70,-0.02
1254,0.26086957,71,-0.02
1255,0.26086957,72,-0.02
1256,0.30434783,73,-0.02
1257,0.30434783,74,-0.02
1258,0.30434783,75,-0.02
1259,0.34782609,76,-0.02
1260,0.34782609,77,-0.02
1261,0.34782609,78,-0.02
1262,0.39130435,79,-0.02
1263,0.39130435,80,-0.02
1264,0.39130435,81,-0.02
1265,0.39130435,82,-0.02
1266,0.43478261,83,-0.02
1267,0.43478261,84,-0.02
1268,0.47826087,85,-0.02
1269,0.47826087,86,-0.02
1270,0.47826087,87,-0.02
1271,0.52173913,88,-0.02
1272,0.52173913,89,-0.02
1273,0.52173913,90,-0.02
1274,0.04347826,0,-0.01
1275,0.04347826,1,-0.01
1276,0.04347826,2,-0.01
1277,0.04347826,3,-0.01
1278,0.04347826,4,-0.01
1279,0.04347826,5,-0.01
1280,0.04347826,6,-0.01
1281,0.04347826,7,-0.01
1282,0.04347826,8,-0.01
1283,0.04347826,9,-0.01
1284,0.04347826,10,-0.01
1285,0.04347826,11,-0.01
1286,0.04347826,12,-0.01
1287,0.04347826,13,-0.01
1288,0.04347826,14,-0.01
1289,0.04347826,15,-0.01
1290,0.04347826,16,-0.01
1291,0.04347826,17,-0.01
1292,0.04347826,18,-0.01
1293,0.04347826,19,-0.01
1294,0.04347826,20,-0.01
1295,0.04347826,21,-0.01
1296,0.04347826,22,-0.01
1297,0.04347826,23,-0.01
1298,0.04347826,24,-0.01
1299,0.04347826,25,-0.01
1300,0.04347826,26,-0.01
1301,0.04347826,27,-0.01
1302,0.04347826,28,-0.01
1303,0.04347826,29,-0.01
1304,0.04347826,30,-0.01
1305,0.04347826,31,-0.01
1306,0.04347826,32,-0.01
1307,0.04347826,33,-0.01
1308,0.04347826,34,-0.01
1309,0.04347826,35,-0.01
1310,0.04347826,36,-0.01
1311,0.04347826,37,-0.01
1312,0.04347826,38,-0.01
1313,0.04347826,39,-0.01
1314,0.08695652,40,-0.01
1315,0.08695652,41,-0.01
1316,0.08695652,42,-0.01
1317,0.08695652,43,-0.01
1318,0.08695652,44,-0.01
1319,0.08695652,45,-0.01
1320,0.08695652,46,-0.01
1321,0.08695652,47,-0.01
1322,0.08695652,48,-0.01
1323,0.08695652,49,-0.01
1324,0.08695652,50,-0.01
1325,0.08695652,51,-0.01
1326,0.08695652,52,-0.01
1327,0.08695652,53,-0.01
1328,0.13043478,54,-0.01
1329,0.13043478,55,-0.01
1330,0.13043478,56,-0.01
1331,0.13043478,57,-0.01
1332,0.13043478,58,-0.01
1333,0.13043478,59,-0.01
1334,0.13043478,60,-0.01
1335,0.17391304,61,-0.01
1336,0.17391304,62,-0.01
1337,0.17391304,63,-0.01
1338,0.17391304,64,-0.01
1339,0.2173913,65,-0.01
1340,0.2173913,66,-0.01
1341,0.2173913,67,-0.01
1342,0.2173913,68,-0.01
1343,0.2173913,69,-0.01
1344,0.2173913,70,-0.01
1345,0.26086957,71,-0.01
1346,0.26086957,72,-0.01
1347,0.30434783,73,-0.01
1348,0.30434783,74,-0.01
1349,0.34782609,75,-0.01
1350,0.34782609,76,-0.01
1351,0.34782609,77,-0.01
1352,0.34782609,78,-0.01
1353,0.39130435,79,-0.01
1354,0.39130435,80,-0.01
1355,0.39130435,81,-0.01
1356,0.43478261,82,-0.01
1357,0.43478261,83,-0.01
1358,0.43478261,84,-0.01
1359,0.47826087,85,-0.01
1360,0.47826087,86,-0.01
1361,0.47826087,87,-0.01
1362,0.52173913,88,-0.01
1363,0.56521739,89,-0.01
1364,0.56521739,90,-0.01
1365,0,0,0
1366,0,1,0
1367,0,2,0
1368,0,3,0
1369,0,4,0
1370,0,5,0
1371,0,6,0
1372,0,7,0
1373,0,8,0
1374,0,9,0
1375,0,10,0
1376,0,11,0
1377,0,12,0
1378,0,13,0
1379,0,14,0
1380,0,15,0
1381,0,16,0
1382,0,17,0
1383,0,18,0
1384,0,19,0
1385,0,20,0
1386,0,21,0
1387,0,22,0
1388,0,23,0
1389,0,24,0
1390,0,25,0
1391,0,26,0
1392,0,27,0
1393,0,28,0
1394,0,29,0
1395,0,30,0
1396,0,31,0
1397,0,32,0
1398,0,33,0
1399,0,34,0
1400,0,35,0
1401,0,36,0
1402,0,37,0
1403,0,38,0
1404,0,39,0
1405,0.04347826,40,0
1406,0.04347826,41,0
1407,0.04347826,42,0
1408,0.04347826,43,0
1409,0.04347826,44,0
1410,0.04347826,45,0
1411,0.08695652,46,0
1412,0.08695652,47,0
1413,0.08695652,48,0
1414,0.08695652,49,0
1415,0.08695652,50,0
1416,0.08695652,51,0
1417,0.13043478,52,0
1418,0.13043478,53,0
1419,0.13043478,54,0
1420,0.13043478,55,0
1421,0.13043478,56,0
1422,0.13043478,57,0
1423,0.13043478,58,0
1424,0.17391304,59,0
1425,0.17391304,60,0
1426,0.17391304,61,0
1427,0.17391304,62,0
1428,0.17391304,63,0
1429,0.17391304,64,0
1430,0.2173913,65,0
1431,0.26086957,66,0
1432,0.26086957,67,0
1433,0.26086957,68,0
1434,0.26086957,69,0
1435,0.30434783,70,0
1436,0.30434783,71,0
1437,0.30434783,72,0
1438,0.34782609,73,0
1439,0.34782609,74,0
1440,0.34782609,75,0
1441,0.39130435,76,0
1442,0.39130435,77,0
1443,0.39130435,78,0
1444,0.39130435,79,0
1445,0.43478261,80,0
1446,0.47826087,81,0
1447,0.47826087,82,0
1448,0.47826087,83,0
1449,0.47826087,84,0
1450,0.47826087,85,0
1451,0.47826087,86,0
1452,0.52173913,87,0
1453,0.56521739,88,0
1454,0.56521739,89,0
1455,0.56521739,90,0
1456,0.04347826,0,0.01
1457,0.04347826,1,0.01
1458,0.04347826,2,0.01
1459,0.04347826,3,0.01
1460,0.04347826,4,0.01
1461,0.04347826,5,0.01
1462,0.04347826,6,0.01
1463,0.04347826,7,0.01
1464,0.04347826,8,0.01
1465,0.04347826,9,0.01
1466,0.04347826,10,0.01
1467,0.04347826,11,0.01
1468,0.04347826,12,0.01
1469,0.04347826,13,0.01
1470,0.04347826,14,0.01
1471,0.04347826,15,0.01
1472,0.04347826,16,0.01
1473,0.04347826,17,0.01
1474,0.04347826,18,0.01
1475,0.04347826,19,0.01
1476,0.04347826,20,0.01
1477,0.04347826,21,0.01
1478,0.04347826,22,0.01
1479,0.04347826,23,0.01
1480,0.04347826,24,0.01
1481,0.04347826,25,0.01
1482,0.04347826,26,0.01
1483,0.04347826,27,0.01
1484,0.04347826,28,0.01
1485,0.04347826,29,0.01
1486,0.04347826,30,0.01
1487,0.04347826,31,0.01
1488,0.08695652,32,0.01
1489,0.08695652,33,0.01
1490,0.08695652,34,0.01
1491,0.08695652,35,0.01
1492,0.08695652,36,0.01
1493,0.08695652,37,0.01
1494,0.08695652,38,0.01
1495,0.08695652,39,0.01
1496,0.08695652,40,0.01
1497,0.08695652,41,0.01
1498,0.08695652,42,0.01
1499,0.08695652,43,0.01
1500,0.08695652,44,0.01
1501,0.08695652,45,0.01
1502,0.08695652,46,0.01
1503,0.08695652,47,0.01
1504,0.08695652,48,0.01
1505,0.13043478,49,0.01
1506,0.13043478,50,0.01
1507,0.13043478,51,0.01
1508,0.13043478,52,0.01
1509,0.13043478,53,0.01
1510,0.13043478,54,0.01
1511,0.17391304,55,0.01
1512,0.17391304,56,0.01
1513,0.17391304,57,0.01
1514,0.17391304,58,0.01
1515,0.17391304,59,0.01
1516,0.2173913,60,0.01
1517,0.2173913,61,0.01
1518,0.2173913,62,0.01
1519,0.2173913,63,0.01
1520,0.2173913,64,0.01
1521,0.26086957,65,0.01
1522,0.26086957,66,0.01
1523,0.26086957,67,0.01
1524,0.26086957,68,0.01
1525,0.26086957,69,0.01
1526,0.30434783,70,0.01
1527,0.30434783,71,0.01
1528,0.30434783,72,0.01
1529,0.30434783,73,0.01
1530,0.34782609,74,0.01
1531,0.34782609,75,0.01
1532,0.34782609,76,0.01
1533,0.34782609,77,0.01
1534,0.39130435,78,0.01
1535,0.39130435,79,0.01
1536,0.39130435,80,0.01
1537,0.43478261,81,0.01
1538,0.43478261,82,0.01
1539,0.43478261,83,0.01
1540,0.47826087,84,0.01
1541,0.52173913,85,0.01
1542,0.52173913,86,0.01
1543,0.52173913,87,0.01
1544,0.56521739,88,0.01
1545,0.56521739,89,0.01
1546,0.56521739,90,0.01
1547,0.08695652,0,0.02
1548,0.08695652,1,0.02
1549,0.08695652,2,0.02
1550,0.08695652,3,0.02
1551,0.08695652,4,0.02
1552,0.08695652,5,0.02
1553,0.08695652,6,0.02
1554,0.08695652,7,0.02
1555,0.08695652,8,0.02
1556,0.08695652,9,0.02
1557,0.08695652,10,0.02
1558,0.08695652,11,0.02
1559,0.08695652,12,0.02
1560,0.08695652,13,0.02
1561,0.08695652,14,0.02
1562,0.08695652,15,0.02
1563,0.08695652,16,0.02
1564,0.08695652,17,0.02
1565,0.08695652,18,0.02
1566,0.08695652,19,0.02
1567,0.08695652,20,0.02
1568,0.08695652,21,0.02
1569,0.08695652,22,0.02
1570,0.08695652,23,0.02
1571,0.08695652,24,0.02
1572,0.08695652,25,0.02
1573,0.08695652,26,0.02
1574,0.08695652,27,0.02
1575,0.08695652,28,0.02
1576,0.08695652,29,0.02
1577,0.08695652,30,0.02
1578,0.08695652,31,0.02
1579,0.08695652,32,0.02
1580,0.08695652,33,0.02
1581,0.08695652,34,0.02
1582,0.08695652,35,0.02
1583,0.08695652,36,0.02
1584,0.08695652,37,0.02
1585,0.08695652,38,0.02
1586,0.08695652,39,0.02
1587,0.08695652,40,0.02
1588,0.08695652,41,0.02
1589,0.08695652,42,0.02
1590,0.08695652,43,0.02
1591,0.08695652,44,0.02
1592,0.08695652,45,0.02
1593,0.08695652,46,0.02
1594,0.08695652,47,0.02
1595,0.08695652,48,0.02
1596,0.13043478,49,0.02
1597,0.17391304,50,0.02
1598,0.17391304,51,0.02
1599,0.17391304,52,0.02
1600,0.17391304,53,0.02
1601,0.17391304,54,0.02
1602,0.17391304,55,0.02
1603,0.17391304,56,0.02
1604,0.17391304,57,0.02
1605,0.17391304,58,0.02
1606,0.17391304,59,0.02
1607,0.17391304,60,0.02
1608,0.17391304,61,0.02
1609,0.17391304,62,0.02
1610,0.17391304,63,0.02
1611,0.17391304,64,0.02
1612,0.2173913,65,0.02
1613,0.2173913,66,0.02
1614,0.26086957,67,0.02
1615,0.26086957,68,0.02
1616,0.26086957,69,0.02
1617,0.30434783,70,0.02
1618,0.30434783,71,0.02
1619,0.30434783,72,0.02
1620,0.34782609,73,0.02
1621,0.34782609,74,0.02
1622,0.34782609,75,0.02
1623,0.39130435,76,0.02
1624,0.39130435,77,0.02
1625,0.39130435,78,0.02
1626,0.39130435,79,0.02
1627,0.47826087,80,0.02
1628,0.47826087,81,0.02
1629,0.47826087,82,0.02
1630,0.52173913,83,0.02
1631,0.52173913,84,0.02
1632,0.52173913,85,0.02
1633,0.56521739,86,0.02
1634,0.56521739,87,0.02
1635,0.56521739,88,0.02
1636,0.60869565,89,0.02
1637,0.60869565,90,0.02
1638,0.17391304,0,0.03
1639,0.17391304,1,0.03
1640,0.17391304,2,0.03
1641,0.17391304,3,0.03
1642,0.17391304,4,0.03
1643,0.17391304,5,0.03
1644,0.17391304,6,0.03
1645,0.17391304,7,0.03
1646,0.17391304,8,0.03
1647,0.17391304,9,0.03
1648,0.17391304,10,0.03
1649,0.17391304,11,0.03
1650,0.17391304,12,0.03
1651,0.17391304,13,0.03
1652,0.17391304,14,0.03
1653,0.17391304,15,0.03
1654,0.17391304,16,0.03
1655,0.17391304,17,0.03
1656,0.17391304,18,0.03
1657,0.17391304,19,0.03
1658,0.17391304,20,0.03
1659,0.17391304,21,0.03
1660,0.17391304,22,0.03
1661,0.17391304,23,0.03
1662,0.17391304,24,0.03
1663,0.17391304,25,0.03
1664,0.17391304,26,0.03
1665,0.17391304,27,0.03
1666,0.17391304,28,0.03
1667,0.17391304,29,0.03
1668,0.17391304,30,0.03
1669,0.17391304,31,0.03
1670,0.17391304,32,0.03
1671,0.17391304,33,0.03
1672,0.17391304,34,0.03
1673,0.17391304,35,0.03
1674,0.17391304,36,0.03
1675,0.17391304,37,0.03
1676,0.17391304,38,0.03
1677,0.17391304,39,0.03
1678,0.17391304,40,0.03
1679,0.17391304,41,0.03
1680,0.17391304,42,0.03
1681,0.17391304,43,0.03
1682,0.17391304,44,0.03
1683,0.17391304,45,0.03
1684,0.17391304,46,0.03
1685,0.17391304,47,0.03
1686,0.17391304,48,0.03
1687,0.17391304,49,0.03
1688,0.17391304,50,0.03
1689,0.2173913,51,0.03
1690,0.2173913,52,0.03
1691,0.2173913,53,0.03
1692,0.2173913,54,0.03
1693,0.2173913,55,0.03
1694,0.2173913,56,0.03
1695,0.2173913,57,0.03
1696,0.2173913,58,0.03
1697,0.2173913,59,0.03
1698,0.2173913,60,0.03
1699,0.2173913,61,0.03
1700,0.2173913,62,0.03
1701,0.26086957,63,0.03
1702,0.30434783,64,0.03
1703,0.34782609,65,0.03
1704,0.34782609,66,0.03
1705,0.34782609,67,0.03
1706,0.34782609,68,0.03
1707,0.34782609,69,0.03
1708,0.34782609,70,0.03
1709,0.34782609,71,0.03
1710,0.34782609,72,0.03
1711,0.34782609,73,0.03
1712,0.34782609,74,0.03
1713,0.39130435,75,0.03
1714,0.47826087,76,0.03
1715,0.47826087,77,0.03
1716,0.47826087,78,0.03
1717,0.47826087,79,0.03
1718,0.47826087,80,0.03
1719,0.47826087,81,0.03
1720,0.47826087,82,0.03
1721,0.47826087,83,0.03
1722,0.47826087,84,0.03
1723,0.47826087,85,0.03
1724,0.56521739,86,0.03
1725,0.60869565,87,0.03
1726,0.65217391,88,0.03
1727,0.65217391,89,0.03
1728,0.65217391,90,0.03
1729,0.2173913,0,0.04
1730,0.2173913,1,0.04
1731,0.2173913,2,0.04
1732,0.2173913,3,0.04
1733,0.2173913,4,0.04
1734,0.2173913,5,0.04
1735,0.2173913,6,0.04
1736,0.2173913,7,0.04
1737,0.2173913,8,0.04
1738,0.2173913,9,0.04
1739,0.2173913,10,0.04
1740,0.2173913,11,0.04
1741,0.2173913,12,0.04
1742,0.2173913,13,0.04
1743,0.2173913,14,0.04
1744,0.2173913,15,0.04
1745,0.2173913,16,0.04
1746,0.2173913,17,0.04
1747,0.2173913,18,0.04
1748,0.2173913,19,0.04
1749,0.2173913,20,0.04
1750,0.2173913,21,0.04
1751,0.2173913,22,0.04
1752,0.2173913,23,0.04
1753,0.2173913,24,0.04
1754,0.2173913,25,0.04
1755,0.2173913,26,0.04
1756,0.2173913,27,0.04
1757,0.2173913,28,0.04
1758,0.2173913,29,0.04
1759,0.2173913,30,0.04
1760,0.2173913,31,0.04
1761,0.2173913,32,0.04
1762,0.2173913,33,0.04
1763,0.2173913,34,0.04
1764,0.2173913,35,0.04
1765,0.2173913,36,0.04
1766,0.2173913,37,0.04
1767,0.2173913,38,0.04
1768,0.2173913,39,0.04
1769,0.2173913,40,0.04
1770,0.2173913,41,0.04
1771,0.2173913,42,0.04
1772,0.2173913,43,0.04
1773,0.2173913,44,0.04
1774,0.2173913,45,0.04
1775,0.2173913,46,0.04
1776,0.2173913,47,0.04
1777,0.2173913,48,0.04
1778,0.2173913,49,0.04
1779,0.2173913,50,0.04
1780,0.2173913,51,0.04
1781,0.2173913,52,0.04
1782,0.2173913,53,0.04
1783,0.2173913,54,0.04
1784,0.2173913,55,0.04
1785,0.2173913,56,0.04
1786,0.2173913,57,0.04
1787,0.2173913,58,0.04
1788,0.2173913,59,0.04
1789,0.2173913,60,0.04
1790,0.2173913,61,0.04
1791,0.2173913,62,0.04
1792,0.2173913,63,0.04
1793,0.2173913,64,0.04
1794,0.30434783,65,0.04
1795,0.30434783,66,0.04
1796,0.30434783,67,0.04
1797,0.30434783,68,0.04
1798,0.30434783,69,0.04
1799,0.30434783,70,0.04
1800,0.34782609,71,0.04
1801,0.39130435,72,0.04
1802,0.43478261,73,0.04
1803,0.43478261,74,0.04
1804,0.43478261,75,0.04
1805,0.43478261,76,0.04
1806,0.47826087,77,0.04
1807,0.47826087,78,0.04
1808,0.52173913,79,0.04
1809,0.52173913,80,0.04
1810,0.52173913,81,0.04
1811,0.52173913,82,0.04
1812,0.56521739,83,0.04
1813,0.56521739,84,0.04
1814,0.60869565,85,0.04
1815,0.65217391,86,0.04
1816,0.65217391,87,0.04
1817,0.65217391,88,0.04
1818,0.69565217,89,0.04
1819,0.69565217,90,0.04
1820,0.30434783,0,0.05
1821,0.30434783,1,0.05
1822,0.30434783,2,0.05
1823,0.30434783,3,0.05
1824,0.30434783,4,0.05
1825,0.30434783,5,0.05
1826,0.30434783,6,0.05
1827,0.30434783,7,0.05
1828,0.30434783,8,0.05
1829,0.30434783,9,0.05
1830,0.30434783,10,0.05
1831,0.30434783,11,0.05
1832,0.30434783,12,0.05
1833,0.30434783,13,0.05
1834,0.30434783,14,0.05
1835,0.30434783,15,0.05
1836,0.30434783,16,0.05
1837,0.30434783,17,0.05
1838,0.30434783,18,0.05
1839,0.30434783,19,0.05
1840,0.30434783,20,0.05
1841,0.30434783,21,0.05
1842,0.30434783,22,0.05
1843,0.30434783,23,0.05
1844,0.30434783,24,0.05
1845,0.30434783,25,0.05
1846,0.30434783,26,0.05
1847,0.30434783,27,0.05
1848,0.30434783,28,0.05
1849,0.30434783,29,0.05
1850,0.30434783,30,0.05
1851,0.30434783,31,0.05
1852,0.30434783,32,0.05
1853,0.30434783,33,0.05
1854,0.30434783,34,0.05
1855,0.30434783,35,0.05
1856,0.30434783,36,0.05
1857,0.30434783,37,0.05
1858,0.30434783,38,0.05
1859,0.30434783,39,0.05
1860,0.30434783,40,0.05
1861,0.30434783,41,0.05
1862,0.30434783,42,0.05
1863,0.30434783,43,0.05
1864,0.30434783,44,0.05
1865,0.30434783,45,0.05
1866,0.30434783,46,0.05
1867,0.30434783,47,0.05
1868,0.30434783,48,0.05
1869,0.30434783,49,0.05
1870,0.30434783,50,0.05
1871,0.30434783,51,0.05
1872,0.30434783,52,0.05
1873,0.30434783,53,0.05
1874,0.30434783,54,0.05
1875,0.30434783,55,0.05
1876,0.30434783,56,0.05
1877,0.30434783,57,0.05
1878,0.30434783,58,0.05
1879,0.30434783,59,0.05
1880,0.30434783,60,0.05
1881,0.30434783,61,0.05
1882,0.30434783,62,0.05
1883,0.30434783,63,0.05
1884,0.30434783,64,0.05
1885,0.34782609,65,0.05
1886,0.34782609,66,0.05
1887,0.39130435,67,0.05
1888,0.43478261,68,0.05
1889,0.43478261,69,0.05
1890,0.47826087,70,0.05
1891,0.47826087,71,0.05
1892,0.52173913,72,0.05
1893,0.52173913,73,0.05
1894,0.56521739,74,0.05
1895,0.56521739,75,0.05
1896,0.60869565,76,0.05
1897,0.60869565,77,0.05
1898,0.65217391,78,0.05
1899,0.65217391,79,0.05
1900,0.69565217,80,0.05
1901,0.73913043,81,0.05
1902,0.73913043,82,0.05
1903,0.7826087,83,0.05
1904,0.7826087,84,0.05
1905,0.82608696,85,0.05
1906,0.82608696,86,0.05
1907,0.86956522,87,0.05
1908,0.86956522,88,0.05
1909,0.91304348,89,0.05
1910,0.91304348,90,0.05
1911,0.34782609,0,0.06
1912,0.34782609,1,0.06
1913,0.34782609,2,0.06
1914,0.34782609,3,0.06
1915,0.34782609,4,0.06
1916,0.34782609,5,0.06
1917,0.34782609,6,0.06
1918,0.34782609,7,0.06
1919,0.34782609,8,0.06
1920,0.34782609,9,0.06
1921,0.34782609,10,0.06
1922,0.34782609,11,0.06
1923,0.34782609,12,0.06
1924,0.34782609,13,0.06
1925,0.34782609,14,0.06
1926,0.34782609,15,0.06
1927,0.34782609,16,0.06
1928,0.34782609,17,0.06
1929,0.34782609,18,0.06
1930,0.34782609,19,0.06
1931,0.34782609,20,0.06
1932,0.34782609,21,0.06
1933,0.34782609,22,0.06
1934,0.34782609,23,0.06
1935,0.34782609,24,0.06
1936,0.34782609,25,0.06
1937,0.34782609,26,0.06
1938,0.34782609,27,0.06
1939,0.34782609,28,0.06
1940,0.34782609,29,0.06
1941,0.34782609,30,0.06
1942,0.34782609,31,0.06
1943,0.34782609,32,0.06
1944,0.34782609,33,0.06
1945,0.34782609,34,0.06
1946,0.34782609,35,0.06
1947,0.34782609,36,0.06
1948,0.34782609,37,0.06
1949,0.34782609,38,0.06
1950,0.34782609,39,0.06
1951,0.34782609,40,0.06
1952,0.34782609,41,0.06
1953,0.34782609,42,0.06
1954,0.34782609,43,0.06
1955,0.34782609,44,0.06
1956,0.34782609,45,0.06
1957,0.34782609,46,0.06
1958,0.34782609,47,0.06
1959,0.34782609,48,0.06
1960,0.34782609,49,0.06
1961,0.34782609,50,0.06
1962,0.34782609,51,0.06
1963,0.34782609,52,0.06
1964,0.34782609,53,0.06
1965,0.34782609,54,0.06
1966,0.34782609,55,0.06
1967,0.34782609,56,0.06
1968,0.34782609,57,0.06
1969,0.34782609,58,0.06
1970,0.39130435,59,0.06
1971,0.39130435,60,0.06
1972,0.39130435,61,0.06
1973,0.43478261,62,0.06
1974,0.43478261,63,0.06
1975,0.43478261,64,0.06
1976,0.47826087,65,0.06
1977,0.52173913,66,0.06
1978,0.52173913,67,0.06
1979,0.52173913,68,0.06
1980,0.52173913,69,0.06
1981,0.52173913,70,0.06
1982,0.52173913,71,0.06
1983,0.52173913,72,0.06
1984,0.52173913,73,0.06
1985,0.52173913,74,0.06
1986,0.52173913,75,0.06
1987,0.52173913,76,0.06
1988,0.52173913,77,0.06
1989,0.52173913,78,0.06
1990,0.56521739,79,0.06
1991,0.56521739,80,0.06
1992,0.60869565,81,0.06
1993,0.60869565,82,0.06
1994,0.60869565,83,0.06
1995,0.65217391,84,0.06
1996,0.65217391,85,0.06
1997,0.69565217,86,0.06
1998,0.69565217,87,0.06
1999,0.69565217,88,0.06
2000,0.73913043,89,0.06
2001,0.73913043,90,0.06
2002,0.43478261,0,0.07
2003,0.43478261,1,0.07
2004,0.43478261,2,0.07
2005,0.43478261,3,0.07
2006,0.43478261,4,0.07
2007,0.43478261,5,0.07
2008,0.43478261,6,0.07
2009,0.43478261,7,0.07
2010,0.43478261,8,0.07
2011,0.43478261,9,0.07
2012,0.43478261,10,0.07
2013,0.43478261,11,0.07
2014,0.43478261,12,0.07
2015,0.43478261,13,0.07
2016,0.43478261,14,0.07
2017,0.43478261,15,0.07
2018,0.43478261,16,0.07
2019,0.43478261,17,0.07
2020,0.43478261,18,0.07
2021,0.43478261,19,0.07
2022,0.43478261,20,0.07
2023,0.43478261,21,0.07
2024,0.43478261,22,0.07
2025,0.43478261,23,0.07
2026,0.43478261,24,0.07
2027,0.43478261,25,0.07
2028,0.43478261,26,0.07
2029,0.43478261,27,0.07
2030,0.43478261,28,0.07
2031,0.43478261,29,0.07
2032,0.43478261,30,0.07
2033,0.43478261,31,0.07
2034,0.43478261,32,0.07
2035,0.43478261,33,0.07
2036,0.43478261,34,0.07
2037,0.43478261,35,0.07
2038,0.43478261,36,0.07
2039,0.43478261,37,0.07
2040,0.43478261,38,0.07
2041,0.43478261,39,0.07
2042,0.43478261,40,0.07
2043,0.43478261,41,0.07
2044,0.43478261,42,0.07
2045,0.43478261,43,0.07
2046,0.43478261,44,0.07
2047,0.43478261,45,0.07
2048,0.43478261,46,0.07
2049,0.43478261,47,0.07
2050,0.43478261,48,0.07
2051,0.43478261,49,0.07
2052,0.43478261,50,0.07
2053,0.43478261,51,0.07
2054,0.43478261,52,0.07
2055,0.43478261,53,0.07
2056,0.43478261,54,0.07
2057,0.43478261,55,0.07
2058,0.43478261,56,0.07
2059,0.43478261,57,0.07
2060,0.43478261,58,0.07
2061,0.43478261,59,0.07
2062,0.43478261,60,0.07
2063,0.43478261,61,0.07
2064,0.43478261,62,0.07
2065,0.43478261,63,0.07
2066,0.43478261,64,0.07
2067,0.47826087,65,0.07
2068,0.47826087,66,0.07
2069,0.47826087,67,0.07
2070,0.47826087,68,0.07
2071,0.47826087,69,0.07
2072,0.47826087,70,0.07
2073,0.47826087,71,0.07
2074,0.52173913,72,0.07
2075,0.52173913,73,0.07
2076,0.52173913,74,0.07
2077,0.52173913,75,0.07
2078,0.52173913,76,0.07
2079,0.52173913,77,0.07
2080,0.52173913,78,0.07
2081,0.56521739,79,0.07
2082,0.60869565,80,0.07
2083,0.60869565,81,0.07
2084,0.60869565,82,0.07
2085,0.60869565,83,0.07
2086,0.60869565,84,0.07
2087,0.60869565,85,0.07
2088,0.69565217,86,0.07
2089,0.73913043,87,0.07
2090,0.73913043,88,0.07
2091,0.73913043,89,0.07
2092,0.73913043,90,0.07
2093,0.47826087,0,0.08
2094,0.47826087,1,0.08
2095,0.47826087,2,0.08
2096,0.47826087,3,0.08
2097,0.47826087,4,0.08
2098,0.47826087,5,0.08
2099,0.47826087,6,0.08
2100,0.47826087,7,0.08
2101,0.47826087,8,0.08
2102,0.47826087,9,0.08
2103,0.47826087,10,0.08
2104,0.47826087,11,0.08
2105,0.47826087,12,0.08
2106,0.47826087,13,0.08
2107,0.47826087,14,0.08
2108,0.47826087,15,0.08
2109,0.47826087,16,0.08
2110,0.47826087,17,0.08
2111,0.47826087,18,0.08
2112,0.47826087,19,0.08
2113,0.47826087,20,0.08
2114,0.47826087,21,0.08
2115,0.47826087,22,0.08
2116,0.47826087,23,0.08
2117,0.47826087,24,0.08
2118,0.47826087,25,0.08
2119,0.47826087,26,0.08
2120,0.47826087,27,0.08
2121,0.47826087,28,0.08
2122,0.47826087,29,0.08
2123,0.47826087,30,0.08
2124,0.47826087,31,0.08
2125,0.47826087,32,0.08
2126,0.47826087,33,0.08
2127,0.47826087,34,0.08
2128,0.47826087,35,0.08
2129,0.47826087,36,0.08
2130,0.47826087,37,0.08
2131,0.47826087,38,0.08
2132,0.47826087,39,0.08
2133,0.47826087,40,0.08
2134,0.47826087,41,0.08
2135,0.47826087,42,0.08
2136,0.47826087,43,0.08
2137,0.47826087,44,0.08
2138,0.47826087,45,0.08
2139,0.47826087,46,0.08
2140,0.47826087,47,0.08
2141,0.47826087,48,0.08
2142,0.47826087,49,0.08
2143,0.47826087,50,0.08
2144,0.47826087,51,0.08
2145,0.47826087,52,0.08
2146,0.47826087,53,0.08
2147,0.47826087,54,0.08
2148,0.47826087,55,0.08
2149,0.47826087,56,0.08
2150,0.47826087,57,0.08
2151,0.47826087,58,0.08
2152,0.52173913,59,0.08
2153,0.52173913,60,0.08
2154,0.52173913,61,0.08
2155,0.52173913,62,0.08
2156,0.52173913,63,0.08
2157,0.52173913,64,0.08
2158,0.56521739,65,0.08
2159,0.56521739,66,0.08
2160,0.56521739,67,0.08
2161,0.56521739,68,0.08
2162,0.56521739,69,0.08
2163,0.56521739,70,0.08
2164,0.56521739,71,0.08
2165,0.56521739,72,0.08
2166,0.60869565,73,0.08
2167,0.60869565,74,0.08
2168,0.60869565,75,0.08
2169,0.60869565,76,0.08
2170,0.60869565,77,0.08
2171,0.60869565,78,0.08
2172,0.60869565,79,0.08
2173,0.60869565,80,0.08
2174,0.65217391,81,0.08
2175,0.65217391,82,0.08
2176,0.65217391,83,0.08
2177,0.69565217,84,0.08
2178,0.69565217,85,0.08
2179,0.7826087,86,0.08
2180,0.7826087,87,0.08
2181,0.7826087,88,0.08
2182,0.82608696,89,0.08
2183,0.82608696,90,0.08
2184,0.56521739,0,0.09
2185,0.56521739,1,0.09
2186,0.56521739,2,0.09
2187,0.56521739,3,0.09
2188,0.56521739,4,0.09
2189,0.56521739,5,0.09
2190,0.56521739,6,0.09
2191,0.56521739,7,0.09
2192,0.56521739,8,0.09
2193,0.56521739,9,0.09
2194,0.56521739,10,0.09
2195,0.56521739,11,0.09
2196,0.56521739,12,0.09
2197,0.56521739,13,0.09
2198,0.56521739,14,0.09
2199,0.56521739,15,0.09
2200,0.56521739,16,0.09
2201,0.56521739,17,0.09
2202,0.56521739,18,0.09
2203,0.56521739,19,0.09
2204,0.56521739,20,0.09
2205,0.56521739,21,0.09
2206,0.56521739,22,0.09
2207,0.56521739,23,0.09
2208,0.56521739,24,0.09
2209,0.56521739,25,0.09
2210,0.56521739,26,0.09
2211,0.56521739,27,0.09
2212,0.56521739,28,0.09
2213,0.56521739,29,0.09
2214,0.56521739,30,0.09
2215,0.56521739,31,0.09
2216,0.56521739,32,0.09
2217,0.56521739,33,0.09
2218,0.56521739,34,0.09
2219,0.56521739,35,0.09
2220,0.56521739,36,0.09
2221,0.56521739,37,0.09
2222,0.56521739,38,0.09
2223,0.56521739,39,0.09
2224,0.56521739,40,0.09
2225,0.56521739,41,0.09
2226,0.56521739,42,0.09
2227,0.56521739,43,0.09
2228,0.56521739,44,0.09
2229,0.56521739,45,0.09
2230,0.56521739,46,0.09
2231,0.56521739,47,0.09
2232,0.56521739,48,0.09
2233,0.56521739,49,0.09
2234,0.56521739,50,0.09
2235,0.56521739,51,0.09
2236,0.56521739,52,0.09
2237,0.56521739,53,0.09
2238,0.56521739,54,0.09
2239,0.56521739,55,0.09
2240,0.56521739,56,0.09
2241,0.56521739,57,0.09
2242,0.56521739,58,0.09
2243,0.56521739,59,0.09
2244,0.56521739,60,0.09
2245,0.56521739,61,0.09
2246,0.56521739,62,0.09
2247,0.56521739,63,0.09
2248,0.56521739,64,0.09
2249,0.56521739,65,0.09
2250,0.56521739,66,0.09
2251,0.56521739,67,0.09
2252,0.56521739,68,0.09
2253,0.56521739,69,0.09
2254,0.56521739,70,0.09
2255,0.56521739,71,0.09
2256,0.56521739,72,0.09
2257,0.56521739,73,0.09
2258,0.56521739,74,0.09
2259,0.60869565,75,0.09
2260,0.60869565,76,0.09
2261,0.60869565,77,0.09
2262,0.60869565,78,0.09
2263,0.60869565,79,0.09
2264,0.60869565,80,0.09
2265,0.69565217,81,0.09
2266,0.69565217,82,0.09
2267,0.69565217,83,0.09
2268,0.69565217,84,0.09
2269,0.69565217,85,0.09
2270,0.7826087,86,0.09
2271,0.7826087,87,0.09
2272,0.7826087,88,0.09
2273,0.7826087,89,0.09
2274,0.7826087,90,0.09
2275,0.60869565,0,0.1
2276,0.60869565,1,0.1
2277,0.60869565,2,0.1
2278,0.60869565,3,0.1
2279,0.60869565,4,0.1
2280,0.60869565,5,0.1
2281,0.60869565,6,0.1
2282,0.60869565,7,0.1
2283,0.60869565,8,0.1
2284,0.60869565,9,0.1
2285,0.60869565,10,0.1
2286,0.60869565,11,0.1
2287,0.60869565,12,0.1
2288,0.60869565,13,0.1
2289,0.60869565,14,0.1
2290,0.60869565,15,0.1
2291,0.60869565,16,0.1
2292,0.60869565,17,0.1
2293,0.60869565,18,0.1
2294,0.60869565,19,0.1
2295,0.60869565,20,0.1
2296,0.60869565,21,0.1
2297,0.60869565,22,0.1
2298,0.60869565,23,0.1
2299,0.60869565,24,0.1
2300,0.60869565,25,0.1
2301,0.60869565,26,0.1
2302,0.60869565,27,0.1
2303,0.60869565,28,0.1
2304,0.60869565,29,0.1
2305,0.60869565,30,0.1
2306,0.60869565,31,0.1
2307,0.60869565,32,0.1
2308,0.60869565,33,0.1
2309,0.60869565,34,0.1
2310,0.60869565,35,0.1
2311,0.60869565,36,0.1
2312,0.60869565,37,0.1
2313,0.60869565,38,0.1
2314,0.60869565,39,0.1
2315,0.60869565,40,0.1
2316,0.60869565,41,0.1
2317,0.60869565,42,0.1
2318,0.60869565,43,0.1
2319,0.60869565,44,0.1
2320,0.60869565,45,0.1
2321,0.60869565,46,0.1
2322,0.60869565,47,0.1
2323,0.60869565,48,0.1
2324,0.60869565,49,0.1
2325,0.60869565,50,0.1
2326,0.60869565,51,0.1
2327,0.65217391,52,0.1
2328,0.65217391,53,0.1
2329,0.65217391,54,0.1
2330,0.65217391,55,0.1
2331,0.65217391,56,0.1
2332,0.65217391,57,0.1
2333,0.65217391,58,0.1
2334,0.65217391,59,0.1
2335,0.65217391,60,0.1
2336,0.65217391,61,0.1
2337,0.65217391,62,0.1
2338,0.65217391,63,0.1
2339,0.65217391,64,0.1
2340,0.65217391,65,0.1
2341,0.65217391,66,0.1
2342,0.65217391,67,0.1
2343,0.65217391,68,0.1
2344,0.65217391,69,0.1
2345,0.65217391,70,0.1
2346,0.65217391,71,0.1
2347,0.65217391,72,0.1
2348,0.65217391,73,0.1
2349,0.65217391,74,0.1
2350,0.65217391,75,0.1
2351,0.65217391,76,0.1
2352,0.65217391,77,0.1
2353,0.65217391,78,0.1
2354,0.65217391,79,0.1
2355,0.65217391,80,0.1
2356,0.65217391,81,0.1
2357,0.65217391,82,0.1
2358,0.65217391,83,0.1
2359,0.65217391,84,0.1
2360,0.65217391,85,0.1
2361,0.69565217,86,0.1
2362,0.69565217,87,0.1
2363,0.73913043,88,0.1
2364,0.73913043,89,0.1
2365,0.7826087,90,0.1
2366,0.69565217,0,0.11
2367,0.69565217,1,0.11
2368,0.69565217,2,0.11
2369,0.69565217,3,0.11
2370,0.69565217,4,0.11
2371,0.69565217,5,0.11
2372,0.69565217,6,0.11
2373,0.69565217,7,0.11
2374,0.69565217,8,0.11
2375,0.69565217,9,0.11
2376,0.69565217,10,0.11
2377,0.69565217,11,0.11
2378,0.69565217,12,0.11
2379,0.69565217,13,0.11
2380,0.69565217,14,0.11
2381,0.69565217,15,0.11
2382,0.69565217,16,0.11
2383,0.69565217,17,0.11
2384,0.69565217,18,0.11
2385,0.69565217,19,0.11
2386,0.69565217,20,0.11
2387,0.69565217,21,0.11
2388,0.69565217,22,0.11
2389,0.69565217,23,0.11
2390,0.69565217,24,0.11
2391,0.69565217,25,0.11
2392,0.69565217,26,0.11
2393,0.69565217,27,0.11
2394,0.69565217,28,0.11
2395,0.69565217,29,0.11
2396,0.69565217,30,0.11
2397,0.69565217,31,0.11
2398,0.69565217,32,0.11
2399,0.69565217,33,0.11
2400,0.69565217,34,0.11
2401,0.69565217,35,0.11
2402,0.69565217,36,0.11
2403,0.69565217,37,0.11
2404,0.69565217,38,0.11
2405,0.69565217,39,0.11
2406,0.69565217,40,0.11
2407,0.69565217,41,0.11
2408,0.69565217,42,0.11
2409,0.69565217,43,0.11
2410,0.69565217,44,0.11
2411,0.69565217,45,0.11
2412,0.69565217,46,0.11
2413,0.69565217,47,0.11
2414,0.69565217,48,0.11
2415,0.69565217,49,0.11
2416,0.69565217,50,0.11
2417,0.69565217,51,0.11
2418,0.69565217,52,0.11
2419,0.69565217,53,0.11
2420,0.69565217,54,0.11
2421,0.69565217,55,0.11
2422,0.69565217,56,0.11
2423,0.69565217,57,0.11
2424,0.69565217,58,0.11
2425,0.69565217,59,0.11
2426,0.69565217,60,0.11
2427,0.69565217,61,0.11
2428,0.69565217,62,0.11
2429,0.69565217,63,0.11
2430,0.69565217,64,0.11
2431,0.69565217,65,0.11
2432,0.69565217,66,0.11
2433,0.69565217,67,0.11
2434,0.69565217,68,0.11
2435,0.69565217,69,0.11
2436,0.69565217,70,0.11
2437,0.69565217,71,0.11
2438,0.69565217,72,0.11
2439,0.69565217,73,0.11
2440,0.69565217,74,0.11
2441,0.69565217,75,0.11
2442,0.73913043,76,0.11
2443,0.73913043,77,0.11
2444,0.73913043,78,0.11
2445,0.73913043,79,0.11
2446,0.73913043,80,0.11
2447,0.73913043,81,0.11
2448,0.7826087,82,0.11
2449,0.7826087,83,0.11
2450,0.7826087,84,0.11
2451,0.7826087,85,0.11
2452,0.82608696,86,0.11
2453,0.82608696,87,0.11
2454,0.82608696,88,0.11
2455,0.86956522,89,0.11
2456,0.86956522,90,0.11
2457,0.73913043,0,0.12
2458,0.73913043,1,0.12
2459,0.73913043,2,0.12
2460,0.73913043,3,0.12
2461,0.73913043,4,0.12
2462,0.73913043,5,0.12
2463,0.73913043,6,0.12
2464,0.73913043,7,0.12
2465,0.73913043,8,0.12
2466,0.73913043,9,0.12
2467,0.73913043,10,0.12
2468,0.73913043,11,0.12
2469,0.73913043,12,0.12
2470,0.73913043,13,0.12
2471,0.73913043,14,0.12
2472,0.73913043,15,0.12
2473,0.73913043,16,0.12
2474,0.73913043,17,0.12
2475,0.73913043,18,0.12
2476,0.73913043,19,0.12
2477,0.73913043,20,0.12
2478,0.73913043,21,0.12
2479,0.73913043,22,0.12
2480,0.73913043,23,0.12
2481,0.73913043,24,0.12
2482,0.73913043,25,0.12
2483,0.73913043,26,0.12
2484,0.73913043,27,0.12
2485,0.73913043,28,0.12
2486,0.73913043,29,0.12
2487,0.73913043,30,0.12
2488,0.73913043,31,0.12
2489,0.73913043,32,0.12
2490,0.73913043,33,0.12
2491,0.73913043,34,0.12
2492,0.73913043,35,0.12
2493,0.73913043,36,0.12
2494,0.73913043,37,0.12
2495,0.73913043,38,0.12
2496,0.73913043,39,0.12
2497,0.73913043,40,0.12
2498,0.73913043,41,0.12
2499,0.73913043,42,0.12
2500,0.73913043,43,0.12
2501,0.73913043,44,0.12
2502,0.73913043,45,0.12
2503,0.7826087,46,0.12
2504,0.7826087,47,0.12
2505,0.7826087,48,0.12
2506,0.7826087,49,0.12
2507,0.7826087,50,0.12
2508,0.7826087,51,0.12
2509,0.7826087,52,0.12
2510,0.7826087,53,0.12
2511,0.7826087,54,0.12
2512,0.7826087,55,0.12
2513,0.7826087,56,0.12
2514,0.7826087,57,0.12
2515,0.7826087,58,0.12
2516,0.7826087,59,0.12
2517,0.7826087,60,0.12
2518,0.7826087,61,0.12
2519,0.7826087,62,0.12
2520,0.7826087,63,0.12
2521,0.7826087,64,0.12
2522,0.7826087,65,0.12
2523,0.7826087,66,0.12
2524,0.7826087,67,0.12
2525,0.7826087,68,0.12
2526,0.7826087,69,0.12
2527,0.7826087,70,0.12
2528,0.7826087,71,0.12
2529,0.7826087,72,0.12
2530,0.7826087,73,0.12
2531,0.7826087,74,0.12
2532,0.7826087,75,0.12
2533,0.7826087,76,0.12
2534,0.7826087,77,0.12
2535,0.7826087,78,0.12
2536,0.7826087,79,0.12
2537,0.7826087,80,0.12
2538,0.7826087,81,0.12
2539,0.7826087,82,0.12
2540,0.7826087,83,0.12
2541,0.7826087,84,0.12
2542,0.7826087,85,0.12
2543,0.82608696,86,0.12
2544,0.82608696,87,0.12
2545,0.86956522,88,0.12
2546,0.86956522,89,0.12
2547,0.86956522,90,0.12
2548,0.82608696,0,0.13
2549,0.82608696,1,0.13
2550,0.82608696,2,0.13
2551,0.82608696,3,0.13
2552,0.82608696,4,0.13
2553,0.82608696,5,0.13
2554,0.82608696,6,0.13
2555,0.82608696,7,0.13
2556,0.82608696,8,0.13
2557,0.82608696,9,0.13
2558,0.82608696,10,0.13
2559,0.82608696,11,0.13
2560,0.82608696,12,0.13
2561,0.82608696,13,0.13
2562,0.82608696,14,0.13
2563,0.82608696,15,0.13
2564,0.82608696,16,0.13
2565,0.82608696,17,0.13
2566,0.82608696,18,0.13
2567,0.82608696,19,0.13
2568,0.82608696,20,0.13
2569,0.82608696,21,0.13
2570,0.82608696,22,0.13
2571,0.82608696,23,0.13
2572,0.82608696,24,0.13
2573,0.82608696,25,0.13
2574,0.82608696,26,0.13
2575,0.82608696,27,0.13
2576,0.82608696,28,0.13
2577,0.82608696,29,0.13
2578,0.82608696,30,0.13
2579,0.82608696,31,0.13
2580,0.82608696,32,0.13
2581,0.82608696,33,0.13
2582,0.82608696,34,0.13
2583,0.82608696,35,0.13
2584,0.82608696,36,0.13
2585,0.82608696,37,0.13
2586,0.82608696,38,0.13
2587,0.82608696,39,0.13
2588,0.82608696,40,0.13
2589,0.82608696,41,0.13
2590,0.82608696,42,0.13
2591,0.82608696,43,0.13
2592,0.82608696,44,0.13
2593,0.82608696,45,0.13
2594,0.82608696,46,0.13
2595,0.82608696,47,0.13
2596,0.82608696,48,0.13
2597,0.82608696,49,0.13
2598,0.82608696,50,0.13
2599,0.82608696,51,0.13
2600,0.82608696,52,0.13
2601,0.82608696,53,0.13
2602,0.82608696,54,0.13
2603,0.82608696,55,0.13
2604,0.82608696,56,0.13
2605,0.82608696,57,0.13
2606,0.82608696,58,0.13
2607,0.82608696,59,0.13
2608,0.82608696,60,0.13
2609,0.82608696,61,0.13
2610,0.82608696,62,0.13
2611,0.82608696,63,0.13
2612,0.82608696,64,0.13
2613,0.82608696,65,0.13
2614,0.82608696,66,0.13
2615,0.82608696,67,0.13
2616,0.82608696,68,0.13
2617,0.82608696,69,0.13
2618,0.86956522,70,0.13
2619,0.86956522,71,0.13
2620,0.86956522,72,0.13
2621,0.86956522,73,0.13
2622,0.86956522,74,0.13
2623,0.86956522,75,0.13
2624,0.86956522,76,0.13
2625,0.86956522,77,0.13
2626,0.86956522,78,0.13
2627,0.86956522,79,0.13
2628,0.86956522,80,0.13
2629,0.86956522,81,0.13
2630,0.86956522,82,0.13
2631,0.86956522,83,0.13
2632,0.86956522,84,0.13
2633,0.86956522,85,0.13
2634,0.86956522,86,0.13
2635,0.86956522,87,0.13
2636,0.86956522,88,0.13
2637,0.86956522,89,0.13
2638,0.86956522,90,0.13
2639,0.86956522,0,0.14
2640,0.86956522,1,0.14
2641,0.86956522,2,0.14
2642,0.86956522,3,0.14
2643,0.86956522,4,0.14
2644,0.86956522,5,0.14
2645,0.86956522,6,0.14
2646,0.86956522,7,0.14
2647,0.86956522,8,0.14
2648,0.86956522,9,0.14
2649,0.86956522,10,0.14
2650,0.86956522,11,0.14
2651,0.86956522,12,0.14
2652,0.86956522,13,0.14
2653,0.86956522,14,0.14
2654,0.86956522,15,0.14
2655,0.86956522,16,0.14
2656,0.86956522,17,0.14
2657,0.86956522,18,0.14
2658,0.86956522,19,0.14
2659,0.86956522,20,0.14
2660,0.86956522,21,0.14
2661,0.86956522,22,0.14
2662,0.86956522,23,0.14
2663,0.86956522,24,0.14
2664,0.86956522,25,0.14
2665,0.86956522,26,0.14
2666,0.86956522,27,0.14
2667,0.86956522,28,0.14
2668,0.86956522,29,0.14
2669,0.86956522,30,0.14
2670,0.86956522,31,0.14
2671,0.86956522,32,0.14
2672,0.86956522,33,0.14
2673,0.86956522,34,0.14
2674,0.86956522,35,0.14
2675,0.86956522,36,0.14
2676,0.86956522,37,0.14
2677,0.86956522,38,0.14
2678,0.86956522,39,0.14
2679,0.91304348,40,0.14
2680,0.91304348,41,0.14
2681,0.91304348,42,0.14
2682,0.91304348,43,0.14
2683,0.91304348,44,0.14
2684,0.91304348,45,0.14
2685,0.91304348,46,0.14
2686,0.91304348,47,0.14
2687,0.91304348,48,0.14
2688,0.91304348,49,0.14
2689,0.91304348,50,0.14
2690,0.91304348,51,0.14
2691,0.91304348,52,0.14
2692,0.91304348,53,0.14
2693,0.91304348,54,0.14
2694,0.91304348,55,0.14
2695,0.91304348,56,0.14
2696,0.91304348,57,0.14
2697,0.91304348,58,0.14
2698,0.91304348,59,0.14
2699,0.91304348,60,0.14
2700,0.91304348,61,0.14
2701,0.91304348,62,0.14
2702,0.91304348,63,0.14
2703,0.91304348,64,0.14
2704,0.91304348,65,0.14
2705,0.91304348,66,0.14
2706,0.91304348,67,0.14
2707,0.91304348,68,0.14
2708,0.91304348,69,0.14
2709,0.91304348,70,0.14
2710,0.91304348,71,0.14
2711,0.91304348,72,0.14
2712,0.91304348,73,0.14
2713,0.91304348,74,0.14
2714,0.91304348,75,0.14
2715,0.91304348,76,0.14
2716,0.91304348,77,0.14
2717,0.91304348,78,0.14
2718,0.91304348,79,0.14
2719,0.91304348,80,0.14
2720,0.91304348,81,0.14
2721,0.91304348,82,0.14
2722,0.91304348,83,0.14
2723,0.91304348,84,0.14
2724,0.91304348,85,0.14
2725,0.91304348,86,0.14
2726,0.91304348,87,0.14
2727,0.95652174,88,0.14
2728,0.95652174,89,0.14
2729,0.95652174,90,0.14
2730,0.95652174,0,0.15
2731,0.95652174,1,0.15
2732,0.95652174,2,0.15
2733,0.95652174,3,0.15
2734,0.95652174,4,0.15
2735,0.95652174,5,0.15
2736,0.95652174,6,0.15
2737,0.95652174,7,0.15
2738,0.95652174,8,0.15
2739,0.95652174,9,0.15
2740,0.95652174,10,0.15
2741,0.95652174,11,0.15
2742,0.95652174,12,0.15
2743,0.95652174,13,0.15
2744,0.95652174,14,0.15
2745,0.95652174,15,0.15
2746,0.95652174,16,0.15
2747,0.95652174,17,0.15
2748,0.95652174,18,0.15
2749,0.95652174,19,0.15
2750,0.95652174,20,0.15
2751,0.95652174,21,0.15
2752,0.95652174,22,0.15
2753,0.95652174,23,0.15
2754,0.95652174,24,0.15
2755,0.95652174,25,0.15
2756,0.95652174,26,0.15
2757,0.95652174,27,0.15
2758,0.95652174,28,0.15
2759,0.95652174,29,0.15
2760,0.95652174,30,0.15
2761,0.95652174,31,0.15
2762,0.95652174,32,0.15
2763,0.95652174,33,0.15
2764,0.95652174,34,0.15
2765,0.95652174,35,0.15
2766,0.95652174,36,0.15
2767,0.95652174,37,0.15
2768,0.95652174,38,0.15
2769,0.95652174,39,0.15
2770,0.95652174,40,0.15
2771,0.95652174,41,0.15
2772,0.95652174,42,0.15
2773,0.95652174,43,0.15
2774,0.95652174,44,0.15
2775,0.95652174,45,0.15
2776,0.95652174,46,0.15
2777,0.95652174,47,0.15
2778,0.95652174,48,0.15
2779,0.95652174,49,0.15
2780,0.95652174,50,0.15
2781,0.95652174,51,0.15
2782,0.95652174,52,0.15
2783,0.95652174,53,0.15
2784,0.95652174,54,0.15
2785,0.95652174,55,0.15
2786,0.95652174,56,0.15
2787,0.95652174,57,0.15
2788,0.95652174,58,0.15
2789,0.95652174,59,0.15
2790,0.95652174,60,0.15
2791,0.95652174,61,0.15
2792,0.95652174,62,0.15
2793,0.95652174,63,0.15
2794,0.95652174,64,0.15
2795,1,65,0.15
2796,1,66,0.15
2797,1,67,0.15
2798,1,68,0.15
2799,1,69,0.15
2800,1,70,0.15
2801,1,71,0.15
2802,1,72,0.15
2803,1,73,0.15
2804,1,74,0.15
2805,1,75,0.15
2806,1,76,0.15
2807,1,77,0.15
2808,1,78,0.15
2809,1,79,0.15
2810,1,80,0.15
2811,1,81,0.15
2812,1,82,0.15
2813,1,83,0.15
2814,1,84,0.15
2815,1,85,0.15
2816,1,86,0.15
2817,1,87,0.15
2818,1,88,0.15
2819,1,89,0.15
2820,1,90,0.15
